{"type":"FeatureCollection","features":[{"type":"Feature","properties":{"cut":14101,"comuna":"VALDIVIA"},"geometry":{"type":"MultiPolygon","coordinates":[[[[-73.26421550799995,-39.852047299999924],[-73.26234601399995,-39.85388271499994],[-73.26330084199992,-39.85450676599993],[-73.26200257087028,-39.85730860784075],[-73.26232710499994,-39.854474791999905],[-73.2613685469999,-39.85345697099996],[-73.26444237599992,-39.85109384099991],[-73.26418312999994,-39.841475061999915],[-73.26602161499994,-39.84168509199992],[-73.26675146399992,-39.84337731799991],[-73.2677219169999,-39.841274089999956],[-73.25183477099995,-39.83121962699994],[-73.25193678599993,-39.82686408399991],[-73.25051930199993,-39.824511281999946],[-73.25123201399992,-39.82382588099995],[-73.24872366599993,-39.81358723299991],[-73.24536622099993,-39.80904102199992],[-73.23761079799993,-39.81217275499995],[-73.23015129799995,-39.81801361299995],[-73.22649782399992,-39.823053828999946],[-73.2206015189999,-39.82350561299995],[-73.21516925399993,-39.82140587099991],[-73.21047914999991,-39.81591609599991],[-73.20962372499991,-39.808351081999945],[-73.2111732109999,-39.801675486999955],[-73.20993234199995,-39.79682311999994],[-73.20463760899992,-39.79205131899994],[-73.19284706199994,-39.785449928999924],[-73.18804879699991,-39.78535869099994],[-73.18306040699991,-39.78776273799991],[-73.17660877299994,-39.79248626499992],[-73.1694370319999,-39.801334579999946],[-73.16295635699993,-39.805570092999915],[-73.15239916799993,-39.806870929999945],[-73.14480187499993,-39.80478565799996],[-73.13689769599995,-39.80045616499996],[-73.12546767499992,-39.788722176999954],[-73.12625772799993,-39.787365533999946],[-73.12816204199993,-39.790108060999955],[-73.14566047399995,-39.80263716699994],[-73.15184009799992,-39.80441150799993],[-73.15863210399993,-39.80442492499992],[-73.16297531499993,-39.80334960999994],[-73.16791376399993,-39.800004187999946],[-73.17403716099994,-39.79130965499991],[-73.1798191549999,-39.78588105999995],[-73.19041398299993,-39.782408206999946],[-73.21092103799992,-39.792982742999925],[-73.21388804799994,-39.79930714699992],[-73.21240168199995,-39.807693540999935],[-73.21454081899992,-39.81472031499993],[-73.21975409799995,-39.81924085499992],[-73.22690115099994,-39.81920023299995],[-73.23748401299991,-39.807884643999955],[-73.24563053999992,-39.805601201999934],[-73.24489131199994,-39.80395437499993],[-73.2463428499999,-39.80499915699994],[-73.24886616299995,-39.801850851999916],[-73.25568658499992,-39.79873213299993],[-73.2567100309999,-39.79061792099992],[-73.25956675899994,-39.78720643899993],[-73.2645437889999,-39.78436754199993],[-73.25787687399992,-39.78280756499993],[-73.24904080999994,-39.77461187799992],[-73.24848700199993,-39.76749961799993],[-73.24977513499994,-39.755387895999945],[-73.24861999299992,-39.756839000999946],[-73.24902346999994,-39.76098491099992],[-73.24763445799994,-39.758648526999934],[-73.24534352499995,-39.7577895469999],[-73.2445471609999,-39.756110762999924],[-73.24583387899992,-39.75548604799991],[-73.2426035339999,-39.753590242999906],[-73.24415613499991,-39.75349662399992],[-73.24636640499995,-39.75051189399994],[-73.24785853199995,-39.75078669599992],[-73.2494945389999,-39.74537870699993],[-73.24567354699991,-39.74277133999993],[-73.23872433199995,-39.742292188999954],[-73.23403042399991,-39.738044989999935],[-73.23494790299992,-39.73495970599993],[-73.23284437299992,-39.72976979799995],[-73.23660235199992,-39.731827051999915],[-73.23539704699994,-39.73327726899993],[-73.23586094299992,-39.7383656369999],[-73.24047869499992,-39.74136830799995],[-73.24340831699993,-39.740232454999955],[-73.2404660059999,-39.72526375499996],[-73.23632541799992,-39.725124327999936],[-73.2317865469999,-39.72978521899995],[-73.22557928999993,-39.731055409999954],[-73.2265961459999,-39.7345170559999],[-73.22373687699991,-39.73018484599993],[-73.21079338899995,-39.73107616199991],[-73.20526682799994,-39.73051783599993],[-73.1998169439999,-39.72760447699994],[-73.19727161999992,-39.72811904699995],[-73.19770338099994,-39.72576528899992],[-73.20069022899992,-39.727253137999924],[-73.19384588499992,-39.72277276099993],[-73.19261341999993,-39.723280624999916],[-73.1920818399999,-39.72174525199995],[-73.19156415099991,-39.7226651549999],[-73.19042576899994,-39.72194467799994],[-73.18771602399994,-39.72403762499994],[-73.18504809599995,-39.72864478199995],[-73.17636907199994,-39.72940065899991],[-73.16014255399995,-39.735784450999915],[-73.14816847599991,-39.73475162299991],[-73.14844564299995,-39.73766606399994],[-73.14714128199995,-39.73884799299992],[-73.13912509099993,-39.739818864999904],[-73.13786555099995,-39.73808238299995],[-73.13764123399994,-39.731920902999946],[-73.1386157259999,-39.73020674299994],[-73.1371910229999,-39.72651257599995],[-73.13509735499991,-39.726379848999954],[-73.1316528019999,-39.73168950899992],[-73.12862941799995,-39.73200567299995],[-73.1251593739999,-39.72937299799992],[-73.12302047899993,-39.72331517199996],[-73.12615225999991,-39.72981697699993],[-73.12660401399995,-39.7279458239999],[-73.1280979739999,-39.730758318999904],[-73.13038636899995,-39.731326758999955],[-73.13404277299992,-39.72792601899994],[-73.13381642699994,-39.72655746399994],[-73.13211135899991,-39.72899408899991],[-73.13188275399995,-39.72684618599993],[-73.1359210789999,-39.72495609099991],[-73.13798617499992,-39.72530907399994],[-73.13956670699991,-39.727059710999924],[-73.13898315499995,-39.7321361299999],[-73.14050060399995,-39.733119948999956],[-73.14049242999994,-39.73513340499994],[-73.14346263199991,-39.73606837999995],[-73.1464195019999,-39.73352996299991],[-73.15770799899991,-39.734335863999945],[-73.17213925699991,-39.730730570999924],[-73.17599892499993,-39.72808848199992],[-73.1820908919999,-39.728287673999944],[-73.18450051899993,-39.72616764399993],[-73.18441437799993,-39.72419774399992],[-73.18661471299993,-39.723628514999916],[-73.18992214799994,-39.72006737299995],[-73.18714437799991,-39.71760499399994],[-73.18755950199994,-39.719210646999954],[-73.18297333999993,-39.71781455799993],[-73.1829515789999,-39.714282529999934],[-73.17714117299994,-39.70974978599992],[-73.16887062399991,-39.70752491899992],[-73.16850909199991,-39.70573084799992],[-73.16416843299993,-39.705599210999935],[-73.1574037549999,-39.70067649899994],[-73.16143148399993,-39.699925013999916],[-73.16586606299995,-39.70114837299991],[-73.16252441799992,-39.699338688999944],[-73.15717189999992,-39.699938551999935],[-73.15019447399993,-39.70438632299994],[-73.1482398149999,-39.70761204899992],[-73.15065743399992,-39.709434451999925],[-73.14631135899992,-39.70919845099991],[-73.14624236799995,-39.70736393999994],[-73.14508962399992,-39.70709776599995],[-73.14801747799993,-39.70513092099992],[-73.1381091479999,-39.705936410999925],[-73.12862304999993,-39.708509190999905],[-73.1284190209999,-39.70610490599995],[-73.12273736199995,-39.70480589899995],[-73.12194091599991,-39.703180338999914],[-73.1251192599999,-39.705011070999944],[-73.12556042599994,-39.704252399999916],[-73.11587188499993,-39.701289120999945],[-73.10904083299994,-39.69346602499991],[-73.10630564099995,-39.692043002999924],[-73.10778738599993,-39.689508504999935],[-73.10384666199991,-39.68852074299991],[-73.1077676139999,-39.688391020999916],[-73.10267898699993,-39.68796560599992],[-73.10019175999992,-39.69151966299995],[-73.09900164899994,-39.69754545699993],[-73.08967481799993,-39.703152718999945],[-73.08131990499993,-39.71003433799996],[-73.0698769949999,-39.702887991999944],[-73.06340053899993,-39.70136064999991],[-73.05543937199991,-39.701863990999925],[-73.04212474099995,-39.695193659999916],[-73.03642076799991,-39.69438650099994],[-73.03270370899992,-39.69247975399992],[-73.02920137699994,-39.69338276299993],[-73.02274622599992,-39.69219376299992],[-73.02285050699993,-39.6960480969999],[-73.01945022899991,-39.69880102099995],[-73.02117554699993,-39.70548105899991],[-73.00313786699991,-39.75504224999992],[-73.00429027199993,-39.75742558499991],[-73.00219440899991,-39.75993484599991],[-73.00224440699992,-39.76598962699995],[-72.98961895899993,-39.77542193699992],[-72.98884453799991,-39.77818620599993],[-72.99392502299992,-39.776548943999956],[-73.00068766299995,-39.777431461999925],[-73.00017190699992,-39.778201862999936],[-73.00267130499992,-39.78039810599995],[-73.0215132159999,-39.78803211899992],[-73.02020881099992,-39.78984394699995],[-73.00789943599995,-39.783753744999956],[-73.00109577499995,-39.78484446199991],[-72.98617857599993,-39.78407448799993],[-72.98221053599991,-39.78459655499995],[-72.98058856599994,-39.790939359999925],[-72.97573513299994,-39.79219712299994],[-72.97275712299995,-39.79855959099996],[-72.97465459099993,-39.80128645399992],[-72.97683506999994,-39.80101369199991],[-72.97753570599991,-39.804805221999914],[-72.9757634739999,-39.81193652299993],[-72.97357163999993,-39.812285639999914],[-72.97754259599992,-39.81692254799992],[-72.97500680599995,-39.820824270999935],[-72.97550032299995,-39.82383740799992],[-72.96893053499991,-39.82988022199993],[-72.96554484599994,-39.8287172709999],[-72.9674169139999,-39.83276812699995],[-72.96566304499993,-39.83426440499994],[-72.9654946679999,-39.8365542489999],[-72.96313563299992,-39.83590923399993],[-72.96100523599995,-39.83936279299991],[-72.95953589599992,-39.83883694799994],[-72.95954030399992,-39.84019288299993],[-72.9575875999999,-39.84104139099992],[-72.95796382799995,-39.84286333299991],[-72.96009086099991,-39.84313500299993],[-72.9605112189999,-39.845097351999925],[-72.95709485499992,-39.84529397299991],[-72.9592973789999,-39.847877798999946],[-72.95625110299994,-39.849580904999925],[-72.9569856409999,-39.850602856999956],[-72.95542032599991,-39.85071941099994],[-72.9552155849999,-39.85225183499995],[-72.95711562199995,-39.85481685299993],[-72.95708659099995,-39.8568794009999],[-72.95852764499995,-39.857188563999955],[-72.95497383899993,-39.86137818299994],[-72.95606563899992,-39.863118149999934],[-72.95450397199994,-39.86531582799995],[-72.95105306999994,-39.86499363699994],[-72.94877534499994,-39.86657047399996],[-72.94996220299993,-39.869483343999946],[-72.95248696499993,-39.87146939099995],[-72.9521610509999,-39.87345911999995],[-72.95558564999993,-39.875911437999946],[-72.95386345999992,-39.87683600699995],[-72.95706226999994,-39.883036527999934],[-72.9563449609999,-39.885213060999945],[-72.95789527799991,-39.88720433099991],[-72.95794028099994,-39.89211500099992],[-72.96058852599992,-39.89342287099993],[-72.9578069989999,-39.897391891999916],[-72.96085171499993,-39.9005715909999],[-72.95936139399993,-39.90341921499993],[-72.95551610699994,-39.90574783399995],[-72.95154261599993,-39.90596596899991],[-72.95004882699993,-39.90459723299995],[-72.94328006499995,-39.90336022799994],[-72.94130569499993,-39.904181026999936],[-72.94014005999992,-39.9074846069999],[-72.93883468199994,-39.90764158099995],[-72.93826904999992,-39.91311794199993],[-72.93498444099993,-39.91935217999992],[-72.92431776899991,-39.92966148499994],[-72.9239535289999,-39.9401637869999],[-72.92953010799994,-39.93187179999995],[-72.9319538709999,-39.93158174599995],[-72.9353198579999,-39.928826486999924],[-72.94115852599992,-39.92818261399992],[-72.94245417199994,-39.9257507019999],[-72.94609373999992,-39.92619813299996],[-72.94799093199993,-39.92487139399992],[-72.95535349199992,-39.92610960499991],[-72.9566949199999,-39.927849454999944],[-72.95898635899994,-39.92784478599992],[-72.9598165619999,-39.92542699999996],[-72.9641187069999,-39.92390356699991],[-72.96735331299993,-39.92587923399992],[-72.97089064099993,-39.92469348199995],[-72.97435843399995,-39.925911784999926],[-72.97571588199992,-39.92377336099992],[-72.98429815199995,-39.9267247059999],[-72.98612759199995,-39.92504030799995],[-72.99647991199993,-39.93076471599994],[-73.00115677199994,-39.93049862399994],[-73.00164646799993,-39.93186741599993],[-73.00719072599992,-39.93306647199995],[-73.00748231699993,-39.93418408899993],[-73.00536061699995,-39.93553947399994],[-73.00771620099994,-39.93653493699992],[-73.00698839099994,-39.937594486999956],[-73.00863150899994,-39.938064167999926],[-73.00926349399992,-39.94189931599993],[-73.01956260599991,-39.94799913899993],[-73.02242040999994,-39.94803893199992],[-73.02695561099995,-39.95233241299991],[-73.0233737929999,-39.95623980699992],[-73.02370393399991,-39.95831748899991],[-73.02098651099993,-39.961437746999934],[-73.02018544499992,-39.96477988299995],[-73.00991953599993,-39.97099584199992],[-73.00407769599991,-39.971165630999906],[-73.00079856099995,-39.974627066999915],[-73.00677176599993,-39.97807155399994],[-73.0171236459999,-39.97600013899995],[-73.0226692139999,-39.97888694299991],[-73.03291172299993,-39.98075156199991],[-73.04015079299995,-39.98707124099991],[-73.04330301599992,-39.98750332299994],[-73.04687377899995,-39.98993381799994],[-73.05146460999993,-39.99455476599991],[-73.06480520299993,-39.99634339399995],[-73.0621788759999,-40.00841271099995],[-73.0674867749999,-40.01087521699992],[-73.0674807929999,-40.01697863499993],[-73.07358522599992,-40.02697655999992],[-73.0780088429999,-40.028468938999936],[-73.08131224499994,-40.031703835999906],[-73.0847243959999,-40.03082788499995],[-73.09003548399994,-40.02594267499995],[-73.08949383999993,-40.02112749999992],[-73.08730855699991,-40.01858246199993],[-73.08847443099995,-40.016876501999946],[-73.09208989399991,-40.01674241199993],[-73.09450550999992,-40.018962323999915],[-73.09863691699991,-40.01916083599991],[-73.09976860799992,-40.022319007999954],[-73.1045059029999,-40.02185608499991],[-73.1067435889999,-40.02322149199995],[-73.1065784239999,-40.02029540199993],[-73.10164135999992,-40.01888128399992],[-73.10039333999993,-40.015770769999904],[-73.10846223999994,-40.01336678799993],[-73.11272707899991,-40.014612008999904],[-73.1159241659999,-40.011925333999955],[-73.11720453499993,-40.012603800999955],[-73.12051913199991,-40.01080178199993],[-73.12973855699994,-40.01011315199992],[-73.13426712199993,-40.011253724999904],[-73.14551937399995,-40.008042521999926],[-73.1455150939999,-40.006102943999906],[-73.14194517899995,-40.005167172999904],[-73.13917341899992,-40.001760378999904],[-73.13863370399991,-39.995810442999925],[-73.14330991499992,-39.99625313799993],[-73.14801261899993,-39.99250639799993],[-73.15411482799993,-39.99165787699991],[-73.15685430999991,-39.98818815399994],[-73.15636403899993,-39.98627729799995],[-73.15929856899993,-39.98084562199995],[-73.16516115099995,-39.97315478899992],[-73.16471111399994,-39.97047104599994],[-73.16186240999991,-39.96896354799992],[-73.16193737899994,-39.96236458899995],[-73.15814859199992,-39.96128601399994],[-73.1529963349999,-39.9541338219999],[-73.15675587599992,-39.9488600169999],[-73.1584384969999,-39.94305041699994],[-73.1667184879999,-39.941543063999916],[-73.16513448099994,-39.94638815499991],[-73.16617850799992,-39.948265260999904],[-73.17480642999993,-39.948615297999936],[-73.17902826599993,-39.95068611499994],[-73.18797083899995,-39.95044010499993],[-73.19409349999995,-39.94930360199993],[-73.19990586699993,-39.944502523999915],[-73.20161431899993,-39.9376515159999],[-73.21048090399995,-39.94071262199992],[-73.21514808799992,-39.93762165499993],[-73.22186539499995,-39.93751648999995],[-73.22506030399995,-39.929116550999936],[-73.23183317999991,-39.92154426399992],[-73.23537153599995,-39.919138680999936],[-73.23825485499992,-39.919484343999954],[-73.24626683799994,-39.916871545999925],[-73.24464042999995,-39.913067578999915],[-73.24473777199995,-39.90810949599995],[-73.2502077339999,-39.900660494999954],[-73.2518960399999,-39.90019045799994],[-73.25023129899995,-39.895998585999905],[-73.25274994599994,-39.89204548799995],[-73.2513739229999,-39.89225898199993],[-73.25102116599993,-39.88965900599993],[-73.25444097499991,-39.88693570099991],[-73.25546642099994,-39.88780250699995],[-73.25683716499992,-39.88441763399993],[-73.25621318899994,-39.88089014499991],[-73.25925015699994,-39.87747172499991],[-73.25676802899994,-39.87802904499995],[-73.25913923799993,-39.87726284699994],[-73.25977655999992,-39.87570029999995],[-73.25724079199995,-39.87228825199992],[-73.25290678399995,-39.87216447299994],[-73.25488320599993,-39.87252307199992],[-73.24042018099993,-39.88025064399994],[-73.2348232029999,-39.88196291199995],[-73.22805751899995,-39.88190475999994],[-73.20692184399991,-39.892656625999905],[-73.2035538639999,-39.89250088299991],[-73.19742443199993,-39.88960389399995],[-73.1888853769999,-39.8906330019999],[-73.18061116399991,-39.88774664999994],[-73.16885862399994,-39.89488156099992],[-73.16731003176116,-39.89474181694943],[-73.16948940499992,-39.89419781799995],[-73.17464945599994,-39.88998631499993],[-73.17297629270968,-39.8899899958615],[-73.17505132299993,-39.888834964999944],[-73.16657149999992,-39.891363380999906],[-73.16475215499992,-39.89300579199994],[-73.16697825699993,-39.892640101999916],[-73.16520308699995,-39.89394086999994],[-73.16863756299995,-39.89395913699991],[-73.16608314599995,-39.894436783999936],[-73.16645407535049,-39.894664575947644],[-73.16341111499992,-39.894389980999904],[-73.16222244771781,-39.89917390968037],[-73.16097894899991,-39.899288430999945],[-73.16157024899991,-39.900468995999915],[-73.16215540948572,-39.8994437127834],[-73.16193837999992,-39.900317172999905],[-73.16400225099994,-39.902340893999906],[-73.16510464799995,-39.90807013199992],[-73.16188619899992,-39.91047412899991],[-73.15523493599994,-39.91125587199991],[-73.1486233409999,-39.91381716099994],[-73.1462803199999,-39.91783831299995],[-73.14218033899994,-39.92094387299994],[-73.14073217499993,-39.924249506999956],[-73.14143511999993,-39.921134630999916],[-73.1450562899999,-39.91845837799991],[-73.14693417799992,-39.91436224899991],[-73.15376419499995,-39.91129552099994],[-73.15005537799993,-39.90937601399992],[-73.15461243699991,-39.91104776299994],[-73.1598256449999,-39.90829276499994],[-73.15943307299995,-39.906597322999914],[-73.15934906099994,-39.90801492499992],[-73.15745260799991,-39.90825507099993],[-73.1520073879999,-39.90679901099992],[-73.1505283379999,-39.90524837999993],[-73.15097369999995,-39.90410231799996],[-73.1519250529999,-39.904721098999914],[-73.15209835399992,-39.90254365599992],[-73.14975521399992,-39.903141424999944],[-73.14883916499991,-39.90208174399993],[-73.14967524999992,-39.90097796099991],[-73.15008293599993,-39.902101597999945],[-73.15231545199993,-39.902191255999924],[-73.15608018699993,-39.90187731899994],[-73.1572445729999,-39.90054896899994],[-73.15683560399992,-39.8986235239999],[-73.15402645199993,-39.9011194009999],[-73.1554573539999,-39.89931332499992],[-73.15393595899991,-39.89934316299991],[-73.1561981289999,-39.897478237999906],[-73.15470043399995,-39.89488230299992],[-73.1568457859999,-39.893087575999914],[-73.15495408699991,-39.8931655959999],[-73.1522904979999,-39.896262856999954],[-73.15331610399994,-39.89411250299992],[-73.15084667799994,-39.89512270599994],[-73.1486173099999,-39.89405558099992],[-73.15109691399994,-39.89350955799995],[-73.15001430399991,-39.89437968699991],[-73.15139313299994,-39.894509790999905],[-73.15329644299993,-39.891413954999905],[-73.14812830099993,-39.88970987599993],[-73.15409718699993,-39.89058435299995],[-73.1553541429999,-39.886397091999925],[-73.15371031899991,-39.88656011799992],[-73.1603601299999,-39.87855308099995],[-73.16165876299993,-39.87858268799994],[-73.1591202159999,-39.88154696399994],[-73.16592790599992,-39.879749413999946],[-73.16183711799994,-39.88000445699993],[-73.1646418659999,-39.87927410099991],[-73.16301656299993,-39.87754563099992],[-73.16613388999991,-39.877833720999945],[-73.1657454509999,-39.87614736699993],[-73.16220194999994,-39.87619486199992],[-73.16467327999993,-39.873436659999925],[-73.16822769099991,-39.87588480099993],[-73.16944714499994,-39.874822959999904],[-73.16887680099995,-39.87241751399995],[-73.17105037699991,-39.87210496599994],[-73.1694726209999,-39.87271071099991],[-73.16965764899993,-39.87564611699992],[-73.17070943499994,-39.875640192999924],[-73.17192649599991,-39.87931710999993],[-73.17393275599994,-39.87950638499996],[-73.17530224799992,-39.88386585799992],[-73.1780265729999,-39.885566386999926],[-73.1859963199999,-39.88626343499993],[-73.18527588599994,-39.883094446999905],[-73.18201738099992,-39.88052984199993],[-73.18351213599993,-39.87722888299993],[-73.18617416399991,-39.876576848999946],[-73.18354782099993,-39.87762134099995],[-73.18225241599993,-39.88040289399993],[-73.18546893399991,-39.88281367999991],[-73.18645646499994,-39.88641477999994],[-73.19295132799994,-39.88652970299995],[-73.20533130599995,-39.89116802399991],[-73.21355765399994,-39.88779049599992],[-73.21793576599993,-39.88452446799994],[-73.2240122849999,-39.883144698999956],[-73.22835702799995,-39.88000839299991],[-73.2390214049999,-39.87916181499992],[-73.25173902599994,-39.871070266999936],[-73.25084069799993,-39.87018732699994],[-73.24907878599993,-39.87113823899995],[-73.25235686899993,-39.868782221999936],[-73.25643750299992,-39.86822652099994],[-73.26237865699994,-39.87000943699991],[-73.2636431549999,-39.87199690199992],[-73.26467656199992,-39.870282593999946],[-73.26289239199991,-39.86986397699991],[-73.26658159199991,-39.8695588139999],[-73.26705526299992,-39.868565865999926],[-73.26165353999994,-39.86035632799991],[-73.2617930351178,-39.859138263585145],[-73.2627577049999,-39.861981957999944],[-73.26371414099992,-39.862497068999915],[-73.26356796599993,-39.86153435499995],[-73.2649362539999,-39.86367291699992],[-73.2636330279999,-39.85746526999992],[-73.26567977899992,-39.85276906999991],[-73.26421550799995,-39.852047299999924]],[[-73.17239249388287,-39.890314957701854],[-73.17046620299993,-39.892816818999904],[-73.1699045499999,-39.891699829999936],[-73.17239249388287,-39.890314957701854]]],[[[-73.13863203999995,-39.72953538399992],[-73.13911855999993,-39.72721018999994],[-73.1371586489999,-39.725521027999946],[-73.13888350399992,-39.72743615899992],[-73.13863203999995,-39.72953538399992]]],[[[-73.13954342799991,-39.73687501599994],[-73.14075578299992,-39.73917380699993],[-73.14314409299993,-39.738072365999926],[-73.14218949999992,-39.73673721999995],[-73.13954342799991,-39.73687501599994]]],[[[-73.15289756999994,-39.902511346999916],[-73.15241272999992,-39.90534599599994],[-73.15402910999995,-39.90575913799995],[-73.15465008399991,-39.903052775999925],[-73.1536650139999,-39.90377133499993],[-73.1540787699999,-39.9026292609999],[-73.15289756999994,-39.902511346999916]]],[[[-73.15789381499991,-39.89353216699993],[-73.15554936199993,-39.895337258999916],[-73.15716944499991,-39.89677745599994],[-73.15789381499991,-39.89353216699993]]],[[[-73.15599686599995,-39.90337601199991],[-73.1566852709999,-39.90540500199995],[-73.1587242519999,-39.9064193989999],[-73.15814018999993,-39.902211870999906],[-73.15775579199993,-39.903570644999945],[-73.15721671199992,-39.902107103999924],[-73.15599686599995,-39.90337601199991]]],[[[-73.15638882399992,-39.88796312099993],[-73.15793422799993,-39.888037234999956],[-73.15726760799993,-39.8869185179999],[-73.15638882399992,-39.88796312099993]]],[[[-73.15833021599991,-39.89779140999991],[-73.1597788119999,-39.897147736999955],[-73.1598338629999,-39.895090023999956],[-73.15833021599991,-39.89779140999991]]],[[[-73.1587854309999,-39.90077615599995],[-73.16018376199992,-39.89963617899991],[-73.15974141299995,-39.897944450999944],[-73.1587854309999,-39.90077615599995]]],[[[-73.16063458199994,-39.88482780599992],[-73.15882612299993,-39.88650182999993],[-73.16020118199992,-39.88829845899994],[-73.16508053699994,-39.88633971699994],[-73.16063458199994,-39.88482780599992]]],[[[-73.15977954099992,-39.90638209999992],[-73.16045854499993,-39.90540637799995],[-73.15909065099993,-39.90341166699994],[-73.15977954099992,-39.90638209999992]]],[[[-73.16074545599992,-39.89090623199991],[-73.1592494109999,-39.89248161099994],[-73.16059484499993,-39.89178223399995],[-73.16009983599992,-39.89345458299994],[-73.1620637019999,-39.89209832599994],[-73.16074545599992,-39.89090623199991]]],[[[-73.16487131699995,-39.88955267199992],[-73.16066151899992,-39.889616592999914],[-73.16340311199991,-39.890637547999916],[-73.16487131699995,-39.88955267199992]]],[[[-73.16083946899994,-39.89879071599995],[-73.16241200799993,-39.89326152099994],[-73.1607942409999,-39.89547914299993],[-73.16083946899994,-39.89879071599995]]],[[[-73.16554637699994,-39.8798875249999],[-73.16113724999991,-39.88223663899993],[-73.1636643139999,-39.88375419199991],[-73.16174348699991,-39.88443998099996],[-73.16872118099991,-39.88557293999992],[-73.16726167899992,-39.88345524999994],[-73.16497364199995,-39.882810941999935],[-73.16980148899995,-39.88392330399995],[-73.1668856579999,-39.88130062199991],[-73.16220964599995,-39.88203742299993],[-73.16422021099993,-39.880889073999924],[-73.16773566599994,-39.88132757099993],[-73.16554637699994,-39.8798875249999]]],[[[-73.16639050986846,-39.88755942101841],[-73.16288343199994,-39.888665320999905],[-73.16678688799993,-39.887916283999914],[-73.16639050986846,-39.88755942101841]]],[[[-73.16298012699991,-39.89295520399992],[-73.17400775499993,-39.88766986599995],[-73.16893506399992,-39.88797275299993],[-73.16298012699991,-39.89295520399992]]],[[[-73.16998030699995,-39.877583676999905],[-73.16720059199992,-39.877900136999926],[-73.16645456999993,-39.87687931599993],[-73.16642290399994,-39.87806802499995],[-73.16998030699995,-39.877583676999905]]],[[[-73.17228313699991,-39.880363290999924],[-73.17301881799995,-39.882879432999914],[-73.1727772669999,-39.88592072299991],[-73.17378925799994,-39.88516187899995],[-73.17228313699991,-39.880363290999924]]],[[[-73.17345048399994,-39.881458281999926],[-73.17482037999991,-39.885885334999955],[-73.1773219399999,-39.885622880999904],[-73.1745803899999,-39.8844896409999],[-73.17345048399994,-39.881458281999926]]],[[[-73.21180963099994,-39.71302793199993],[-73.20701753857351,-39.71361852828722],[-73.20753343799993,-39.71308810599993],[-73.2036915459999,-39.710852934999934],[-73.20679027699993,-39.71168917399996],[-73.20970668899992,-39.71027466599992],[-73.20781992399992,-39.70435787999992],[-73.20552212599995,-39.70390794499991],[-73.19817415199992,-39.70501939999991],[-73.19700278399995,-39.707366186999934],[-73.20195831799992,-39.712911780999946],[-73.20638576951933,-39.71369638998617],[-73.20541041099995,-39.71381659699995],[-73.20726825603893,-39.71486264262637],[-73.20896125099995,-39.714740853999956],[-73.21242572499995,-39.71610513399992],[-73.21094287199992,-39.71378488199991],[-73.21180963099994,-39.71302793199993]]],[[[-73.3187786869999,-39.63700904299992],[-73.31426347999991,-39.64422787399991],[-73.29275230899992,-39.64894547699993],[-73.29044071899995,-39.648534800999926],[-73.28605726299992,-39.64312430599995],[-73.2811028399999,-39.64158846799995],[-73.27648468899991,-39.6456554209999],[-73.27083056899994,-39.64672459099995],[-73.26787402899993,-39.649671706999925],[-73.26555545699995,-39.6474567809999],[-73.26268134799994,-39.64718857699995],[-73.25196631799992,-39.65145146799995],[-73.24792450799993,-39.65152569499992],[-73.24457267299994,-39.64957856099994],[-73.23632159999994,-39.651336526999955],[-73.23589416699991,-39.6530778849999],[-73.2331824819999,-39.65363578999995],[-73.23171860899993,-39.65610914799993],[-73.22934934099993,-39.65671722399992],[-73.23013784799991,-39.65881945599995],[-73.2264897689999,-39.661997768999925],[-73.22787672899995,-39.66400148199995],[-73.23173006499991,-39.662204268999915],[-73.23252199899991,-39.665063335999946],[-73.23550942599991,-39.66522589899995],[-73.23446195199995,-39.66639022299995],[-73.23545105399995,-39.66571603099993],[-73.23639830099995,-39.66665840399992],[-73.23138156399995,-39.667442501999915],[-73.22943699299992,-39.67052114599994],[-73.22595952099994,-39.672017697999934],[-73.22470458999993,-39.67643569499995],[-73.22161118499992,-39.67856864899994],[-73.21696787299993,-39.6779974019999],[-73.21075550599994,-39.68025780499994],[-73.20266036399994,-39.679538134999916],[-73.20001184099993,-39.680560218999915],[-73.19939090199995,-39.68308675499992],[-73.20134904499992,-39.68744165299995],[-73.20391939699994,-39.688292299999944],[-73.20505397099993,-39.69083249799991],[-73.20292687199992,-39.692502376999926],[-73.20367456199995,-39.693378856999914],[-73.20195664999994,-39.69368560999993],[-73.20049983399991,-39.69659561199995],[-73.1979251169999,-39.69806024799993],[-73.20060870099991,-39.69849378799995],[-73.2037046019999,-39.70138421799993],[-73.20622545799995,-39.701098859999945],[-73.20939004099995,-39.70264328799993],[-73.21695239499991,-39.715499053999906],[-73.22038617599992,-39.716731989999914],[-73.22202848899991,-39.71938791499991],[-73.2271051749999,-39.72017281299992],[-73.22916211199993,-39.71857800999993],[-73.23001371399994,-39.719834302999914],[-73.2308673039999,-39.7192166559999],[-73.22937068599992,-39.71840550799993],[-73.23831548699991,-39.71541083299991],[-73.23999405399991,-39.712192891999905],[-73.23678372499995,-39.703954565999936],[-73.2333727159999,-39.704042348999906],[-73.2331110579999,-39.70275451799995],[-73.23480379599994,-39.701208117999954],[-73.23156505899993,-39.69812263099993],[-73.2371977759999,-39.699257908999925],[-73.24010238799991,-39.697229800999935],[-73.23856494299991,-39.69491356899994],[-73.23906180599994,-39.69363274999995],[-73.23728908099991,-39.692547230999935],[-73.23777964999994,-39.6915140829999],[-73.2448315339999,-39.69202634499993],[-73.24585163699993,-39.69422656599994],[-73.2429047789999,-39.694339664999916],[-73.24214279699993,-39.69670663399995],[-73.2439425309999,-39.696733872999914],[-73.24114784099993,-39.69799793799996],[-73.24130906199991,-39.69965812499993],[-73.2393369799999,-39.701074251999955],[-73.23949118099995,-39.7030091229999],[-73.24086909099992,-39.70360661899991],[-73.23774363399991,-39.70473494799995],[-73.24009209699994,-39.707446390999905],[-73.24259549399994,-39.70742125299995],[-73.24037225599994,-39.708901161999904],[-73.24112014299993,-39.71335416399995],[-73.23850113499992,-39.71702634199994],[-73.24004916599995,-39.716707466999935],[-73.24121199099994,-39.71909457999993],[-73.24604307899995,-39.72287507699991],[-73.24931449299993,-39.72295149599995],[-73.2534473469999,-39.7207929299999],[-73.25508051299994,-39.72429965099991],[-73.25359942099993,-39.729561417999946],[-73.25257813699994,-39.72963163599991],[-73.26185849599995,-39.737392987999954],[-73.27359137999991,-39.736901417999945],[-73.27424919299995,-39.73634811099993],[-73.27297759999993,-39.735135441999944],[-73.27393958599993,-39.73449206299995],[-73.27152323299993,-39.73242446699993],[-73.27373313699991,-39.73233122599993],[-73.27472679599992,-39.73038644299993],[-73.27642705699992,-39.730929749999916],[-73.27675684899992,-39.72978143499995],[-73.27842414399993,-39.73053594599992],[-73.2802604819999,-39.72889191299993],[-73.28438312999992,-39.73176838899991],[-73.28311797599991,-39.73520030699996],[-73.28503665799991,-39.73829639899992],[-73.28394011099994,-39.7388973379999],[-73.28431814299995,-39.740182270999924],[-73.28123588499994,-39.73965015199991],[-73.28213552999995,-39.73872648799994],[-73.2783264919999,-39.737215015999936],[-73.27841938699993,-39.73568027999994],[-73.27515769899992,-39.737294095999914],[-73.27491979699994,-39.73914200299993],[-73.27319687199991,-39.737337011999955],[-73.27349227899992,-39.739206364999916],[-73.27156187799994,-39.737474843999905],[-73.26798709199994,-39.74010636399993],[-73.26785490399993,-39.738802525999915],[-73.26551857599992,-39.73904241999992],[-73.26902961399992,-39.743360813999914],[-73.26757382599993,-39.74399677999992],[-73.26902537199993,-39.744608558999914],[-73.26795527299993,-39.74574580099994],[-73.26992883999992,-39.745757220999906],[-73.26886620199991,-39.74822797899992],[-73.27024795099993,-39.748892757999954],[-73.26885143399994,-39.74881787699991],[-73.2714389599999,-39.74951413699995],[-73.27225048299994,-39.7483324719999],[-73.27230835499995,-39.74931536199995],[-73.27016700599995,-39.751603390999946],[-73.26460601399992,-39.75355198799991],[-73.26391903699994,-39.75197407199994],[-73.2645518349999,-39.7507987969999],[-73.2651607759999,-39.752753938999945],[-73.26572401099992,-39.75054153399992],[-73.26428481999994,-39.749956926999914],[-73.26006465099994,-39.76022302699994],[-73.25903064499994,-39.76805020499995],[-73.26070559999994,-39.77015199199991],[-73.25925361499992,-39.76846798299994],[-73.25879911399994,-39.770172948999914],[-73.25781832299992,-39.76826625299992],[-73.25816919999994,-39.77067252599994],[-73.25991702199991,-39.77043297299991],[-73.25964960899995,-39.77125782699994],[-73.26223390199993,-39.77211191199996],[-73.26644058399995,-39.77772913199993],[-73.27131767599991,-39.78014884699991],[-73.27604560399993,-39.785809522999955],[-73.28010818699994,-39.79892892099991],[-73.27884870399993,-39.81922184199993],[-73.27609913599991,-39.822327980999944],[-73.27037454299995,-39.825465762999954],[-73.2684982529999,-39.82512004699993],[-73.26555254699991,-39.82956992599992],[-73.26821359999991,-39.837957538999945],[-73.27116103799995,-39.84204086299991],[-73.27717597799995,-39.844716243999926],[-73.28140505599993,-39.84254461099994],[-73.2835139789999,-39.843851438999934],[-73.28595740199995,-39.843454039999926],[-73.28866828199995,-39.84578681399995],[-73.29127655699995,-39.843540867999934],[-73.29325214499994,-39.84344455899992],[-73.29576023599992,-39.84685543199993],[-73.29805130799991,-39.847645858999954],[-73.29758870899991,-39.848747215999936],[-73.29883038199995,-39.848549212999956],[-73.29346943699994,-39.851601187999904],[-73.3069593219999,-39.8472852349999],[-73.3144643569999,-39.84762429099993],[-73.3195753469999,-39.849739073999956],[-73.32429310399993,-39.85448768599991],[-73.32843973199994,-39.855790816999956],[-73.33313588899995,-39.855043064999904],[-73.33462243499991,-39.85725819599992],[-73.34570544099995,-39.861660223999934],[-73.35042931399994,-39.86287620699994],[-73.35197595999995,-39.86178554299994],[-73.35492755699994,-39.86305272199991],[-73.36359003899992,-39.86316627299993],[-73.37018166199994,-39.86535377599995],[-73.37995852599994,-39.87032429299995],[-73.38641100099994,-39.87620825499994],[-73.39291782999993,-39.87492821299992],[-73.39864142699992,-39.875687601999914],[-73.40032913599993,-39.87482797899992],[-73.40036378299993,-39.87138687799995],[-73.40267564099992,-39.87111693199995],[-73.40325081099991,-39.869476137999925],[-73.39619558999993,-39.8637253949999],[-73.39396791699994,-39.86077102199994],[-73.39459744699991,-39.859968893999906],[-73.39208253299995,-39.85802856799995],[-73.39340880799995,-39.855452244999924],[-73.3918609559999,-39.84996209199994],[-73.39460316899994,-39.845238615999904],[-73.39656655499994,-39.8450270269999],[-73.40002879299993,-39.847746128999916],[-73.4057665549999,-39.84347359599991],[-73.40659612799993,-39.84146238199992],[-73.40302085299993,-39.839305004999915],[-73.40247199299995,-39.83563061299992],[-73.40379460799994,-39.833018068999934],[-73.4091417169999,-39.83193832299992],[-73.40772876199992,-39.829522425999926],[-73.40445142399994,-39.82818003199992],[-73.4044928479999,-39.82440114199994],[-73.40851994099995,-39.821379737999905],[-73.40226146099991,-39.81795570399993],[-73.39952046899992,-39.81420152599992],[-73.40030322099994,-39.81243745499995],[-73.39893403799994,-39.80964365299991],[-73.39910794299993,-39.80548368199993],[-73.40080384899994,-39.796317410999904],[-73.39637112799994,-39.79676976499991],[-73.39090691299992,-39.791207336999946],[-73.39102966899992,-39.78261849599994],[-73.39338555199993,-39.778979772999946],[-73.39169978899992,-39.776406729999906],[-73.39350955899994,-39.775436251999906],[-73.39173135099992,-39.77041134299992],[-73.39269947399993,-39.76596504799994],[-73.38967678199992,-39.763792389999935],[-73.38961437099994,-39.76117876399991],[-73.39170477199991,-39.74963501299993],[-73.39857947299993,-39.72682327599995],[-73.40247151099993,-39.720691830999954],[-73.40589985499992,-39.72060832699992],[-73.40494019999994,-39.7187436719999],[-73.41060956899992,-39.71918182499991],[-73.41164243399993,-39.71722736599992],[-73.4103585979999,-39.712646425999935],[-73.40738130299991,-39.711902865999946],[-73.40509397399995,-39.7087135939999],[-73.40661954899991,-39.70628843599991],[-73.40504747299991,-39.70563617399995],[-73.40547397099994,-39.70291211999995],[-73.4033798829999,-39.700716523999915],[-73.40440891499992,-39.697595323999906],[-73.40372336699994,-39.695617296999956],[-73.4050296499999,-39.6940630709999],[-73.40200806599995,-39.69195831399992],[-73.40233254799995,-39.690593315999934],[-73.39464968999994,-39.68992873499991],[-73.3894572879999,-39.69096500199993],[-73.38733795999991,-39.693210509999915],[-73.38259838999994,-39.69356802599992],[-73.38261688499995,-39.691433005999954],[-73.3805515329999,-39.69135916499994],[-73.38070718199992,-39.690000884999904],[-73.37641040499994,-39.68966607999994],[-73.37724751499991,-39.68818669299992],[-73.37584921199993,-39.68661748599993],[-73.36690145999995,-39.6859694069999],[-73.36983980299993,-39.68368622299994],[-73.37040813899995,-39.681180517999906],[-73.35309142799991,-39.67378253699991],[-73.35320564999995,-39.67222549399992],[-73.35081674399993,-39.670186946999934],[-73.35305444699992,-39.66429488099993],[-73.36326062799992,-39.66181739299992],[-73.36373226899991,-39.658810314999926],[-73.3618334969999,-39.65823395399991],[-73.3606791329999,-39.65553729299995],[-73.34011585499991,-39.65076287499994],[-73.33349706999991,-39.646068656999944],[-73.33075969899994,-39.642952549999904],[-73.3305730909999,-39.640445186999955],[-73.32539429299993,-39.63913179699995],[-73.32308189199995,-39.63720189999992],[-73.3187786869999,-39.63700904299992]]],[[[-73.21057379799993,-39.70845911999993],[-73.2130339979999,-39.71053315499995],[-73.2102806069999,-39.70544544599994],[-73.21057379799993,-39.70845911999993]]],[[[-73.2664115689999,-39.785229553999955],[-73.26271416399993,-39.785862023999925],[-73.25936804199995,-39.78826566299995],[-73.25664961699994,-39.79340360899994],[-73.25658701099991,-39.79861566299991],[-73.24915802499993,-39.80236779899991],[-73.2454333789999,-39.80649185599992],[-73.2504428659999,-39.81145841499995],[-73.2509214769999,-39.815494964999914],[-73.25517689199995,-39.82274254799995],[-73.2551234579999,-39.82100303499993],[-73.25609295599992,-39.82391456199991],[-73.26178972199995,-39.82783524999991],[-73.26274786499994,-39.82752049499993],[-73.2599960519999,-39.825132768999936],[-73.26136718399994,-39.82516648299992],[-73.26096860299992,-39.82260987899991],[-73.26212903508106,-39.82327367239819],[-73.26173998199994,-39.825191710999945],[-73.26451658699995,-39.8246748009999],[-73.26206544699994,-39.82186989499991],[-73.26194012299993,-39.8189194439999],[-73.27177241099992,-39.80511808099993],[-73.27104406699993,-39.804466661999925],[-73.27029860499994,-39.80590614599993],[-73.26925679999994,-39.79397094899991],[-73.26596815399995,-39.7888667709999],[-73.26816187999992,-39.78828149499992],[-73.26813576399991,-39.78705859899992],[-73.2664115689999,-39.785229553999955]]],[[[-73.25400252199995,-39.741532021999944],[-73.25248200899995,-39.745216515999914],[-73.25475008899991,-39.74569661399994],[-73.25159719599992,-39.74585186699994],[-73.24920717099991,-39.74889254999994],[-73.24893072099991,-39.750735309999925],[-73.25049630899991,-39.752403141999935],[-73.25162154499992,-39.75201467699992],[-73.25068907199994,-39.75060866899992],[-73.25259476199994,-39.75051124899994],[-73.2517340519999,-39.74949823999992],[-73.25295580599993,-39.74725076999994],[-73.25502207599993,-39.74792603299994],[-73.25593570599995,-39.74551172699995],[-73.25387631799993,-39.74456630099991],[-73.25400252199995,-39.741532021999944]]],[[[-73.2522746219999,-39.722957022999935],[-73.24954775999993,-39.72644769199991],[-73.25236028299992,-39.72939584499994],[-73.25348814699993,-39.72453460599991],[-73.2522746219999,-39.722957022999935]]],[[[-73.25267936099993,-39.87088639199993],[-73.25647011199993,-39.86999732599992],[-73.25283069099993,-39.86937496399992],[-73.25186840899994,-39.870090209999944],[-73.25267936099993,-39.87088639199993]]],[[[-73.26272552599994,-39.8360014669999],[-73.25339803899993,-39.82703089899991],[-73.25230348699995,-39.82976727899995],[-73.25304111999992,-39.83131392899992],[-73.26272552599994,-39.8360014669999]]],[[[-73.2527685689999,-39.89174395899994],[-73.25446420799994,-39.88910276999991],[-73.25285181099991,-39.88979021299991],[-73.2527685689999,-39.89174395899994]]],[[[-73.25526623799993,-39.89315998299992],[-73.25394256399994,-39.89666716399995],[-73.25604667399995,-39.894410491999906],[-73.25526623799993,-39.89315998299992]]],[[[-73.26679849999994,-39.886048986999924],[-73.26249173399992,-39.88599804099994],[-73.25979449899995,-39.89085861199993],[-73.25908358499993,-39.895640845999935],[-73.26319116499991,-39.89512135699994],[-73.26765685299995,-39.891003380999905],[-73.27030609299993,-39.88590766699991],[-73.26790884999991,-39.883142079999914],[-73.26679849999994,-39.886048986999924]]],[[[-73.26153201599993,-39.88326193799992],[-73.26047737399995,-39.88322002099994],[-73.25930425899992,-39.88683313599995],[-73.2627838649999,-39.882069885999954],[-73.26150034599993,-39.88192902299994],[-73.26153201599993,-39.88326193799992]]],[[[-73.2593745499999,-39.87960427899992],[-73.26154807099994,-39.880763041999955],[-73.2604581839999,-39.87883223199992],[-73.2593745499999,-39.87960427899992]]],[[[-73.26154531399993,-39.83094178099992],[-73.26198789299991,-39.830199388999915],[-73.2597036109999,-39.828928756999915],[-73.26154531399993,-39.83094178099992]]],[[[-73.26485741199991,-39.88287961499992],[-73.26354036999993,-39.885630857999956],[-73.26634184199992,-39.88314118399995],[-73.26378314499993,-39.87728292499992],[-73.26485741199991,-39.88287961499992]]],[[[-73.27453265460635,-39.87015137859876],[-73.27549402099993,-39.86940340399991],[-73.27304074499995,-39.86870831099992],[-73.27434341359414,-39.87001949605545],[-73.27227892399992,-39.86858074799994],[-73.26699065799994,-39.87061000299991],[-73.26483224299994,-39.87265886299991],[-73.26471035799995,-39.8735804879999],[-73.26643821099992,-39.87377300399993],[-73.2659244919999,-39.87617980299996],[-73.2723618309999,-39.880185910999955],[-73.27301454799994,-39.88635796099993],[-73.27919631199995,-39.88564354399995],[-73.28174024499992,-39.87842881899991],[-73.28013745399994,-39.87951319599995],[-73.28109703799993,-39.875797589999934],[-73.28003942799995,-39.873989062999954],[-73.27453265460635,-39.87015137859876]]],[[[-73.26591506499994,-39.88473394199991],[-73.26715658599994,-39.88471646599993],[-73.26656620799992,-39.88383824999994],[-73.26591506499994,-39.88473394199991]]],[[[-73.26758728699991,-39.86362447899995],[-73.26924807299991,-39.86409397999995],[-73.26605369399994,-39.86063930599994],[-73.26758728699991,-39.86362447899995]]],[[[-73.2691510969999,-39.85284102999992],[-73.2681423329999,-39.85598849799993],[-73.26872676099993,-39.85314353699994],[-73.2671385619999,-39.853836326999954],[-73.2671320039999,-39.85728288799993],[-73.2687887809999,-39.8586479999999],[-73.2710311479999,-39.85940699799994],[-73.27088708499991,-39.85512716899996],[-73.27256273599994,-39.858607202999906],[-73.2759233189999,-39.859670757999936],[-73.27182281099994,-39.85912322099995],[-73.27135205699994,-39.85998336799992],[-73.27700319599995,-39.85975888199994],[-73.27112719199994,-39.852018105999946],[-73.2691510969999,-39.85284102999992]]],[[[-73.2699175809999,-39.86262833599994],[-73.27067819299992,-39.86193281099992],[-73.26941778999992,-39.86153971199991],[-73.2699175809999,-39.86262833599994]]],[[[-73.28146442899993,-39.86491532699995],[-73.27758761199993,-39.86566413899993],[-73.28307644699993,-39.86834020899994],[-73.28551127199995,-39.866637442999945],[-73.28169041599995,-39.866986305999944],[-73.28146442899993,-39.86491532699995]]],[[[-73.28102353699995,-39.84309755299995],[-73.27776415599993,-39.845416970999906],[-73.2784288389999,-39.84816432799994],[-73.2851666979999,-39.85588426399994],[-73.28850630099993,-39.85600116899991],[-73.2878872199999,-39.85504154899991],[-73.28995926699992,-39.85330179299996],[-73.29287694499993,-39.852574482999955],[-73.29210238199994,-39.85154953099993],[-73.2898076539999,-39.85249322399994],[-73.29294846399995,-39.84968805099993],[-73.2929799819999,-39.84589563499992],[-73.28874209599991,-39.84760541999992],[-73.2860335979999,-39.8447391009999],[-73.28232844899992,-39.84455088999994],[-73.28102353699995,-39.84309755299995]]],[[[-73.28002848699992,-39.871150979999925],[-73.28287267899992,-39.87369770999993],[-73.2816094449999,-39.87102126199994],[-73.28002848699992,-39.871150979999925]]],[[[-73.28269884499991,-39.87627178699995],[-73.28351027399992,-39.87444591099995],[-73.28225022399994,-39.87471554799993],[-73.28269884499991,-39.87627178699995]]],[[[-73.28315731099991,-39.87734617399991],[-73.28419614899991,-39.878505727999936],[-73.28964773399991,-39.87387892399994],[-73.2856820099999,-39.87413118199993],[-73.28315731099991,-39.87734617399991]]],[[[-73.28664546199991,-39.86780739499994],[-73.28732440499994,-39.868596726999954],[-73.28805744199991,-39.86721111299994],[-73.28664546199991,-39.86780739499994]]],[[[-73.28706309199993,-39.85853850099994],[-73.29213307399993,-39.85944663899994],[-73.28966355299991,-39.8569732279999],[-73.28706309199993,-39.85853850099994]]],[[[-73.29040435699994,-39.855243884999936],[-73.29275368599991,-39.85286096599992],[-73.29002209799995,-39.85436131299991],[-73.29040435699994,-39.855243884999936]]],[[[-73.30620910999994,-39.849364444999935],[-73.29555315699992,-39.85283457499992],[-73.29102369499992,-39.85627703999995],[-73.29490142199995,-39.85921259199995],[-73.31102271999993,-39.84938959999994],[-73.30620910999994,-39.849364444999935]]]]}},{"type":"Feature","properties":{"cut":14102,"comuna":"CORRAL"},"geometry":{"type":"MultiPolygon","coordinates":[[[[-73.34511032299991,-39.89976112599993],[-73.34621437999994,-39.898691260999954],[-73.34827435599993,-39.89994588999991],[-73.34963663099995,-39.89917247199992],[-73.3516101859999,-39.90196189499994],[-73.34696040599994,-39.90217497999993],[-73.34511032299991,-39.89976112599993]]],[[[-73.35847742899995,-39.89182025899993],[-73.36107077699995,-39.89195154399994],[-73.36113759999995,-39.89356515499992],[-73.36013959599995,-39.89413716599995],[-73.35847742899995,-39.89182025899993]]],[[[-73.3939002809999,-39.88534762699993],[-73.39728534799991,-39.89098926899993],[-73.39715047699991,-39.892762243999925],[-73.39303557099993,-39.89605225299994],[-73.39140556399991,-39.89504312799994],[-73.38762169299991,-39.896044660999905],[-73.38690291799992,-39.89439946999994],[-73.39066856099993,-39.89083004799994],[-73.3893219119999,-39.888495948999946],[-73.3939002809999,-39.88534762699993]]],[[[-73.31139579299992,-39.857476396999914],[-73.3139518989999,-39.859310946999926],[-73.31801746699995,-39.85891050899994],[-73.31971530399994,-39.860624369999925],[-73.32357757699992,-39.86065323999992],[-73.32374551099991,-39.86302962399992],[-73.32747796099994,-39.863385327999936],[-73.33583734299992,-39.86811836599992],[-73.34458353999992,-39.869090429999915],[-73.34495171299994,-39.868244302999926],[-73.35955690799994,-39.870915887999956],[-73.36086237199993,-39.87271369299992],[-73.36390931999995,-39.87193236799993],[-73.36817623799993,-39.873632191999945],[-73.36860489299994,-39.87278233599994],[-73.37201462899992,-39.87356001299992],[-73.37631844899994,-39.877395271999944],[-73.37882461899994,-39.87738979499994],[-73.3798933189999,-39.88393199899991],[-73.37777705899992,-39.88639349099992],[-73.37393019799993,-39.88537110499993],[-73.37457224899993,-39.88421339799993],[-73.37354347599995,-39.88395121599996],[-73.36685676899992,-39.88800151699991],[-73.36453259399991,-39.88709935799994],[-73.36609964799993,-39.88485560599992],[-73.36240533999995,-39.88689365199991],[-73.36203911099994,-39.889474152999924],[-73.35857321399993,-39.8872538949999],[-73.35651202399993,-39.88767966699993],[-73.35806748599992,-39.88997655599991],[-73.35696867299993,-39.891177246999916],[-73.3508949479999,-39.89145139099992],[-73.35121973799994,-39.893149758999925],[-73.34882921099995,-39.89339953299992],[-73.34617218599993,-39.89603742299994],[-73.3421273809999,-39.89521837199993],[-73.3380709029999,-39.899182941999925],[-73.33679850599992,-39.8981691699999],[-73.33167649099994,-39.89832982099995],[-73.33067435399994,-39.89946858399992],[-73.3288123179999,-39.89871651199991],[-73.32592893799995,-39.90088218599993],[-73.32205920099995,-39.89971810499992],[-73.32033945099994,-39.900657193999905],[-73.32566598599993,-39.90210364899991],[-73.32328646299993,-39.906533348999915],[-73.3239428519999,-39.90852037199994],[-73.32489158099992,-39.90781334399992],[-73.32350396399994,-39.90687884599993],[-73.32735455499994,-39.902114507999954],[-73.33303825699994,-39.89927285899995],[-73.33843955599991,-39.90014320899991],[-73.3423318369999,-39.89756370999993],[-73.3430611739999,-39.898727323999935],[-73.34150679099992,-39.90146193999993],[-73.34334042899991,-39.900488124999924],[-73.3446406029999,-39.90153825899995],[-73.34386320399994,-39.90373443099992],[-73.33907023699993,-39.90514788999991],[-73.33605296999991,-39.90345142299992],[-73.33648773199991,-39.906363151999926],[-73.33444571299992,-39.90907715499992],[-73.33303879399995,-39.908570433999955],[-73.33353485499993,-39.90750095799996],[-73.33150908099992,-39.90730965499995],[-73.33238540199994,-39.90822769399995],[-73.3314305099999,-39.91054735299991],[-73.33293885499995,-39.911244746999955],[-73.33113387299994,-39.91677298299993],[-73.3252937279999,-39.92131951199991],[-73.32623376499993,-39.92454938599991],[-73.3291302149999,-39.927181326999914],[-73.32845548699993,-39.929032004999954],[-73.32996194599991,-39.92997265999992],[-73.3294891729999,-39.93130822299992],[-73.31873797599991,-39.93929711399994],[-73.31801599599993,-39.93843076499991],[-73.32041329499992,-39.93444291399993],[-73.31905749099991,-39.93129255699995],[-73.31815401999995,-39.931509186999904],[-73.31843138999994,-39.934729500999936],[-73.31477829499994,-39.9389738399999],[-73.31662517199993,-39.94082954599992],[-73.31645103299991,-39.942890123999916],[-73.31281588099995,-39.944296755999915],[-73.30875251399993,-39.944489793999935],[-73.30396289599992,-39.942068408999944],[-73.29853112899991,-39.94305188399994],[-73.29533229399993,-39.94227964299995],[-73.28604812099991,-39.94604820399991],[-73.2811069789999,-39.94073619799991],[-73.27385254799992,-39.93721841799993],[-73.2742978629999,-39.93233306499991],[-73.2731730029999,-39.928518942999915],[-73.27428015299995,-39.92334163299995],[-73.27073749099992,-39.91672113499993],[-73.26580488699994,-39.91444470099992],[-73.26457087699993,-39.91049371799994],[-73.25731842399995,-39.90114147999992],[-73.2571996929999,-39.898729730999946],[-73.25860059999991,-39.8971336269999],[-73.2664388529999,-39.89498527399991],[-73.27108627899992,-39.890230224999925],[-73.27900047799994,-39.88952812799994],[-73.28071526799994,-39.890553594999915],[-73.28005459799994,-39.889057270999956],[-73.28237446199995,-39.88555102499993],[-73.28191473399994,-39.88071975699995],[-73.2870906249999,-39.87925574999991],[-73.28885564899991,-39.88148908099993],[-73.28931699299994,-39.87930663699996],[-73.28728920399993,-39.878177570999924],[-73.29169733799995,-39.87291811699993],[-73.2916101589999,-39.870011339999905],[-73.29384793399993,-39.86537296999995],[-73.30256710799995,-39.86025751299991],[-73.31139579299992,-39.857476396999914]]],[[[-73.46691783999995,-39.8511992679999],[-73.46983570799995,-39.85212072799993],[-73.46886155999994,-39.85558551799994],[-73.47048852299991,-39.85825576399992],[-73.46890384999995,-39.85927093899994],[-73.46990235999994,-39.86027065099995],[-73.46822768399994,-39.86184771899991],[-73.4702593689999,-39.863671918999955],[-73.46876142999992,-39.86495401399992],[-73.47135825499993,-39.865749569999934],[-73.47102829599993,-39.86738043199995],[-73.4763331769999,-39.870364803999905],[-73.47643741399992,-39.87483484999996],[-73.47759084199993,-39.875453629999924],[-73.47661400499993,-39.87702645999991],[-73.4783793169999,-39.877837961999944],[-73.47830860199991,-39.8813011549999],[-73.4797352409999,-39.88127031599993],[-73.48034070799991,-39.88360718699994],[-73.48421935199991,-39.885910306999904],[-73.48375388399995,-39.88882327099992],[-73.48505997399991,-39.89002507999993],[-73.48410495399992,-39.890638751999916],[-73.4863219639999,-39.890708257999904],[-73.48598234699995,-39.89228947899994],[-73.49088986099991,-39.895808562999946],[-73.49246973099991,-39.89914007099992],[-73.50108223299992,-39.90220681599993],[-73.51126310199993,-39.90368489399992],[-73.50885660999995,-39.90720817899995],[-73.51404258899993,-39.91086951299991],[-73.51457732699993,-39.911840370999926],[-73.5131874949999,-39.912507269999935],[-73.5158653979999,-39.914158767999936],[-73.51574694499993,-39.915513165999926],[-73.52362229399995,-39.91375328099991],[-73.5265157149999,-39.91675868899995],[-73.53013181099993,-39.91641718799991],[-73.53328242399994,-39.91794364099991],[-73.53243645099991,-39.91821222699991],[-73.53495311299991,-39.919946834999905],[-73.53452114999993,-39.9230225899999],[-73.54095437199993,-39.92286498499993],[-73.54392474199994,-39.92419067499992],[-73.54353336799994,-39.925230848999945],[-73.5480854569999,-39.92588257099993],[-73.54812979399992,-39.92696875899992],[-73.5564077379999,-39.92702708899992],[-73.55717720599995,-39.925491553999905],[-73.56149641399992,-39.92696871699991],[-73.56464920499991,-39.92638164099992],[-73.5669759299999,-39.92801860599991],[-73.57553865099993,-39.92771871299993],[-73.57838078899994,-39.93061859699992],[-73.5865588129999,-39.92933564999993],[-73.5862116639999,-39.930317948999914],[-73.58730193299994,-39.92961949599993],[-73.58949419699991,-39.93135347599991],[-73.5931495669999,-39.93151051199993],[-73.59573610599995,-39.93321762599993],[-73.59476346399993,-39.933602254999926],[-73.59618810099994,-39.93601151699994],[-73.59532931899992,-39.93762280999994],[-73.59188410899992,-39.9399009359999],[-73.59070071699995,-39.93907120299991],[-73.58525481799995,-39.94027068799994],[-73.5846851359999,-39.94225030799993],[-73.58734195999995,-39.95008035199993],[-73.59329241499995,-39.95699985899995],[-73.59551513399992,-39.95640065999993],[-73.6008960879999,-39.95819103699995],[-73.6064926649999,-39.955573656999945],[-73.61067992799991,-39.956123943999955],[-73.61256624099991,-39.95833131799992],[-73.61674443099992,-39.95789024399994],[-73.61775119299995,-39.958947344999956],[-73.62172020999992,-39.95744499199992],[-73.6251403409999,-39.95831447599994],[-73.63120556299992,-39.95515638599994],[-73.63927482799994,-39.95521535799992],[-73.64305645299993,-39.957273296999915],[-73.64485739699995,-39.954852811999956],[-73.64774435599992,-39.954827966999915],[-73.65075155499994,-39.95635407099991],[-73.65255395299994,-39.955708339999944],[-73.6562288689999,-39.958679066999935],[-73.6573739509999,-39.96130056599992],[-73.65884399499993,-39.960628363999945],[-73.6638183309999,-39.96318593199993],[-73.66578690499995,-39.96163646399992],[-73.66830704599994,-39.96389978399992],[-73.67247172399993,-39.96287093199993],[-73.67443277099994,-39.96518627699993],[-73.67624233399994,-39.96527002399995],[-73.67695499799993,-39.96390872799992],[-73.67744659699991,-39.965549549999935],[-73.67884996099991,-39.96582682899992],[-73.67806936399995,-39.967980191999914],[-73.67544828799993,-39.968950313999926],[-73.67719800499992,-39.968992819999926],[-73.67644558199993,-39.970250053999905],[-73.67732848599991,-39.97091782199993],[-73.67542522399992,-39.97094113299994],[-73.67585476799991,-39.98080234199995],[-73.6772874909999,-39.98185027999995],[-73.67618809699991,-39.982797227999924],[-73.6807079219999,-39.98611467899991],[-73.6794591229999,-39.986722104999956],[-73.68210477999992,-39.98690538099993],[-73.68246594499993,-39.9899006089999],[-73.6814423159999,-39.99074936399995],[-73.68241193699993,-39.992710926999905],[-73.6849329929999,-39.993334182999945],[-73.68461431499992,-39.99502433199996],[-73.6889521839999,-39.99750602599994],[-73.69340237799992,-39.99656975999994],[-73.69469376199993,-39.994651796999904],[-73.6976836199999,-39.995541328999934],[-73.70387095199993,-40.00269208499992],[-73.70611578799992,-40.00281177099993],[-73.70438520899995,-40.00418888999991],[-73.70707391899992,-40.00626233299994],[-73.69873494799992,-40.004568081999935],[-73.67806389999993,-40.00709039499992],[-73.6641390339999,-40.00628366199993],[-73.66012879599992,-40.00233490099993],[-73.66222352599993,-39.99885921999993],[-73.65931994699991,-39.99737442299994],[-73.65610005699995,-39.99203766599993],[-73.65091314199992,-39.98905285299992],[-73.64869000999994,-39.98557999999991],[-73.6442939989999,-39.98485239199994],[-73.63878926299992,-39.987176940999916],[-73.6265370349999,-39.98032812699995],[-73.6218228159999,-39.982580233999954],[-73.61961492799992,-39.985428859999956],[-73.61391009999994,-39.98419104699991],[-73.60833329299993,-39.98512649399993],[-73.60345748999993,-39.988050109999904],[-73.60223964499994,-39.99172504999996],[-73.6006322909999,-39.99265914199992],[-73.58823891599991,-39.99438600299993],[-73.58075969799995,-39.99329943999993],[-73.57510084599994,-39.994183483999905],[-73.57206402299994,-39.99655393899991],[-73.56369207299991,-39.99919536099992],[-73.5541610539999,-40.005966248999925],[-73.54870575699994,-40.012767235999945],[-73.54305255499992,-40.01510794699993],[-73.53898064399993,-40.02063028999993],[-73.53257389099991,-40.02496155599994],[-73.52945505999992,-40.03014231399993],[-73.51995587699992,-40.03097340699992],[-73.50511936299995,-40.03937438899993],[-73.49543360199993,-40.03886344199992],[-73.49074336799993,-40.04031326099994],[-73.48565362499994,-40.04623775199991],[-73.48751074099994,-40.05773016699993],[-73.48103964099994,-40.06774084099993],[-73.47621688899994,-40.07189784399992],[-73.46343977299995,-40.07474500399991],[-73.46198639999994,-40.07649981299994],[-73.46449920599991,-40.07857784799995],[-73.46973909399992,-40.09193574599993],[-73.47905404699992,-40.09914277099995],[-73.47630278199995,-40.10130310199992],[-73.4735973949999,-40.106324242999904],[-73.45699928099992,-40.110452591999945],[-73.44607161699992,-40.11590804399992],[-73.43892747099994,-40.114131475999955],[-73.43687853199992,-40.11103016499993],[-73.43712522499993,-40.10728612299994],[-73.43524888399992,-40.10703217099996],[-73.42900114199995,-40.10930020199993],[-73.42583198799991,-40.11245534299991],[-73.41542967299995,-40.11639073199996],[-73.41274392299994,-40.11064888899995],[-73.40719480999991,-40.10628633099992],[-73.40758738499994,-40.10276393299995],[-73.4043759619999,-40.10232723899992],[-73.40195270599992,-40.10010337299991],[-73.40111917099995,-40.09677300199991],[-73.39883531699991,-40.094647541999905],[-73.39888223399993,-40.09130518599994],[-73.39305911799994,-40.090355590999934],[-73.39011364099991,-40.086365964999914],[-73.3864290489999,-40.08470673699992],[-73.3834618859999,-40.08526878899994],[-73.37778479099995,-40.08150848099996],[-73.36824282799995,-40.08174998299995],[-73.36265282799991,-40.076824221999914],[-73.36283546399994,-40.075227697999935],[-73.35959724499992,-40.07379448499995],[-73.3598109429999,-40.070356053999944],[-73.35825332699994,-40.06871685999994],[-73.34776018399992,-40.06476582699992],[-73.34618289799994,-40.06610818699994],[-73.33677654299993,-40.06611763799992],[-73.33370595299994,-40.06948342299995],[-73.32455230699992,-40.07390542999991],[-73.31770235999994,-40.07196829299994],[-73.3161206929999,-40.07014556899992],[-73.31346151499991,-40.07223721299994],[-73.30141107899993,-40.07063868999995],[-73.30161310099993,-40.063699922999945],[-73.28789624199993,-40.066996452999945],[-73.28450173599992,-40.06915695899994],[-73.27913829099992,-40.0677981149999],[-73.2759043129999,-40.06860587199992],[-73.27218093099992,-40.0661855269999],[-73.27143823099993,-40.06857533899995],[-73.2695248839999,-40.06966838499994],[-73.26117531999995,-40.07112941899993],[-73.26311913199993,-40.07301850299996],[-73.26150220599993,-40.07454083399995],[-73.25734380699993,-40.07505048299993],[-73.2579530719999,-40.077963335999925],[-73.2549001349999,-40.08652092199992],[-73.2575935349999,-40.08818308799994],[-73.2534596189999,-40.09073791199995],[-73.23962303099995,-40.09608240099993],[-73.23031893599995,-40.09382799499991],[-73.22602447399993,-40.091248798999914],[-73.2247201799999,-40.09489093299993],[-73.22645303299993,-40.09639945199996],[-73.22558840199991,-40.10004832599992],[-73.22175934499995,-40.10228235099993],[-73.21821558099992,-40.10883138999992],[-73.21555259899992,-40.111033591999956],[-73.20876444599992,-40.107140544999936],[-73.2060581259999,-40.10249961399995],[-73.20130188899992,-40.100876300999914],[-73.18518205599992,-40.103530135999904],[-73.18211382299995,-40.10508558299995],[-73.1776093229999,-40.104100375999906],[-73.1753414659999,-40.101298940999925],[-73.1714908159999,-40.10170215399995],[-73.1623716979999,-40.09748128599995],[-73.15017486999994,-40.097363655999914],[-73.14180733599994,-40.09504053299992],[-73.14223019199994,-40.093186992999904],[-73.14486565899995,-40.09189593599996],[-73.1484101229999,-40.08275913099993],[-73.14564999799995,-40.07861142999991],[-73.1472844509999,-40.07025933999995],[-73.1588920719999,-40.059201351999945],[-73.15887945899993,-40.05643091299993],[-73.15580507299995,-40.05267483699993],[-73.15099345399994,-40.05075129799991],[-73.15100402599995,-40.04710736299995],[-73.15522906699994,-40.04414773499991],[-73.1563333279999,-40.039462657999934],[-73.15315952899994,-40.03594816599991],[-73.15271896199994,-40.03354476499993],[-73.15605007099992,-40.031868122999924],[-73.1589088739999,-40.03238656399992],[-73.16414707799993,-40.02920846099994],[-73.16504599199993,-40.02709659099992],[-73.17005946299992,-40.026135361999934],[-73.17358216999992,-40.01861891899995],[-73.1720869099999,-40.01652777599992],[-73.1723998299999,-40.01295164499993],[-73.16220149299994,-40.00967771499995],[-73.15896601499992,-40.007842567999944],[-73.1588425459999,-40.006061332999934],[-73.14987972099993,-40.00718870499992],[-73.14696338899995,-40.01021085399992],[-73.1455150939999,-40.006102943999906],[-73.14183361199991,-40.005088352999906],[-73.1384410899999,-39.99922115599992],[-73.13875586299991,-39.995712828999956],[-73.14330991499992,-39.99625313799993],[-73.14801261899993,-39.99250639799993],[-73.15411482799993,-39.99165787699991],[-73.15685430999991,-39.98818815399994],[-73.15636403899993,-39.98627729799995],[-73.15929856899993,-39.98084562199995],[-73.16511402999993,-39.9733303079999],[-73.16471111399994,-39.97047104599994],[-73.16186240999991,-39.96896354799992],[-73.16193737899994,-39.96236458899995],[-73.15814859199992,-39.96128601399994],[-73.1529963349999,-39.9541338219999],[-73.15675587599992,-39.9488600169999],[-73.15871573699991,-39.94283285799992],[-73.1667184879999,-39.941543063999916],[-73.16512024799994,-39.94660336499993],[-73.16662421199993,-39.94840940799992],[-73.17480642999993,-39.948615297999936],[-73.17902826599993,-39.95068611499994],[-73.18797083899995,-39.95044010499993],[-73.19409349999995,-39.94930360199993],[-73.19990586699993,-39.944502523999915],[-73.20161431899993,-39.9376515159999],[-73.21048090399995,-39.94071262199992],[-73.21582148199991,-39.93744812999995],[-73.2218798959999,-39.93792973399991],[-73.22693813599994,-39.92839302699991],[-73.23456724099992,-39.92084267999991],[-73.23637487099995,-39.91977622999991],[-73.24722210199991,-39.92018785699992],[-73.24822788699993,-39.916504792999945],[-73.24581979499993,-39.91238271499992],[-73.2460773979999,-39.90824689099992],[-73.24961357199993,-39.90361104899995],[-73.2540474409999,-39.90275896899993],[-73.25553837099994,-39.904047205999916],[-73.25307198799993,-39.90463620799994],[-73.25600834199992,-39.90451374699995],[-73.26327393399993,-39.916014952999944],[-73.26920070799991,-39.91993250199994],[-73.2714110579999,-39.931253994999906],[-73.27032543899992,-39.933818929999916],[-73.27132609199992,-39.93817627899995],[-73.28131462499994,-39.94389699199991],[-73.28176654799995,-39.94682716799991],[-73.2873285419999,-39.94838699299993],[-73.29594440799991,-39.944261654999934],[-73.2993554649999,-39.945271232999914],[-73.30289179399995,-39.94420592699993],[-73.30586881599993,-39.94701436899993],[-73.31320490099995,-39.949216932999946],[-73.31629033799993,-39.94813114199991],[-73.31713688199994,-39.952305682999906],[-73.31946023799992,-39.95381239699992],[-73.32049654199994,-39.95239495699991],[-73.32704345299993,-39.950462572999925],[-73.32621346399992,-39.94450451699993],[-73.3314375619999,-39.935949008999955],[-73.3314748059999,-39.933602642999915],[-73.33475386899994,-39.932906534999915],[-73.3359885079999,-39.930883673999915],[-73.33383266399994,-39.92441560699996],[-73.33829334799992,-39.920200242999954],[-73.33609545399992,-39.92199759399995],[-73.33425576099995,-39.92041707799996],[-73.33592261899992,-39.917688691999956],[-73.33890078999991,-39.916731376999905],[-73.33897415399991,-39.9120611269999],[-73.34667040799991,-39.910526949999905],[-73.3490726469999,-39.91212879699992],[-73.34728264099994,-39.91504932299995],[-73.34977793199994,-39.9177471079999],[-73.35275541199991,-39.91555965999993],[-73.35583579099995,-39.91621601899993],[-73.36113879299995,-39.90986749199993],[-73.3611648399999,-39.90414245799991],[-73.36683553899991,-39.89837994599992],[-73.37097317799993,-39.89746064499991],[-73.37611686699995,-39.89420836399995],[-73.38122878899992,-39.899834091999935],[-73.38140280999994,-39.90318798599992],[-73.37968198499993,-39.90383063799993],[-73.38007229099992,-39.90548029099995],[-73.38153934799993,-39.90627107499995],[-73.38386226099993,-39.90533497899992],[-73.38547912099995,-39.909587375999934],[-73.38230422799995,-39.91077288799994],[-73.38113997199991,-39.916153203999954],[-73.38258981899992,-39.92247093299994],[-73.37405295999991,-39.937653747999946],[-73.37709497599991,-39.941408191999926],[-73.37653946299992,-39.94460770499995],[-73.37875595799994,-39.94235037999994],[-73.38088182899992,-39.94399275099994],[-73.38737717399994,-39.94452475499992],[-73.38911906599992,-39.94573819699991],[-73.39193645299991,-39.943858346999946],[-73.3931739869999,-39.93936637299993],[-73.3973854539999,-39.93534347599996],[-73.3995489859999,-39.92957139099991],[-73.40437765799993,-39.92635857499994],[-73.4009956299999,-39.92143343999993],[-73.40301972899994,-39.91986669499994],[-73.40533074899992,-39.92132163499991],[-73.4062204029999,-39.91959091199993],[-73.40429612199995,-39.91695624599993],[-73.4013338229999,-39.916546052999934],[-73.40463291799995,-39.91095166999992],[-73.4026312069999,-39.90668972799995],[-73.40915123299993,-39.903292765999936],[-73.40873538999995,-39.901705921999906],[-73.4144768299999,-39.897726631999944],[-73.41557110999992,-39.89516731599991],[-73.42075764499992,-39.89385222399994],[-73.42333324899994,-39.89045361399991],[-73.42465680299995,-39.89037095499992],[-73.42477660999992,-39.88864994399995],[-73.42824506499994,-39.887063407999904],[-73.42746248999993,-39.88656503899995],[-73.42964828899994,-39.8874501759999],[-73.43092854799994,-39.88595777799992],[-73.42426440499992,-39.882050500999924],[-73.42327213499993,-39.87798783799991],[-73.42270394999991,-39.87934509199994],[-73.42237558399995,-39.878060182999945],[-73.42674708499993,-39.87587495899993],[-73.42330611599994,-39.87365266099994],[-73.42504901699994,-39.87213564499996],[-73.42472805199992,-39.86947570399991],[-73.43065032599992,-39.86664492399996],[-73.43281434099993,-39.86139785799992],[-73.4366959809999,-39.86101281099991],[-73.44208966299993,-39.862847667999915],[-73.44554421499993,-39.85966781299993],[-73.4464165899999,-39.85614278999992],[-73.45024877599991,-39.854599520999955],[-73.44999968199994,-39.85329883299994],[-73.45375656599992,-39.85403820399995],[-73.45470767899991,-39.85300128099993],[-73.45653324299991,-39.85366075699994],[-73.46691783999995,-39.8511992679999]]]]}},{"type":"Feature","properties":{"cut":14104,"comuna":"LOS LAGOS"},"geometry":{"type":"Polygon","coordinates":[[[-72.5892835439999,-39.65984869199991],[-72.5963365259999,-39.66243635099994],[-72.59754821599995,-39.665164088999916],[-72.59974367299992,-39.664984287999914],[-72.59972699999992,-39.66687580099995],[-72.60367899499994,-39.66585387199996],[-72.60661648399991,-39.66809011599992],[-72.6138047419999,-39.667828207999946],[-72.61255494099993,-39.66963581099992],[-72.62516748399992,-39.67465122899995],[-72.62886614899992,-39.674285410999914],[-72.63080917799994,-39.67744666099992],[-72.6340788679999,-39.67744128499993],[-72.63457042699991,-39.67569907899991],[-72.6377594299999,-39.67489466799992],[-72.64030120399991,-39.67726165199991],[-72.6414924369999,-39.68077680399995],[-72.64220806199995,-39.679683251999904],[-72.6424056649999,-39.68066472899994],[-72.64365346099993,-39.68027115499996],[-72.6429900139999,-39.67880274999993],[-72.64655870799993,-39.681474228999946],[-72.65718194699991,-39.6774819929999],[-72.65879679499994,-39.6784920419999],[-72.66011794499991,-39.68207269399994],[-72.6648899569999,-39.68033098299992],[-72.66480874899992,-39.67789694399994],[-72.66176651099994,-39.67735822599991],[-72.66324826699991,-39.675942136999936],[-72.66708618699994,-39.67650131599993],[-72.66999355699994,-39.679469593999954],[-72.66976701599992,-39.68089746299995],[-72.67403710199994,-39.68122635399993],[-72.67656158199992,-39.67726344199991],[-72.68410892399993,-39.67460799299994],[-72.68950666799992,-39.670170550999956],[-72.69287938499991,-39.66964304499993],[-72.69551248999994,-39.66578546199992],[-72.6992513969999,-39.6646434189999],[-72.70481696899992,-39.66608692299991],[-72.70763530599993,-39.662926409999955],[-72.71472309799992,-39.66403012199993],[-72.71658890299994,-39.66217044599995],[-72.71799886899993,-39.6628918639999],[-72.71905044999994,-39.661862983999924],[-72.72160030499992,-39.664521161999915],[-72.72345262899995,-39.663998945999936],[-72.72233898899992,-39.66572034099994],[-72.72444768699995,-39.664446383999916],[-72.72635751899992,-39.66521353499991],[-72.7252631419999,-39.66948037499992],[-72.72287311399992,-39.67041999799994],[-72.72095798499993,-39.66956709999994],[-72.71568116799995,-39.67384624399995],[-72.71260358199993,-39.67258293999993],[-72.70667655099993,-39.674182197999926],[-72.70182439899992,-39.68365823999994],[-72.69650280399992,-39.68546714699994],[-72.69331853099993,-39.690052513999944],[-72.6941205949999,-39.692383745999905],[-72.69709628099992,-39.6937679049999],[-72.69504228799991,-39.6981574159999],[-72.69082756099994,-39.702866370999914],[-72.68522205399995,-39.70427092199992],[-72.6906090139999,-39.708692120999956],[-72.69426324499995,-39.708764782999936],[-72.69732633599995,-39.71179403699995],[-72.70317776299993,-39.71299557099991],[-72.70972077599993,-39.71914734499995],[-72.72024369699994,-39.71636809899991],[-72.73377852099992,-39.720918542999925],[-72.73287397399992,-39.7236334989999],[-72.72586686599993,-39.73035216999995],[-72.72639614399992,-39.73501564299994],[-72.72246010299995,-39.73714562999993],[-72.7262906819999,-39.7428152839999],[-72.7268158359999,-39.74891558499991],[-72.71872489299994,-39.753704554999956],[-72.71925422299995,-39.757773294999936],[-72.72382935199994,-39.76110347799994],[-72.72918725699992,-39.76091643099994],[-72.73547656499994,-39.75736862699995],[-72.73923868999992,-39.750479895999945],[-72.74539522799995,-39.750341172999924],[-72.75512882099991,-39.74632275099992],[-72.75676047999991,-39.75214386499994],[-72.7584780979999,-39.752139893999924],[-72.76309828299992,-39.75101448599992],[-72.7665973419999,-39.748058647999926],[-72.76754879599991,-39.75058751899991],[-72.76466974699991,-39.75344824399991],[-72.76324793099991,-39.76063257599992],[-72.76585385699991,-39.762799883999946],[-72.76671243599992,-39.7684920289999],[-72.7705409319999,-39.772061125999926],[-72.7711330539999,-39.774266172999944],[-72.77747167699994,-39.777743606999934],[-72.7813963719999,-39.77823764999994],[-72.79275415299992,-39.77387327899993],[-72.79712661199994,-39.77483025899994],[-72.80968041799991,-39.773221134999915],[-72.82362539099995,-39.77459169399992],[-72.83396014599992,-39.768496855999956],[-72.83486695199991,-39.76433361399995],[-72.83362675399991,-39.76330595999991],[-72.83503755799995,-39.76061157999993],[-72.83395415699994,-39.75928505399992],[-72.8406626439999,-39.753693892999934],[-72.83956473199993,-39.74909687699994],[-72.84084573899992,-39.747341441999936],[-72.84338919899994,-39.7475058629999],[-72.84230646799995,-39.74709384099992],[-72.84320562399995,-39.74576862199996],[-72.85551523899994,-39.77881681999992],[-72.86190069399993,-39.78138121799992],[-72.8605125709999,-39.78445406199995],[-72.86125628799994,-39.79194543099993],[-72.86587738599991,-39.795707217999905],[-72.86528404899991,-39.800802639999915],[-72.86834404799993,-39.80385440099991],[-72.87055430799995,-39.81067926199995],[-72.8860863509999,-39.80657961999992],[-72.89931555499993,-39.80700375899994],[-72.90319151299991,-39.80828162499995],[-72.91099400299993,-39.81480238599994],[-72.9179350359999,-39.81832722199994],[-72.92853397399995,-39.81912087599994],[-72.93762548899991,-39.81795701999994],[-72.94273069499991,-39.81573723999992],[-72.94480638199991,-39.813489844999935],[-72.94440834099993,-39.80531457699993],[-72.94544441099993,-39.80349794299991],[-72.9490345879999,-39.801815511999905],[-72.96397133999994,-39.7997288169999],[-72.97206339099995,-39.791928355999914],[-72.97375666999994,-39.78641807699995],[-72.98221053599991,-39.78459655499995],[-72.98058856599994,-39.790939359999925],[-72.9759483919999,-39.791993634999926],[-72.97277003699992,-39.79834359799992],[-72.97465459099993,-39.80128645399992],[-72.97683506999994,-39.80101369199991],[-72.97753570599991,-39.804805221999914],[-72.9757634739999,-39.81193652299993],[-72.97357163999993,-39.812285639999914],[-72.97754259599992,-39.81692254799992],[-72.97500680599995,-39.820824270999935],[-72.97550032299995,-39.82383740799992],[-72.96893053499991,-39.82988022199993],[-72.96554484599994,-39.8287172709999],[-72.9674169139999,-39.83276812699995],[-72.96566304499993,-39.83426440499994],[-72.9654946679999,-39.8365542489999],[-72.96313563299992,-39.83590923399993],[-72.96100523599995,-39.83936279299991],[-72.95953589599992,-39.83883694799994],[-72.95954030399992,-39.84019288299993],[-72.9575875999999,-39.84104139099992],[-72.95796382799995,-39.84286333299991],[-72.96009086099991,-39.84313500299993],[-72.9605112189999,-39.845097351999925],[-72.95709485499992,-39.84529397299991],[-72.9592973789999,-39.847877798999946],[-72.95625110299994,-39.849580904999925],[-72.9569856409999,-39.850602856999956],[-72.95542032599991,-39.85071941099994],[-72.9552155849999,-39.85225183499995],[-72.95711562199995,-39.85481685299993],[-72.95708659099995,-39.8568794009999],[-72.95852764499995,-39.857188563999955],[-72.95497383899993,-39.86137818299994],[-72.95606563899992,-39.863118149999934],[-72.95450397199994,-39.86531582799995],[-72.95105306999994,-39.86499363699994],[-72.94877534499994,-39.86657047399996],[-72.94996220299993,-39.869483343999946],[-72.95248696499993,-39.87146939099995],[-72.9521610509999,-39.87345911999995],[-72.95558564999993,-39.875911437999946],[-72.95386345999992,-39.87683600699995],[-72.95706226999994,-39.883036527999934],[-72.9563449609999,-39.885213060999945],[-72.95789527799991,-39.88720433099991],[-72.95794028099994,-39.89211500099992],[-72.96056093199991,-39.893170134999934],[-72.9577918889999,-39.897211446999904],[-72.96080779199991,-39.90022847899991],[-72.95988194499995,-39.902851805999944],[-72.95333589099994,-39.9059706189999],[-72.94328006499995,-39.90336022799994],[-72.9412314679999,-39.90424277099993],[-72.94014005999992,-39.9074846069999],[-72.93883468199994,-39.90764158099995],[-72.93826904999992,-39.91311794199993],[-72.93498444099993,-39.91935217999992],[-72.92431776899991,-39.92966148499994],[-72.9239535289999,-39.9401637869999],[-72.92019999799993,-39.94345000599992],[-72.9131932599999,-39.94604698799992],[-72.91150096699994,-39.94942183699993],[-72.90783767599993,-39.949504403999924],[-72.90307684699991,-39.95249035799992],[-72.90034528899992,-39.9526976489999],[-72.89632616699993,-39.950300485999946],[-72.89018293999993,-39.95047257999994],[-72.88428178599992,-39.954396422999935],[-72.87737815899993,-39.955297172999906],[-72.8740138739999,-39.95875342399995],[-72.86745457099994,-39.960186904999944],[-72.8640403469999,-39.95918260499991],[-72.8619631279999,-39.95681102799995],[-72.85469807399994,-39.95781185599992],[-72.84693853099992,-39.952902311999935],[-72.84173782199991,-39.954057779999914],[-72.84078688799991,-39.95837777199995],[-72.83757864499995,-39.96157910499994],[-72.83858764699994,-39.96427352199993],[-72.8353781859999,-39.96940263099992],[-72.83680511999995,-39.9748795509999],[-72.8333219989999,-39.979985462999934],[-72.83412019299993,-39.98163996999995],[-72.83023482199991,-39.98440500799995],[-72.81842226799995,-39.984376865999934],[-72.81128239499992,-39.97958021199992],[-72.80643247499995,-39.97769576399992],[-72.8045323149999,-39.97841199699991],[-72.80389124499993,-39.979233148999924],[-72.80639327499995,-39.98088859499995],[-72.80393756899991,-39.980155864999915],[-72.80044904099992,-39.98108669499993],[-72.79943598999995,-39.98364393499992],[-72.79585754699991,-39.984692982999945],[-72.79675404499994,-39.986291053999935],[-72.79563166199995,-39.98766604399992],[-72.79731486799994,-39.98922502499994],[-72.79454314999992,-39.99710890499995],[-72.78477497499995,-40.004111404999946],[-72.78207018599994,-40.01169444299995],[-72.77383767299995,-40.014311165999914],[-72.77313353199992,-40.0163741099999],[-72.7684107579999,-40.01737325599993],[-72.76786125299992,-40.01621407399995],[-72.76348312899995,-40.01609809099995],[-72.7603414109999,-40.0133303099999],[-72.7537278659999,-40.01288244099993],[-72.74779685699991,-40.01089799499994],[-72.7413335839999,-40.01283060199995],[-72.73744209199992,-40.01188983299994],[-72.7292593169999,-40.01706143699994],[-72.71948686099995,-40.01649557399992],[-72.71233596999991,-40.01759611999995],[-72.70928945399993,-40.01316522999991],[-72.69571095599991,-40.00443690499992],[-72.6964406909999,-39.99658247399992],[-72.69311291199995,-39.993011933999924],[-72.69079671999992,-39.994100860999936],[-72.69072816499994,-39.99674349599991],[-72.68795824599994,-40.000296154999944],[-72.68368168599994,-40.001498934999915],[-72.6796212509999,-40.010322569999914],[-72.67627845999993,-40.01279144599994],[-72.67643921299992,-40.01832587799993],[-72.67142032499993,-40.02254014199991],[-72.66632660399995,-40.03140103399994],[-72.63789215299994,-40.0422517529999],[-72.61213289099993,-40.027956641999936],[-72.61067593799993,-40.0287110079999],[-72.60125145799992,-40.023589934999904],[-72.62275239999991,-40.009404282999924],[-72.60779184699993,-39.98382963499995],[-72.60288193999992,-39.983180417999904],[-72.59643815699991,-39.98491614999995],[-72.59290793199995,-39.97956390999991],[-72.59016139999994,-39.979268084999944],[-72.58467628799991,-39.97359114999995],[-72.58233844699993,-39.973542385999906],[-72.58388226299991,-39.97502494999992],[-72.58162209799991,-39.977171341999906],[-72.57536241899993,-39.977220666999926],[-72.5704029019999,-39.98165699799995],[-72.56840336899995,-39.98064664099991],[-72.56872770799993,-39.98171643999996],[-72.56554278999994,-39.982843164999906],[-72.56367678599992,-39.985222688999954],[-72.55799117299995,-39.98442283899993],[-72.55089981499992,-39.988741284999946],[-72.55073444899995,-39.99748491299994],[-72.54707187399993,-40.00241605399992],[-72.53856494699994,-40.00819910599995],[-72.5362562009999,-40.00678075199994],[-72.53106185799993,-40.00789077299993],[-72.52059989499992,-40.01373888799992],[-72.51885024699993,-40.012354676999905],[-72.51569455099991,-40.01263590099995],[-72.51296924099995,-40.00475983399991],[-72.50368514999991,-40.00820520299993],[-72.50070958899994,-40.007875949999914],[-72.49824491899994,-40.00614388099996],[-72.49916788299993,-40.00289445599992],[-72.5029961919999,-39.99873571999996],[-72.49856904899991,-39.99281418599992],[-72.4902847649999,-39.999360330999934],[-72.48775433599991,-40.004558095999926],[-72.4850929179999,-40.004269319999935],[-72.48547212199992,-40.00642966799995],[-72.4811493659999,-40.00982532099994],[-72.47650004499991,-40.01022380699993],[-72.47637974499992,-40.01240018999994],[-72.47498470099993,-40.013438728999915],[-72.47088614299992,-40.01410531199991],[-72.46682966599991,-40.01296616299993],[-72.4631810599999,-40.0168101669999],[-72.45957862999995,-40.017031163999945],[-72.45902393499995,-40.01951867999992],[-72.45635064499993,-40.02099079899995],[-72.4471172229999,-40.02176652399993],[-72.44185796199992,-40.02490158799992],[-72.44050541799993,-40.024023102999934],[-72.4380668849999,-40.026281181999934],[-72.43843685999991,-40.02755261599992],[-72.43519873899993,-40.02886342699992],[-72.41945043699991,-40.02942549599993],[-72.41488807099995,-40.03191159699992],[-72.40511586499991,-40.032360586999914],[-72.3999221169999,-40.03104883699996],[-72.3879342059999,-40.0307577719999],[-72.38325008699991,-40.02877832999991],[-72.37615169499992,-40.02868977299994],[-72.37166432299995,-40.02571892699996],[-72.3685686739999,-40.02638728799991],[-72.36565319699992,-40.0219926069999],[-72.36255642099991,-40.019994384999904],[-72.36322289599991,-40.018698882999956],[-72.36125705799992,-40.01622191799993],[-72.35659118299992,-40.01423281499996],[-72.34206360599995,-40.0163775229999],[-72.34074438999994,-40.01401414399993],[-72.33540311799993,-40.01387785899993],[-72.33346987499993,-40.01149576499995],[-72.32983201799993,-40.010078749999934],[-72.32615698199993,-40.01128661599995],[-72.32430865999993,-40.009045957999945],[-72.32332754299995,-40.00996462899991],[-72.31761634399993,-40.00931902699995],[-72.3072355079999,-40.010650022999926],[-72.30483174799991,-40.00897716199995],[-72.29337299899993,-40.01149339999995],[-72.28311498499994,-40.008325588999924],[-72.26615174999995,-39.99532869299992],[-72.26363337299995,-39.99113904699993],[-72.26377630099995,-39.987156376999906],[-72.26203982699991,-39.982735961999936],[-72.25852999999995,-39.980839999999944],[-72.2551867919999,-39.983458123999924],[-72.2537379019999,-39.979563750999944],[-72.2529930359999,-39.96496660899993],[-72.2476728449999,-39.96987580199993],[-72.24373031099992,-39.975646267999934],[-72.24126835699991,-39.98281657299992],[-72.23821405099994,-39.985892073999935],[-72.23870886999993,-39.99137621999995],[-72.24192999999991,-39.99362999999994],[-72.23480004699991,-39.994935691999956],[-72.23160333699991,-39.99205784599991],[-72.22924271999995,-39.98563276099992],[-72.22175550399993,-39.98500599899995],[-72.21088899999995,-39.98133120099993],[-72.20510789499991,-39.98110893099994],[-72.20419096199993,-39.98422814899993],[-72.19736304499992,-39.98946726299994],[-72.19012845499992,-39.98551812099993],[-72.18446094299992,-39.98505741799994],[-72.1803985379999,-39.98189949099992],[-72.17752529299992,-39.976946384999906],[-72.17774608499991,-39.97501338199993],[-72.17618852599992,-39.97295126699993],[-72.1766637689999,-39.96700475099993],[-72.1630718639999,-39.95910495599992],[-72.1614154909999,-39.961963373999936],[-72.14742652299992,-39.966894502999935],[-72.13825183299991,-39.9721688219999],[-72.1302288199999,-39.979014769999935],[-72.12204174699991,-39.98052412699991],[-72.1169002179999,-39.978006172999926],[-72.1130196599999,-39.971496894999916],[-72.10378579799993,-39.96806720799992],[-72.1002103749999,-39.96193966199991],[-72.0957787019999,-39.95744872999995],[-72.08315420199995,-39.95851523299996],[-72.08123263399995,-39.95967043999991],[-72.0814667379999,-39.96231968099994],[-72.07830087499991,-39.965473490999955],[-72.07204243199993,-39.966590744999905],[-72.06769769199991,-39.97096372999994],[-72.06291845499993,-39.9731197399999],[-72.05597558399995,-39.97048935399994],[-72.05467233599995,-39.967116665999924],[-72.0477067619999,-39.96732015999993],[-72.04648567799995,-39.96336684399995],[-72.03116412399993,-39.95389620599991],[-72.0307883989999,-39.952524929999925],[-72.03490917599993,-39.94437676199993],[-72.0342381669999,-39.94022827099991],[-72.03067625699993,-39.93535124299996],[-72.02589949399993,-39.921410512999955],[-72.02745091699995,-39.91780446799993],[-72.03079858099994,-39.916319348999934],[-72.04065264099995,-39.913479072999905],[-72.05479919899994,-39.919001143999935],[-72.06724178899992,-39.92129754399991],[-72.07979427299995,-39.92210980999994],[-72.08787739799993,-39.92107528899993],[-72.09871447699993,-39.90736965499991],[-72.10581608299992,-39.90416929799994],[-72.1065207499999,-39.90227722299994],[-72.11072937499995,-39.899261001999946],[-72.12206207999992,-39.89624161899991],[-72.12756451899992,-39.8969231289999],[-72.12994604799991,-39.89910801399992],[-72.1391163319999,-39.90160929299992],[-72.14583201199991,-39.90804894599995],[-72.1599765979999,-39.909209441999906],[-72.15982341199992,-39.90600582399992],[-72.16285913099995,-39.90122268199991],[-72.16291788899991,-39.89910449599995],[-72.15736248799993,-39.89563313699995],[-72.15252399799994,-39.88850382399994],[-72.14626010499995,-39.887237171999914],[-72.14062737899991,-39.876755749999916],[-72.21682000099992,-39.833729999999946],[-72.21758246699994,-39.83761686799994],[-72.21525000399993,-39.84111554099991],[-72.2163559729999,-39.84288162699994],[-72.22004655799992,-39.84057519399994],[-72.2264875969999,-39.84213607899994],[-72.22849805599992,-39.84540907699994],[-72.22826074999995,-39.84918231599994],[-72.23368041399993,-39.85744162399993],[-72.23827799899993,-39.85890698199995],[-72.25088098799995,-39.87211936399996],[-72.26042874199993,-39.866124373999924],[-72.27159613399994,-39.85466137399993],[-72.28046336699992,-39.84895962199994],[-72.30617733399993,-39.83877164699993],[-72.31662382199994,-39.83300993699993],[-72.33525444599991,-39.81692863299992],[-72.34218384799993,-39.81389804199995],[-72.36157755499994,-39.80936886599994],[-72.38029258899991,-39.80022421599995],[-72.39588854499993,-39.79626006099994],[-72.4314454659999,-39.781995854999934],[-72.44638216999994,-39.77922980599993],[-72.45213166399992,-39.775814744999934],[-72.4596757939999,-39.77565187099992],[-72.46111034699993,-39.77300955499993],[-72.45879437299993,-39.76904205999995],[-72.46278064699993,-39.76394604099994],[-72.46587169799994,-39.763356905999956],[-72.46697999199995,-39.75716585299995],[-72.47112827099994,-39.75674037899995],[-72.4782165659999,-39.75152375499994],[-72.48548088299992,-39.750626018999924],[-72.48992055799994,-39.74437523599994],[-72.49238714199993,-39.74403938499995],[-72.4984329099999,-39.747315476999916],[-72.5031435599999,-39.74803531899994],[-72.5104742389999,-39.745638769999914],[-72.51897238299995,-39.74563262699991],[-72.52335820999991,-39.751533561999906],[-72.52689956499995,-39.75185107999994],[-72.52806170499991,-39.75084435999992],[-72.5272084739999,-39.74926057199991],[-72.52384899299994,-39.747463757999924],[-72.52185781899993,-39.74443036999992],[-72.52469224299995,-39.74245042299992],[-72.52393412899994,-39.73946589299993],[-72.52178085899993,-39.73839743499991],[-72.52604045599992,-39.73711902899993],[-72.52615021799994,-39.73578358299994],[-72.52110167199993,-39.734090298999945],[-72.52043769499994,-39.72978798799994],[-72.51389573599994,-39.730566876999944],[-72.5156857099999,-39.72801522799995],[-72.51392848299992,-39.72709924399993],[-72.51184360899992,-39.72840134699993],[-72.50997661799994,-39.72496502999991],[-72.50714936899993,-39.72503494599994],[-72.50973235499993,-39.72231124199993],[-72.5091171329999,-39.719248604999905],[-72.50811120599991,-39.719060345999935],[-72.51040841899993,-39.7178484449999],[-72.5090395439999,-39.71472008499995],[-72.52362498999992,-39.711913731999914],[-72.52501379899991,-39.709126554999955],[-72.52500597799991,-39.7040544269999],[-72.52794505499992,-39.70248514699995],[-72.52466604799992,-39.697610298999905],[-72.52397155099993,-39.69400943599993],[-72.52950536799995,-39.6920412849999],[-72.53122448499994,-39.68781223599996],[-72.53679641399992,-39.68738376199991],[-72.5366460649999,-39.67906527899993],[-72.54149693099993,-39.674205602999905],[-72.54339021899995,-39.66618180499995],[-72.5618899829999,-39.668222287999924],[-72.57158925699991,-39.665831081999954],[-72.57552728799993,-39.66303058299991],[-72.5892835439999,-39.65984869199991]]]}},{"type":"Feature","properties":{"cut":14105,"comuna":"MÁFIL"},"geometry":{"type":"Polygon","coordinates":[[[-72.95524951699991,-39.591107464999936],[-72.96666151799991,-39.596380636999925],[-72.97044403299992,-39.60087038899991],[-72.9734468019999,-39.60198592599994],[-72.97505685999994,-39.60541053499992],[-72.9796750509999,-39.60715769399991],[-72.98190941599995,-39.61484291699992],[-72.9960319349999,-39.604397699999936],[-72.9970312499999,-39.60919264599994],[-73.00125867699995,-39.61318905799993],[-73.00390815299994,-39.620030981999946],[-73.0073828479999,-39.62320996099993],[-73.01411976999992,-39.62549791299995],[-73.0142172379999,-39.62099013299991],[-73.01745266499995,-39.61586328299995],[-73.01945568499991,-39.61898950999995],[-73.03280110599991,-39.62830029799994],[-73.03738315599992,-39.633621288999905],[-73.04369104099993,-39.63512418399995],[-73.04617946799993,-39.63763465099993],[-73.05098246699993,-39.63786852699991],[-73.05424998899991,-39.64447765199992],[-73.05614875799995,-39.644401341999924],[-73.06398975399992,-39.65290205999992],[-73.06796813699992,-39.65511255999991],[-73.07043004699995,-39.66583411399995],[-73.07300957299992,-39.66679140799994],[-73.07441631599994,-39.670549130999916],[-73.0744882589999,-39.67462255499993],[-73.07865763699994,-39.67612412199992],[-73.08017003599991,-39.67982045699995],[-73.08438270899995,-39.683831641999916],[-73.08330751499994,-39.68489501699992],[-73.09297033699994,-39.69151837299995],[-73.09202150999994,-39.69307491299992],[-73.0895164339999,-39.692439092999905],[-73.0860580719999,-39.693544327999916],[-73.08481829499993,-39.692514832999905],[-73.08650749599991,-39.69442564399992],[-73.08945255799995,-39.69324888299991],[-73.09145172399991,-39.694020536999915],[-73.09319746299991,-39.69685113399993],[-73.08638608199993,-39.699401302999945],[-73.08256901899995,-39.70636558699994],[-73.08921642899992,-39.70244353399994],[-73.08881935399995,-39.701220735999925],[-73.0926482619999,-39.700225119999914],[-73.0929117739999,-39.69894111299993],[-73.0952966779999,-39.698840626999925],[-73.09916027699995,-39.69595481199991],[-73.08131990499993,-39.71003433799996],[-73.0698769949999,-39.702887991999944],[-73.06340053899993,-39.70136064999991],[-73.05543937199991,-39.701863990999925],[-73.04212474099995,-39.695193659999916],[-73.03642076799991,-39.69438650099994],[-73.03270370899992,-39.69247975399992],[-73.02920137699994,-39.69338276299993],[-73.02274622599992,-39.69219376299992],[-73.02285050699993,-39.6960480969999],[-73.01945022899991,-39.69880102099995],[-73.02117554699993,-39.70548105899991],[-73.00313786699991,-39.75504224999992],[-73.00429027199993,-39.75742558499991],[-73.00219440899991,-39.75993484599991],[-73.00224440699992,-39.76598962699995],[-72.98961895899993,-39.77542193699992],[-72.98884453799991,-39.77818620599993],[-72.99392502299992,-39.776548943999956],[-73.00068766299995,-39.777431461999925],[-73.00017190699992,-39.778201862999936],[-73.00267130499992,-39.78039810599995],[-73.0215132159999,-39.78803211899992],[-73.02020881099992,-39.78984394699995],[-73.00789943599995,-39.783753744999956],[-72.9758283079999,-39.78540403199992],[-72.97375666999994,-39.78641807699995],[-72.97295311699992,-39.790604886999915],[-72.96997844499992,-39.79454366999994],[-72.96397133999994,-39.7997288169999],[-72.9490345879999,-39.801815511999905],[-72.94544441099993,-39.80349794299991],[-72.94440834099993,-39.80531457699993],[-72.94480638199991,-39.813489844999935],[-72.94024070299992,-39.8170320559999],[-72.9339263729999,-39.818691961999946],[-72.9179350359999,-39.81832722199994],[-72.91099400299993,-39.81480238599994],[-72.90319151299991,-39.80828162499995],[-72.89931555499993,-39.80700375899994],[-72.8860863509999,-39.80657961999992],[-72.87055430799995,-39.81067926199995],[-72.86834404799993,-39.80385440099991],[-72.86528404899991,-39.800802639999915],[-72.86587738599991,-39.795707217999905],[-72.86125628799994,-39.79194543099993],[-72.8605125709999,-39.78445406199995],[-72.86190069399993,-39.78138121799992],[-72.85551523899994,-39.77881681999992],[-72.84320562399995,-39.74576862199996],[-72.84230646799995,-39.74709384099992],[-72.84338919899994,-39.7475058629999],[-72.84084573899992,-39.747341441999936],[-72.83956473199993,-39.74909687699994],[-72.8406626439999,-39.753693892999934],[-72.83395415699994,-39.75928505399992],[-72.83503755799995,-39.76061157999993],[-72.83362675399991,-39.76330595999991],[-72.83486695199991,-39.76433361399995],[-72.83396014599992,-39.768496855999956],[-72.82362539099995,-39.77459169399992],[-72.80968041799991,-39.773221134999915],[-72.79712661199994,-39.77483025899994],[-72.79275415299992,-39.77387327899993],[-72.7813963719999,-39.77823764999994],[-72.77747167699994,-39.777743606999934],[-72.7711330539999,-39.774266172999944],[-72.7705409319999,-39.772061125999926],[-72.76671243599992,-39.7684920289999],[-72.76585385699991,-39.762799883999946],[-72.76324793099991,-39.76063257599992],[-72.76466974699991,-39.75344824399991],[-72.76754879599991,-39.75058751899991],[-72.7665973419999,-39.748058647999926],[-72.76309828299992,-39.75101448599992],[-72.75676047999991,-39.75214386499994],[-72.75512882099991,-39.74632275099992],[-72.74539522799995,-39.750341172999924],[-72.73923868999992,-39.750479895999945],[-72.73618475899991,-39.756594170999904],[-72.73110499799992,-39.76013343999995],[-72.72382935199994,-39.76110347799994],[-72.72206064699992,-39.76009527299993],[-72.71925422299995,-39.757773294999936],[-72.7185267289999,-39.754157078999924],[-72.72610313399991,-39.74991511799993],[-72.7268574279999,-39.7476506509999],[-72.72604752699993,-39.742224940999904],[-72.72381875999992,-39.74051459299994],[-72.72246010299995,-39.73714562999993],[-72.72639614399992,-39.73501564299994],[-72.72586686599993,-39.73035216999995],[-72.73287397399992,-39.7236334989999],[-72.73377852099992,-39.720918542999925],[-72.72024369699994,-39.71636809899991],[-72.70972077599993,-39.71914734499995],[-72.70317776299993,-39.71299557099991],[-72.69732633599995,-39.71179403699995],[-72.69426324499995,-39.708764782999936],[-72.6906090139999,-39.708692120999956],[-72.68522205399995,-39.70427092199992],[-72.69082756099994,-39.702866370999914],[-72.69504228799991,-39.6981574159999],[-72.69709628099992,-39.6937679049999],[-72.6941205949999,-39.692383745999905],[-72.69331853099993,-39.690052513999944],[-72.69650280399992,-39.68546714699994],[-72.70182439899992,-39.68365823999994],[-72.70667655099993,-39.674182197999926],[-72.71260358199993,-39.67258293999993],[-72.71568116799995,-39.67384624399995],[-72.72095798499993,-39.66956709999994],[-72.72287311399992,-39.67041999799994],[-72.7252631419999,-39.66948037499992],[-72.72635751899992,-39.66521353499991],[-72.72444768699995,-39.664446383999916],[-72.72233898899992,-39.66572034099994],[-72.72345262899995,-39.663998945999936],[-72.72160030499992,-39.664521161999915],[-72.71937368599993,-39.66189185799993],[-72.71799886899993,-39.6628918639999],[-72.71658890299994,-39.66217044599995],[-72.71472309799992,-39.66403012199993],[-72.70794637699993,-39.66286047999995],[-72.70481696899992,-39.66608692299991],[-72.69964996099992,-39.664619785999946],[-72.69551248999994,-39.66578546199992],[-72.69287938499991,-39.66964304499993],[-72.68950666799992,-39.670170550999956],[-72.68410892399993,-39.67460799299994],[-72.67918997599992,-39.675671896999916],[-72.67825240299993,-39.677427904999945],[-72.6750010909999,-39.678340291999916],[-72.6753122689999,-39.68046812499995],[-72.67403710199994,-39.68122635399993],[-72.66976701599992,-39.68089746299995],[-72.66999355699994,-39.679469593999954],[-72.66708618699994,-39.67650131599993],[-72.66324826699991,-39.675942136999936],[-72.66176651099994,-39.67735822599991],[-72.66480874899992,-39.67789694399994],[-72.66510944399994,-39.67978585499992],[-72.6626687239999,-39.68171868899992],[-72.65963854599994,-39.6819188849999],[-72.65879679499994,-39.6784920419999],[-72.65650721899993,-39.67737377799995],[-72.6531295179999,-39.67964333899994],[-72.65171749399991,-39.67899316599994],[-72.64609507499995,-39.68150086199995],[-72.6429900139999,-39.67880274999993],[-72.64365346099993,-39.68027115499996],[-72.6424056649999,-39.68066472899994],[-72.64220806199995,-39.679683251999904],[-72.6414924369999,-39.68077680399995],[-72.64030120399991,-39.67726165199991],[-72.6377594299999,-39.67489466799992],[-72.63457042699991,-39.67569907899991],[-72.6340788679999,-39.67744128499993],[-72.63080917799994,-39.67744666099992],[-72.62886614899992,-39.674285410999914],[-72.62516748399992,-39.67465122899995],[-72.61255494099993,-39.66963581099992],[-72.6138047419999,-39.667828207999946],[-72.60661648399991,-39.66809011599992],[-72.60367899499994,-39.66585387199996],[-72.59931597299993,-39.66673216799995],[-72.59974367299992,-39.664984287999914],[-72.60272271999992,-39.66365398399995],[-72.60305772299995,-39.660980767999945],[-72.59842277899992,-39.658907524999904],[-72.59703571999995,-39.65554554399995],[-72.59364462999991,-39.65395730599994],[-72.59453567299994,-39.65193526799993],[-72.5923958329999,-39.65130082699994],[-72.59257012499995,-39.64993059199992],[-72.59507090199992,-39.64983828499993],[-72.5931894599999,-39.64897948599992],[-72.59432038299991,-39.644133638999904],[-72.60725611999993,-39.641549665999946],[-72.60775747799994,-39.63873120699992],[-72.61092210699991,-39.63649910599992],[-72.60786920599992,-39.63096784299995],[-72.60792049399993,-39.62833830099993],[-72.60542558799995,-39.627016615999935],[-72.6123800009999,-39.6264799999999],[-72.61244516199991,-39.62475170499994],[-72.61767551799994,-39.62421909699992],[-72.62402468899995,-39.621385259999954],[-72.62690734099994,-39.621655922999935],[-72.62732329399995,-39.623204950999934],[-72.64201846299994,-39.626589880999916],[-72.6467107819999,-39.623058976999914],[-72.64998233799992,-39.622255872999915],[-72.64975755199993,-39.617904497999916],[-72.65645684499992,-39.611499384999945],[-72.66014778399995,-39.61424047799994],[-72.66288806099993,-39.61425962799996],[-72.66539191899994,-39.61765233199992],[-72.67163984199993,-39.61750300999995],[-72.67381617299992,-39.619213293999906],[-72.67853656199992,-39.6164564149999],[-72.68571309499993,-39.616685255999926],[-72.6876057149999,-39.611619352999924],[-72.68949057399993,-39.61065236699994],[-72.7032472759999,-39.61088473199993],[-72.70937119899992,-39.61233452899995],[-72.72060071499993,-39.611924866999914],[-72.71996103499993,-39.61347087599995],[-72.7243315259999,-39.61606112699991],[-72.72557079899991,-39.61896830599994],[-72.73047989499992,-39.62102382899991],[-72.73037003799993,-39.623850525999956],[-72.73675918599992,-39.62731309299994],[-72.7370565729999,-39.630967556999906],[-72.74135545299993,-39.63634858699993],[-72.74279029799993,-39.64126840499995],[-72.74134803699991,-39.64463226099991],[-72.74483383899991,-39.6458774699999],[-72.76463849399994,-39.64411704399993],[-72.76661286699994,-39.640357680999955],[-72.76899323299995,-39.638775539999926],[-72.77384793599992,-39.64018360999995],[-72.79031886199994,-39.62876612799994],[-72.79701097299994,-39.626797274999944],[-72.7965023459999,-39.625693750999915],[-72.79094314999992,-39.624113363999925],[-72.79244603899991,-39.61886771399992],[-72.78231554399991,-39.61769225699993],[-72.78250056399992,-39.612576986999954],[-72.78519483199995,-39.61141741299991],[-72.78564903799992,-39.60990424999994],[-72.79062122899995,-39.608674522999934],[-72.80154375599994,-39.612431528999934],[-72.80528870099994,-39.60881069699991],[-72.81541539499995,-39.605580612999916],[-72.82564111399995,-39.603840040999955],[-72.82805906599992,-39.60471194899992],[-72.83013062399993,-39.60350281199993],[-72.8343851599999,-39.60912725199995],[-72.83843071399991,-39.61109069699995],[-72.84174879499994,-39.61122738899991],[-72.84083781299995,-39.60815733299995],[-72.84340139299991,-39.60644894399991],[-72.84771262399994,-39.60881554999992],[-72.84939912699991,-39.61293430299992],[-72.85695199499992,-39.61418925599992],[-72.86548212399993,-39.6177551209999],[-72.86986637399991,-39.61761026599993],[-72.87517042399992,-39.61427760299995],[-72.8875329139999,-39.61006340699993],[-72.88843812099992,-39.61136786499992],[-72.8968548119999,-39.61050746099994],[-72.89970257199991,-39.61158550499994],[-72.90665578099993,-39.61106735699991],[-72.91127879699991,-39.61273533499991],[-72.92190677899993,-39.61276022399994],[-72.92655354699991,-39.61503253899991],[-72.92768951199992,-39.61673304699991],[-72.92705465299991,-39.619050616999914],[-72.92920540499995,-39.61636367999995],[-72.93446676499991,-39.61389873999991],[-72.93910619999991,-39.60872873899996],[-72.93433098899993,-39.60311218699991],[-72.93427435199993,-39.60124625099991],[-72.9377651609999,-39.597767623999914],[-72.9379075949999,-39.59529709399993],[-72.93638501799995,-39.594315062999954],[-72.93934233599992,-39.591529162999905],[-72.95524951699991,-39.591107464999936]]]}},{"type":"Feature","properties":{"cut":14106,"comuna":"MARIQUINA"},"geometry":{"type":"MultiPolygon","coordinates":[[[[-73.20405424233704,-39.448689320388965],[-73.2060562879999,-39.44731312999994],[-73.20582682399993,-39.44535896699995],[-73.19893310399993,-39.44039159999994],[-73.19479624999991,-39.44163837499991],[-73.18732569999992,-39.447563216999924],[-73.18336193099992,-39.44682111599991],[-73.18756481299994,-39.446548838999945],[-73.19788903499995,-39.439114049999944],[-73.20845304799991,-39.444455656999935],[-73.20715321799992,-39.441108485999905],[-73.2092504929999,-39.44597363199995],[-73.21820408799994,-39.44441996199993],[-73.22145178399995,-39.44542332399993],[-73.21754318799992,-39.43732755499991],[-73.21594783499995,-39.42848132799992],[-73.21689078299994,-39.42441011999995],[-73.21955047699993,-39.42414904099991],[-73.21811730199994,-39.42360451899992],[-73.21821711599995,-39.42188066199992],[-73.22193070599991,-39.42059953699993],[-73.21966917099991,-39.417830446999915],[-73.22107732499995,-39.417698826999924],[-73.21988989499994,-39.41577507299991],[-73.22124941599992,-39.415327360999925],[-73.22067171499992,-39.41223715099994],[-73.2228387799999,-39.409544798999946],[-73.2226864829999,-39.407366587999945],[-73.22152244299991,-39.40698389399995],[-73.22232851399991,-39.40362652299996],[-73.22401809299993,-39.400859270999945],[-73.22652044799992,-39.4001541369999],[-73.2256562259999,-39.3970235349999],[-73.23090663399995,-39.39363019399991],[-73.24320910299991,-39.39581685699994],[-73.24197577399991,-39.39365836899992],[-73.24330909899993,-39.39047098299994],[-73.23446368599991,-39.391560916999936],[-73.2317447609999,-39.39070171199995],[-73.22728280599995,-39.39207875899996],[-73.22204128099992,-39.398003295999956],[-73.21204046499992,-39.40338160899995],[-73.20619882099993,-39.41086922399995],[-73.2023174279999,-39.41327114999996],[-73.19614111499993,-39.41205267999993],[-73.18840910499995,-39.41392984299995],[-73.17951384899993,-39.41116779399994],[-73.17123353799991,-39.416118716999904],[-73.17056572999991,-39.4182227039999],[-73.16758707399993,-39.41789297199995],[-73.14553973799991,-39.410571982999954],[-73.1450542469999,-39.40759714799992],[-73.14048104799991,-39.40442723599995],[-73.13570033899992,-39.395382207999944],[-73.13291239799992,-39.39381483099993],[-73.12293450199991,-39.39291084599995],[-73.10756437799995,-39.39458213699993],[-73.1046242619999,-39.39360708799995],[-73.10143844699991,-39.39514520899991],[-73.09540331699992,-39.39334110099992],[-73.09236201699991,-39.39004394999995],[-73.08758504499991,-39.38947447299995],[-73.08667623499991,-39.38614885399994],[-73.08216604899991,-39.38299141299996],[-73.0806731049999,-39.37765242899991],[-73.07664870899993,-39.37364868599991],[-73.07698376999991,-39.37140628599991],[-73.07359268699992,-39.366737170999954],[-73.07093977199992,-39.359409608999954],[-73.06207312599992,-39.35771175199994],[-73.05895708599991,-39.351936295999906],[-73.05295740199995,-39.34763823599991],[-73.05250395599995,-39.344685987999924],[-73.04714331999992,-39.33928486399992],[-73.04619465899992,-39.33682291999992],[-73.0360092649999,-39.33745019199995],[-73.03313196599993,-39.336395781999954],[-73.03385172599991,-39.33483832999991],[-73.03219713399994,-39.332921563999946],[-73.03186196899992,-39.3287271449999],[-73.02758585299995,-39.3244897589999],[-73.0278501599999,-39.32065606599991],[-73.03068713399995,-39.31703261799993],[-73.03078160899992,-39.31226802799995],[-73.0281905029999,-39.30993115599995],[-73.02853254899992,-39.30706097199993],[-73.02446010299991,-39.29854012299995],[-73.01204239299994,-39.29706012899993],[-73.00973789299991,-39.29210235599993],[-73.00423944799991,-39.29255909299991],[-72.9903386869999,-39.29835183299991],[-72.9815421369999,-39.29902694499992],[-72.96812735999993,-39.30768613899994],[-72.9626718849999,-39.30989725199993],[-72.9570623589999,-39.31628649299995],[-72.9459111349999,-39.317350965999935],[-72.93466584099991,-39.31169381099994],[-72.9254812229999,-39.30514979499992],[-72.9200571259999,-39.30322851099993],[-72.90843339399993,-39.28958221599993],[-72.8982677159999,-39.288090491999924],[-72.87239732899991,-39.28819142799995],[-72.86637211599992,-39.286946723999904],[-72.85878155899991,-39.28811551399991],[-72.84780464799991,-39.293760585999905],[-72.84341000299992,-39.300394781999955],[-72.8423179749999,-39.30695007599991],[-72.83444996999992,-39.31174418599994],[-72.83290379399995,-39.31508048099994],[-72.83645941299994,-39.322349808999945],[-72.84815987999991,-39.33424000999992],[-72.85323344299991,-39.33336389699991],[-72.8584798679999,-39.334848059999956],[-72.85829267699995,-39.34098014099993],[-72.86119610199995,-39.344957225999906],[-72.86132596199991,-39.349712163999925],[-72.8578622519999,-39.351755634999904],[-72.85743927099992,-39.35582474899991],[-72.86991262299995,-39.36349053299995],[-72.87565716899991,-39.37134995899993],[-72.88046755199991,-39.37373515099995],[-72.88794998599991,-39.37377512699993],[-72.89959357099991,-39.38002840899992],[-72.90162078199995,-39.383831011999916],[-72.90191142299994,-39.38960476699992],[-72.89762957799991,-39.39307482299995],[-72.89638175199991,-39.39957322899994],[-72.90009954099992,-39.40934563999991],[-72.8972873479999,-39.43055967299995],[-72.89381103799991,-39.42948530499996],[-72.88902679899991,-39.424218080999935],[-72.8856850489999,-39.42435557299996],[-72.88606933799991,-39.41894334299991],[-72.8840659729999,-39.41837984999995],[-72.88521078999992,-39.41535546199992],[-72.88260697299995,-39.41184842599995],[-72.8798527479999,-39.412523507999936],[-72.8776556549999,-39.41488446199992],[-72.87161047299992,-39.41508479899994],[-72.86801073799995,-39.41374401099995],[-72.87073868199991,-39.409262215999945],[-72.86747670799991,-39.40732846599991],[-72.86952131599992,-39.40597397399995],[-72.8697356479999,-39.403725523999924],[-72.86845774699992,-39.402715566999916],[-72.86960938499993,-39.39866887499994],[-72.8614832849999,-39.39929905199995],[-72.8563118969999,-39.39805062499994],[-72.84703476999994,-39.40785725099994],[-72.84480378699993,-39.41253688799992],[-72.83587687799991,-39.41327654399993],[-72.8364203939999,-39.417156218999935],[-72.83855331199993,-39.41858784699991],[-72.83879697899994,-39.42111051799992],[-72.84297727099994,-39.426643363999915],[-72.84639157799995,-39.42802203399992],[-72.84779488999993,-39.430458045999956],[-72.84635892299991,-39.434386601999904],[-72.84805344599994,-39.43548109299991],[-72.84842615199994,-39.43993414899995],[-72.84378157299994,-39.44463661299994],[-72.8436718559999,-39.44873386499995],[-72.84015685799994,-39.45222733199995],[-72.8409646419999,-39.45666595599994],[-72.83849223699991,-39.458210169999916],[-72.83721165499992,-39.46102542999995],[-72.8403692199999,-39.465531949999956],[-72.8397750979999,-39.46875110099995],[-72.84139368799993,-39.47169258699995],[-72.8394181669999,-39.47404336799991],[-72.84129382999993,-39.47760088699994],[-72.84122131399994,-39.480509567999945],[-72.84297517099992,-39.48242058499994],[-72.84162735699994,-39.484719980999955],[-72.8432600459999,-39.48813330699994],[-72.84286846399993,-39.489869351999914],[-72.83923270899993,-39.49200460199995],[-72.84051307499993,-39.49435731799991],[-72.83905434999991,-39.495956391999925],[-72.83984059699992,-39.49901166399991],[-72.83865591699993,-39.50335015999991],[-72.8454703299999,-39.50725161199995],[-72.8456526889999,-39.509159548999946],[-72.83828857399993,-39.51100963199991],[-72.82551562499992,-39.510808863999955],[-72.8072740739999,-39.51624893299993],[-72.80867950899994,-39.51993305099995],[-72.81143456899991,-39.51991077699995],[-72.8120709829999,-39.52127590199996],[-72.80413511699993,-39.525119263999954],[-72.80517951399992,-39.526935281999954],[-72.80217907499991,-39.52676585499995],[-72.80088982399991,-39.522322414999906],[-72.79810020699995,-39.52185966299993],[-72.79885195199995,-39.52144596599993],[-72.79602881799991,-39.51811307699995],[-72.78862650699995,-39.520814860999906],[-72.78693774599992,-39.52408460099991],[-72.78100513899994,-39.52432731999994],[-72.77840278899993,-39.52789029699994],[-72.76992525999992,-39.5298045209999],[-72.7698219909999,-39.53268999499994],[-72.76806739799991,-39.53314279999995],[-72.76337454899993,-39.54106174099991],[-72.75513677099991,-39.548357961999955],[-72.75246095099993,-39.553878400999906],[-72.7529778249999,-39.55584789499994],[-72.75059140499991,-39.56239562399992],[-72.74688991599993,-39.56584346999995],[-72.73212442199991,-39.56971375099994],[-72.72532893899995,-39.57017249899991],[-72.70539096999994,-39.56667768099993],[-72.69222005699993,-39.56714927299993],[-72.68863198899993,-39.56528554099992],[-72.67627826699993,-39.56825818999994],[-72.67062930999992,-39.57437918499994],[-72.66893311199993,-39.578861995999944],[-72.66036582599992,-39.57709886899994],[-72.65248534299991,-39.581332422999935],[-72.63998365799995,-39.583483404999924],[-72.63632547999993,-39.58826393699991],[-72.6315647049999,-39.590933925999934],[-72.63090163099992,-39.59606032699992],[-72.62387354499992,-39.59873720899992],[-72.62059101199992,-39.60178562899995],[-72.6050020209999,-39.60772985999995],[-72.60130000099991,-39.607599999999934],[-72.6083014379999,-39.62279666199993],[-72.60837706699994,-39.62529368799994],[-72.61692611699993,-39.62441542799991],[-72.62071893399991,-39.62207431699994],[-72.6251960649999,-39.62140922399993],[-72.62740580199994,-39.62194088199993],[-72.62732329399995,-39.623204950999934],[-72.64201846299994,-39.626589880999916],[-72.6467107819999,-39.623058976999914],[-72.64998233799992,-39.622255872999915],[-72.64975755199993,-39.617904497999916],[-72.65645684499992,-39.611499384999945],[-72.66014778399995,-39.61424047799994],[-72.66288806099993,-39.61425962799996],[-72.66539191899994,-39.61765233199992],[-72.67163984199993,-39.61750300999995],[-72.67381617299992,-39.619213293999906],[-72.67853656199992,-39.6164564149999],[-72.68571309499993,-39.616685255999926],[-72.6876057149999,-39.611619352999924],[-72.68949057399993,-39.61065236699994],[-72.7032472759999,-39.61088473199993],[-72.70937119899992,-39.61233452899995],[-72.72060071499993,-39.611924866999914],[-72.71996103499993,-39.61347087599995],[-72.7243315259999,-39.61606112699991],[-72.72557079899991,-39.61896830599994],[-72.73047989499992,-39.62102382899991],[-72.73037003799993,-39.623850525999956],[-72.73675918599992,-39.62731309299994],[-72.7370565729999,-39.630967556999906],[-72.74135545299993,-39.63634858699993],[-72.74279029799993,-39.64126840499995],[-72.74121127199993,-39.642926890999945],[-72.74147262499991,-39.64474279299992],[-72.74483383899991,-39.6458774699999],[-72.76463849399994,-39.64411704399993],[-72.76661286699994,-39.640357680999955],[-72.76899323299995,-39.638775539999926],[-72.77384793599992,-39.64018360999995],[-72.79031886199994,-39.62876612799994],[-72.79749571399992,-39.62627141699994],[-72.79094314999992,-39.624113363999925],[-72.79244603899991,-39.61886771399992],[-72.78231554399991,-39.61769225699993],[-72.78250056399992,-39.612576986999954],[-72.78519483199995,-39.61141741299991],[-72.78564903799992,-39.60990424999994],[-72.79062122899995,-39.608674522999934],[-72.80154375599994,-39.612431528999934],[-72.80528870099994,-39.60881069699991],[-72.81541539499995,-39.605580612999916],[-72.82564111399995,-39.603840040999955],[-72.82805906599992,-39.60471194899992],[-72.83013062399993,-39.60350281199993],[-72.8343851599999,-39.60912725199995],[-72.83843071399991,-39.61109069699995],[-72.84174879499994,-39.61122738899991],[-72.84083781299995,-39.60815733299995],[-72.84340139299991,-39.60644894399991],[-72.84771262399994,-39.60881554999992],[-72.84939912699991,-39.61293430299992],[-72.85695199499992,-39.61418925599992],[-72.86548212399993,-39.6177551209999],[-72.86986637399991,-39.61761026599993],[-72.87517042399992,-39.61427760299995],[-72.8875329139999,-39.61006340699993],[-72.88843812099992,-39.61136786499992],[-72.8968548119999,-39.61050746099994],[-72.89970257199991,-39.61158550499994],[-72.90665578099993,-39.61106735699991],[-72.91127879699991,-39.61273533499991],[-72.92190677899993,-39.61276022399994],[-72.92655354699991,-39.61503253899991],[-72.92768951199992,-39.61673304699991],[-72.92705465299991,-39.619050616999914],[-72.92920540499995,-39.61636367999995],[-72.93446676499991,-39.61389873999991],[-72.93910619999991,-39.60872873899996],[-72.93433098899993,-39.60311218699991],[-72.93427435199993,-39.60124625099991],[-72.9377651609999,-39.597767623999914],[-72.9379075949999,-39.59529709399993],[-72.93638501799995,-39.594315062999954],[-72.93934233599992,-39.591529162999905],[-72.95595759499992,-39.59104391099993],[-72.96666151799991,-39.596380636999925],[-72.97044403299992,-39.60087038899991],[-72.9734468019999,-39.60198592599994],[-72.97505685999994,-39.60541053499992],[-72.9796750509999,-39.60715769399991],[-72.98190941599995,-39.61484291699992],[-72.9960319349999,-39.604397699999936],[-72.9970312499999,-39.60919264599994],[-73.00125867699995,-39.61318905799993],[-73.00390815299994,-39.620030981999946],[-73.0073828479999,-39.62320996099993],[-73.01411976999992,-39.62549791299995],[-73.0142172379999,-39.62099013299991],[-73.01745266499995,-39.61586328299995],[-73.01945568499991,-39.61898950999995],[-73.03280110599991,-39.62830029799994],[-73.03738315599992,-39.633621288999905],[-73.04369104099993,-39.63512418399995],[-73.04617946799993,-39.63763465099993],[-73.05098246699993,-39.63786852699991],[-73.05424998899991,-39.64447765199992],[-73.05614875799995,-39.644401341999924],[-73.06398975399992,-39.65290205999992],[-73.06796813699992,-39.65511255999991],[-73.07043004699995,-39.66583411399995],[-73.07300957299992,-39.66679140799994],[-73.07441631599994,-39.670549130999916],[-73.0744882589999,-39.67462255499993],[-73.07865763699994,-39.67612412199992],[-73.08407240699995,-39.68184896799994],[-73.08572832499993,-39.68577283199994],[-73.08949985999993,-39.687542237999935],[-73.0915608549999,-39.69050868399995],[-73.10083329499992,-39.68616958899992],[-73.1023552499999,-39.68749182699992],[-73.1048905749999,-39.68574037999991],[-73.1022644549999,-39.686283087999925],[-73.10265571199994,-39.685541704999935],[-73.10463402799991,-39.684808225999916],[-73.10786885399995,-39.68524389499993],[-73.11121767499992,-39.6879426829999],[-73.11357932299995,-39.68611163799994],[-73.11398111099993,-39.68886152299996],[-73.11509731299992,-39.689330120999955],[-73.11384450499992,-39.69644969899991],[-73.11694347399992,-39.70126146299992],[-73.12073235499992,-39.70145800799992],[-73.11749337599991,-39.70114425199995],[-73.11547245899993,-39.69879605199992],[-73.11563065999991,-39.69633005399993],[-73.12026227699994,-39.69992330899993],[-73.13071737699994,-39.70292559699993],[-73.13650801999995,-39.702856536999946],[-73.13668087499991,-39.70166106499994],[-73.14198204599995,-39.699318011999935],[-73.14713730299991,-39.701571679999915],[-73.14958663899995,-39.700561156999925],[-73.15234838499993,-39.69715454999994],[-73.14637960499994,-39.69275740199993],[-73.15040342499992,-39.69055571899992],[-73.14747046199994,-39.68837822499995],[-73.14645520499994,-39.68352846899995],[-73.14829584199992,-39.68779226799995],[-73.1513157359999,-39.689088202999926],[-73.15099130899995,-39.69127682699991],[-73.14891957599991,-39.69172581299995],[-73.14850314699993,-39.69345348199994],[-73.1512862589999,-39.694754651999915],[-73.15563839599992,-39.694702254999925],[-73.15867066699991,-39.69702977499992],[-73.16343856399993,-39.69658726699993],[-73.16640432799994,-39.699512659999925],[-73.16856584399994,-39.70441186499994],[-73.16794320899993,-39.7028163839999],[-73.17003359499995,-39.69987625199991],[-73.17303136099991,-39.69953156299994],[-73.17231313199994,-39.69862832399991],[-73.17373548199993,-39.698758823999924],[-73.17782198299994,-39.69493097199995],[-73.18481925099991,-39.69357206099994],[-73.18581122799992,-39.68925853199994],[-73.18279388799994,-39.6872562879999],[-73.17160605299995,-39.684404815999926],[-73.16623585199994,-39.68098211499995],[-73.16445327799994,-39.670471456999906],[-73.16102711699995,-39.671300163999945],[-73.15699243499995,-39.6691414899999],[-73.16250197099993,-39.6693999979999],[-73.16453999799995,-39.66609423299991],[-73.1526237139999,-39.65669307199994],[-73.15020104599995,-39.653239915999904],[-73.14686793699991,-39.65202905199993],[-73.13755856499995,-39.652731496999934],[-73.13210989399994,-39.65042764799995],[-73.13086539999995,-39.64741197899991],[-73.12584462699994,-39.64493003299992],[-73.1265220059999,-39.64382379199992],[-73.13242236699995,-39.64685592199993],[-73.13706183699992,-39.651318053999944],[-73.14970968299991,-39.651560831999916],[-73.14825838599995,-39.6496051659999],[-73.15184750599991,-39.65134711799993],[-73.15381007899992,-39.655392055999926],[-73.15627182799994,-39.655575323999926],[-73.15682886699994,-39.658408633999954],[-73.16104544199993,-39.66077290699991],[-73.16273598799995,-39.65424077799992],[-73.16194595799993,-39.65268765499991],[-73.15507726399994,-39.649488472999906],[-73.15593729499994,-39.647276793999936],[-73.15416909599992,-39.64537472899991],[-73.1512791319999,-39.64596842699996],[-73.14719135599995,-39.64474555599992],[-73.1475613479999,-39.64340904699992],[-73.15216022899995,-39.64263993599991],[-73.14868251899992,-39.63545353899991],[-73.14861017699991,-39.62836191699995],[-73.13721934799992,-39.62088657999993],[-73.13153935299994,-39.620209718999945],[-73.12908626699993,-39.61676340899993],[-73.13245635499993,-39.6199812129999],[-73.13616251099995,-39.61902718299996],[-73.14015970999992,-39.62199232099994],[-73.14372991099992,-39.62165752799996],[-73.14356730899993,-39.6236820659999],[-73.14893239499992,-39.626272344999904],[-73.15098019499993,-39.62927359699995],[-73.15091499599993,-39.63612427699991],[-73.15308918699992,-39.63652376099992],[-73.15223972899992,-39.638613962999955],[-73.1532960639999,-39.64117594499993],[-73.1546881459999,-39.64218010899992],[-73.15807202499991,-39.64132838099994],[-73.15504922499991,-39.64311832799996],[-73.15495478299994,-39.644342115999905],[-73.16434950799993,-39.65360860599992],[-73.16245158899994,-39.65961492999992],[-73.16233151299991,-39.66268976099991],[-73.16343614699991,-39.66348205299994],[-73.16752013199994,-39.66316367999991],[-73.16749246299992,-39.65908195499992],[-73.17018568999993,-39.65394848599993],[-73.17184204199992,-39.64637957899993],[-73.17162328099994,-39.641191170999946],[-73.1744497979999,-39.64191585799995],[-73.17717443399994,-39.63748093499993],[-73.1756091869999,-39.63388408399993],[-73.1731447539999,-39.640665536999904],[-73.17140725999991,-39.639106574999914],[-73.17228499099991,-39.63794014799993],[-73.16991450599994,-39.63660994999992],[-73.17010353099994,-39.632671269999946],[-73.1677594649999,-39.625877175999904],[-73.16548212299995,-39.62172837899993],[-73.16381012999994,-39.62107579399992],[-73.16694371999995,-39.62133251499995],[-73.16812768599993,-39.62251792899991],[-73.16712750199991,-39.62289406299993],[-73.16760521999993,-39.624023285999954],[-73.17582979399992,-39.63050447699993],[-73.1756777409999,-39.632439133999924],[-73.17994660099993,-39.63433054399991],[-73.16326692099994,-39.61760754799991],[-73.1600021559999,-39.615740451999955],[-73.14388790099991,-39.611929785999905],[-73.13502779099991,-39.6061298809999],[-73.13382996099995,-39.60299785399991],[-73.12901595099993,-39.60070857199992],[-73.12737187699992,-39.59813238499993],[-73.12851290499992,-39.595357823999905],[-73.12655767399991,-39.59536684799991],[-73.12750940599994,-39.59443168899992],[-73.12990453599991,-39.59506039899992],[-73.12902746299994,-39.592735331999904],[-73.13111611999994,-39.595314146999954],[-73.13279222499995,-39.59531857899992],[-73.13293345699992,-39.59997877199993],[-73.14040980599992,-39.6047611379999],[-73.14392101899995,-39.6054569769999],[-73.1418693519999,-39.60808197999995],[-73.14333830699991,-39.608276652999905],[-73.14489764599995,-39.60552213199992],[-73.15405988299995,-39.60825384399993],[-73.15441547499995,-39.609885713999915],[-73.1554923349999,-39.60927665899993],[-73.15913999199995,-39.6112867409999],[-73.16072197499994,-39.61511668199995],[-73.17400289999995,-39.62717377699994],[-73.1715824069999,-39.62250029499995],[-73.16883398099992,-39.6209433919999],[-73.16872221499995,-39.618747809999945],[-73.1667647299999,-39.61876197499993],[-73.16288921499995,-39.616142030999924],[-73.16319832599993,-39.61430897699995],[-73.16147281099995,-39.61444835099991],[-73.15959547999995,-39.61061659699993],[-73.17093577599991,-39.61896288299994],[-73.1704036289999,-39.61752198599993],[-73.17157213899992,-39.61705387299992],[-73.1690748549999,-39.61650098699994],[-73.16762447999992,-39.61421221599994],[-73.16929426999991,-39.61049508599996],[-73.16823605499991,-39.608550359999924],[-73.16934423399994,-39.60801824999993],[-73.16926654358618,-39.605399030394885],[-73.1708616869999,-39.60745203199991],[-73.17583668399993,-39.60950336499991],[-73.17777692699991,-39.616327017999936],[-73.18203897799992,-39.61938948299991],[-73.18315671599993,-39.62665063999992],[-73.18417835699995,-39.626900865999914],[-73.18588737099992,-39.62412800799996],[-73.18691870299995,-39.624605705999954],[-73.18493956799995,-39.62747586099994],[-73.18621782699995,-39.63011310099995],[-73.1886706109999,-39.63108386999994],[-73.18753215799995,-39.631818402999954],[-73.1844206259999,-39.63011204599991],[-73.18586133199994,-39.64693280299991],[-73.18286818099995,-39.65361609599995],[-73.1840964029999,-39.65230641099993],[-73.18452531399993,-39.654984431999935],[-73.18561077699991,-39.65484373299995],[-73.1889646859999,-39.651382388999934],[-73.18916742499994,-39.653466744999946],[-73.1829710369999,-39.657532328999935],[-73.18153023299993,-39.66319475499995],[-73.17890371699991,-39.66622131399993],[-73.17891534599994,-39.66932976299995],[-73.18216587199993,-39.67185380199993],[-73.18553261799991,-39.671978543999955],[-73.19031554499992,-39.677224630999945],[-73.19602765899992,-39.68070559499995],[-73.1972130879999,-39.680210469999906],[-73.19721614899993,-39.678327537999905],[-73.1994950319999,-39.677871886999924],[-73.1991833269999,-39.67385333099992],[-73.20124490699993,-39.67702058799995],[-73.2059932969999,-39.67650844499991],[-73.20599808199995,-39.67868881299995],[-73.2076099379999,-39.679002012999945],[-73.21534314099995,-39.67640028199992],[-73.2193611809999,-39.67730887099992],[-73.22033244199991,-39.67612099599995],[-73.2193089459999,-39.67451963099995],[-73.22245051999994,-39.67530655199994],[-73.22272706899992,-39.67054475899994],[-73.22796551899995,-39.66828235699995],[-73.22435422299992,-39.66356926599991],[-73.22261771299992,-39.66332646799992],[-73.2221739169999,-39.66017535199995],[-73.21982707399991,-39.6584816429999],[-73.2239289229999,-39.66060313399993],[-73.22511389199991,-39.66007617799994],[-73.2264897689999,-39.661997768999925],[-73.23013784799991,-39.65881945599995],[-73.22934934099993,-39.65671722399992],[-73.23171860899993,-39.65610914799993],[-73.2331824819999,-39.65363578999995],[-73.23589416699991,-39.6530778849999],[-73.23632159999994,-39.651336526999955],[-73.24457267299994,-39.64957856099994],[-73.24792450799993,-39.65152569499992],[-73.25196631799992,-39.65145146799995],[-73.26268134799994,-39.64718857699995],[-73.26555545699995,-39.6474567809999],[-73.26787402899993,-39.649671706999925],[-73.27083056899994,-39.64672459099995],[-73.27648468899991,-39.6456554209999],[-73.2811028399999,-39.64158846799995],[-73.28605726299992,-39.64312430599995],[-73.29194339299994,-39.648960609999904],[-73.31499018399995,-39.64384650199992],[-73.3149757409999,-39.64189120399993],[-73.31995280799993,-39.63655302899991],[-73.32021405799992,-39.63382238199995],[-73.32233284599994,-39.63338901199995],[-73.32437790299991,-39.63081925299991],[-73.32290048199991,-39.62749588899993],[-73.31922461099992,-39.626019224999936],[-73.31999706199991,-39.62250311999992],[-73.31623899599992,-39.61845291499992],[-73.31706529399992,-39.61536106099993],[-73.31352140999991,-39.612557204999916],[-73.30596639499993,-39.61095165699993],[-73.3041822429999,-39.606258614999945],[-73.30638613499991,-39.60161474899991],[-73.2982188659999,-39.59545889899994],[-73.29302386599994,-39.59621156599991],[-73.29027049899992,-39.59487367999992],[-73.28991562699991,-39.59302597799996],[-73.29199419399993,-39.59157897099993],[-73.28281513899992,-39.588389366999934],[-73.28168744999994,-39.584309326999914],[-73.28245200099991,-39.58137446699993],[-73.28043294899993,-39.580448135999916],[-73.2800501879999,-39.57591510199995],[-73.28246198699992,-39.56593650099995],[-73.28494174899993,-39.56058081999993],[-73.28927726099994,-39.55961762699991],[-73.28843555599991,-39.55796095699992],[-73.2910266529999,-39.556751249999934],[-73.28799605499995,-39.55423796999992],[-73.28551814999992,-39.55436811399994],[-73.27963197699995,-39.55074028999991],[-73.27546773599994,-39.54971001599995],[-73.28107922799995,-39.54615323199994],[-73.27935195999993,-39.54146512999995],[-73.27622402199995,-39.542635085999905],[-73.27528566199993,-39.541436381999915],[-73.2714595569999,-39.540960577999954],[-73.27024684499992,-39.542262457999925],[-73.2658379369999,-39.53890368799995],[-73.26506722999994,-39.54029770199992],[-73.26404039199991,-39.53921471399991],[-73.25596294999991,-39.54042269799993],[-73.25360193199992,-39.5386348479999],[-73.25093251899995,-39.53204463199995],[-73.24992816399993,-39.52006007999995],[-73.25216964099991,-39.51171023999996],[-73.2575955069999,-39.50756162599993],[-73.26166930799991,-39.508667758999934],[-73.25952620099991,-39.50712654999995],[-73.26107545899993,-39.50592440999992],[-73.25864829999995,-39.504234778999944],[-73.25990057199994,-39.50371745199993],[-73.2589607079999,-39.50290150799992],[-73.25690108299995,-39.50291568699993],[-73.2574196839999,-39.50491011799994],[-73.25601306899995,-39.505609801999924],[-73.24816648399991,-39.50333396299993],[-73.24536973999994,-39.49820576499991],[-73.24593341299993,-39.48948830499995],[-73.2473026799999,-39.486157318999915],[-73.24849000099994,-39.486017543999935],[-73.24994609399994,-39.477736947999915],[-73.25446913399992,-39.467484208999906],[-73.2576015379999,-39.465517501999955],[-73.26299552799992,-39.466228903999934],[-73.26180394399995,-39.46471546399994],[-73.26420168099992,-39.46379624399992],[-73.26471192899993,-39.46200189399991],[-73.26629523899993,-39.463539167999954],[-73.26609497599992,-39.4580852279999],[-73.26385810599993,-39.45777254199993],[-73.26624518599994,-39.456920692999915],[-73.26430605099995,-39.455472709999924],[-73.26509961099993,-39.45466916299995],[-73.26146802799991,-39.45386709999991],[-73.26004801499994,-39.45593614299992],[-73.25754771999993,-39.45646181399991],[-73.25582325999994,-39.45541334099994],[-73.25338253399991,-39.45692639199996],[-73.24772647999993,-39.4553141209999],[-73.24682341199991,-39.45393101299993],[-73.24084221299995,-39.45515159999991],[-73.2379014249999,-39.45289065199995],[-73.23745712499993,-39.449771021999936],[-73.23587146999995,-39.449255938999954],[-73.23194009799994,-39.44361913999995],[-73.22506501999993,-39.447846461999916],[-73.21731430099993,-39.44579243699991],[-73.21355763699995,-39.44807733099992],[-73.20405424233704,-39.448689320388965]],[[-73.20402466129035,-39.44870965416701],[-73.20682114999994,-39.45291550899992],[-73.2045985119999,-39.453083928999945],[-73.20382990199994,-39.45198637699991],[-73.20253058959796,-39.45305588592523],[-73.20380906699995,-39.451864422999904],[-73.2066361009999,-39.45279552699992],[-73.20338346999995,-39.44915040399991],[-73.20402466129035,-39.44870965416701]],[[-73.20206618168407,-39.45343815612301],[-73.2019658239999,-39.453520763999904],[-73.20108826799992,-39.452142205999905],[-73.19847809799995,-39.45212882199991],[-73.20112610899992,-39.452111257999945],[-73.20206618168407,-39.45343815612301]]],[[[-73.10423356099994,-39.68649995299995],[-73.1090257159999,-39.68731688299994],[-73.11345608999994,-39.69122696199992],[-73.1127226939999,-39.69436381599991],[-73.11352814899993,-39.694255281999915],[-73.11347611499991,-39.68990930099994],[-73.10817280999993,-39.68577589699993],[-73.10423356099994,-39.68649995299995]]]]}},{"type":"Feature","properties":{"cut":14107,"comuna":"PAILLACO"},"geometry":{"type":"Polygon","coordinates":[[[-72.97479134699995,-39.92573917099992],[-72.97571588199992,-39.92377336099992],[-72.98429815199995,-39.9267247059999],[-72.98612759199995,-39.92504030799995],[-72.99647991199993,-39.93076471599994],[-73.00115677199994,-39.93049862399994],[-73.00164646799993,-39.93186741599993],[-73.00719072599992,-39.93306647199995],[-73.00748231699993,-39.93418408899993],[-73.00536061699995,-39.93553947399994],[-73.00771620099994,-39.93653493699992],[-73.00698839099994,-39.937594486999956],[-73.00863150899994,-39.938064167999926],[-73.00926349399992,-39.94189931599993],[-73.01390216599992,-39.94533022399992],[-73.01956260599991,-39.94799913899993],[-73.02189742199994,-39.94778226099993],[-73.02628816399994,-39.95076250299991],[-73.02686028999995,-39.95284880399993],[-73.0233737929999,-39.95623980699992],[-73.02370393399991,-39.95831748899991],[-73.02098651099993,-39.961437746999934],[-73.02064392799991,-39.964359791999925],[-73.00991953599993,-39.97099584199992],[-73.00407769599991,-39.971165630999906],[-73.00079856099995,-39.974627066999915],[-73.00677176599993,-39.97807155399994],[-73.0171236459999,-39.97600013899995],[-73.0226692139999,-39.97888694299991],[-73.03291172299993,-39.98075156199991],[-73.04015079299995,-39.98707124099991],[-73.04330301599992,-39.98750332299994],[-73.04687377899995,-39.98993381799994],[-73.05146460999993,-39.99455476599991],[-73.06480520299993,-39.99634339399995],[-73.0621788759999,-40.00841271099995],[-73.0674867749999,-40.01087521699992],[-73.06743094799992,-40.0168246529999],[-73.0702480839999,-40.02007427199993],[-73.07138505499995,-40.02380486299995],[-73.07358522599992,-40.02697655999992],[-73.07816578299992,-40.02856613599994],[-73.08033231299993,-40.03154345699994],[-73.0845652029999,-40.03091534099991],[-73.08963039899993,-40.02670625499991],[-73.08954543099992,-40.02129951999996],[-73.08729637399995,-40.018415596999944],[-73.08925475699994,-40.01667766599991],[-73.09248273299994,-40.016888518999906],[-73.09468493399993,-40.01901482499994],[-73.09863691699991,-40.01916083599991],[-73.09976860799992,-40.022319007999954],[-73.1045059029999,-40.02185608499991],[-73.1067435889999,-40.02322149199995],[-73.1065784239999,-40.02029540199993],[-73.10164135999992,-40.01888128399992],[-73.10039333999993,-40.015770769999904],[-73.10846223999994,-40.01336678799993],[-73.11272707899991,-40.014612008999904],[-73.1159241659999,-40.011925333999955],[-73.11720453499993,-40.012603800999955],[-73.12051913199991,-40.01080178199993],[-73.12973855699994,-40.01011315199992],[-73.13426712199993,-40.011253724999904],[-73.14551937399995,-40.008042521999926],[-73.1475177339999,-40.01033630799992],[-73.14987972099993,-40.00718870499992],[-73.15619017599994,-40.0071903189999],[-73.15840779099995,-40.00597334299994],[-73.15896601499992,-40.007842567999944],[-73.16220149299994,-40.00967771499995],[-73.1723998299999,-40.01295164499993],[-73.1720869099999,-40.01652777599992],[-73.1735639389999,-40.018780792999905],[-73.17034659599994,-40.025887646999934],[-73.16504599199993,-40.02709659099992],[-73.16414707799993,-40.02920846099994],[-73.1589088739999,-40.03238656399992],[-73.15605007099992,-40.031868122999924],[-73.15266235699994,-40.03368800499993],[-73.1563333279999,-40.039462657999934],[-73.15522906699994,-40.04414773499991],[-73.15100402599995,-40.04710736299995],[-73.15096207199991,-40.050584131999926],[-73.15567029899995,-40.052564583999924],[-73.15887945899993,-40.05643091299993],[-73.15733323499995,-40.0617395939999],[-73.15077220799992,-40.06595605599995],[-73.1503322829999,-40.064173007999955],[-73.1482794339999,-40.06347805099995],[-73.14248554999995,-40.06594379299992],[-73.12704248799992,-40.066240111999946],[-73.12198597199995,-40.07061310599994],[-73.11464448899994,-40.06984968899991],[-73.11048271199991,-40.067588206999915],[-73.09914379499992,-40.06911463599994],[-73.0988290539999,-40.071496494999906],[-73.09372423099995,-40.075428926999905],[-73.0861108119999,-40.07639980199991],[-73.08438388299993,-40.07834485799992],[-73.0835017579999,-40.08058990099994],[-73.08479713199995,-40.08662749799993],[-73.08331839999994,-40.08890700099994],[-73.08531841299992,-40.090913117999946],[-73.08332078399991,-40.09519527999993],[-73.07900986899995,-40.09728144399992],[-73.07346107099994,-40.095937034999906],[-73.07166623799992,-40.099600754999926],[-73.06275959599992,-40.10174030499991],[-73.04289896099993,-40.09887935699993],[-73.04072200099995,-40.096329100999924],[-73.0362651989999,-40.09426266899993],[-73.0293495869999,-40.092992058999926],[-73.02807978299995,-40.09398392399993],[-73.02329076599995,-40.0900149979999],[-73.02104608399992,-40.090368536999904],[-73.01854589699991,-40.08883933899995],[-73.01798465199994,-40.087338787999954],[-73.01104253099993,-40.085971996999945],[-73.02296549699992,-40.127971301999935],[-73.01072411699994,-40.12744872899992],[-73.00797746399991,-40.13711523099994],[-73.00215996399993,-40.14110011199995],[-73.00096330699995,-40.14374869199992],[-72.98672051699992,-40.13806452999995],[-72.98807933099994,-40.147771174999946],[-72.98994363799994,-40.14981248799995],[-72.9897383519999,-40.15239439699991],[-72.98677656099994,-40.15727513699994],[-72.98740530899994,-40.15796920899993],[-72.97498426899995,-40.15835559499993],[-72.9752177709999,-40.149762110999916],[-72.95649599299992,-40.14774040399993],[-72.95159726199995,-40.1592386719999],[-72.94107722099994,-40.16214908799992],[-72.94128570299995,-40.164597493999906],[-72.93866725999993,-40.166396927999926],[-72.93150336999992,-40.16537142199991],[-72.92340509899992,-40.16828771699994],[-72.92208816999994,-40.17263459199995],[-72.92691400799993,-40.17788349399996],[-72.92247666999992,-40.17863316799992],[-72.91936146099994,-40.17709530099995],[-72.91362829799994,-40.17766321799991],[-72.90877501799991,-40.171805667999934],[-72.9026795769999,-40.17036723199993],[-72.89584572099994,-40.166553577999935],[-72.8866804999999,-40.16982782899993],[-72.87469179999994,-40.166203078999956],[-72.8694734099999,-40.16607560199992],[-72.86335190999995,-40.16308453999994],[-72.85767281299991,-40.16466413999996],[-72.84772007299995,-40.15836723099994],[-72.84504705099994,-40.154221983999946],[-72.83918011199995,-40.16493761399994],[-72.84216781899994,-40.16638903499995],[-72.83564640399993,-40.17875459599992],[-72.85070906699991,-40.18206670099994],[-72.84012398099992,-40.20085132799994],[-72.8387262839999,-40.19967447599993],[-72.83281518099994,-40.20003235199994],[-72.82787696999992,-40.198088528999904],[-72.81978494299995,-40.19779220599992],[-72.81830618499993,-40.194151966999925],[-72.81371914899995,-40.19197544199994],[-72.80828833699991,-40.19193576299995],[-72.80545213099992,-40.193408562999934],[-72.8043243379999,-40.192423540999926],[-72.80610008499991,-40.18895581299995],[-72.79350233299994,-40.185196456999904],[-72.79330231299991,-40.18143756599994],[-72.7884251449999,-40.19116785099993],[-72.78185610299994,-40.190761669999915],[-72.77310143299991,-40.19774318099991],[-72.75989367199992,-40.19560848799995],[-72.75227609399991,-40.201382992999925],[-72.75064630599991,-40.19984242699991],[-72.75059151499994,-40.19708031099992],[-72.74786674599994,-40.19573010899995],[-72.74787890899995,-40.19369896899991],[-72.7424499139999,-40.18698556699991],[-72.73732030799994,-40.184723376999955],[-72.73316301999995,-40.181466575999934],[-72.73318207299991,-40.180034624999905],[-72.7298051059999,-40.18015759799994],[-72.73133596199995,-40.178669717999924],[-72.72695426799993,-40.17654784899992],[-72.7196068099999,-40.170088456999906],[-72.71522530499993,-40.17118212299994],[-72.71113276199992,-40.16655655199992],[-72.70586922199993,-40.16549294099991],[-72.70666768899991,-40.162288291999914],[-72.70376560999995,-40.16099660599991],[-72.68963278799993,-40.16645361199994],[-72.68445753799995,-40.170250764999935],[-72.6827376949999,-40.17325663399993],[-72.67473681199994,-40.17324001499992],[-72.6705654509999,-40.18391990899994],[-72.67052375999992,-40.19055538899994],[-72.66901733499992,-40.19313801299995],[-72.66711831899994,-40.19263756799995],[-72.6665924159999,-40.19039905799991],[-72.66325009399992,-40.18877332499994],[-72.65950572399993,-40.18404488899995],[-72.65750162599994,-40.183855697999945],[-72.65243482799991,-40.188716548999935],[-72.64931068399994,-40.18866663299991],[-72.64402113699992,-40.185725962999925],[-72.64104577899991,-40.181683706999934],[-72.62865903499994,-40.179002804999925],[-72.6226628039999,-40.181212890999916],[-72.62157907599993,-40.179519597999956],[-72.61549412499994,-40.18094377299991],[-72.61157536199994,-40.17890817099993],[-72.60596707699995,-40.18130105299991],[-72.60304123599991,-40.17823624899995],[-72.59533007199991,-40.17839604499994],[-72.59042955599995,-40.18394222299992],[-72.57842852199991,-40.18802459999995],[-72.56372171999993,-40.18151826299993],[-72.5533525049999,-40.182466018999946],[-72.54848735599995,-40.175269139999955],[-72.5400224569999,-40.16688840599994],[-72.56584173899995,-40.15603375799992],[-72.55072175899994,-40.14701734899995],[-72.5437588229999,-40.139356963999944],[-72.54677221499992,-40.13501595799994],[-72.54847397799995,-40.12871467899993],[-72.5511437209999,-40.12664982599995],[-72.55216590499992,-40.123041085999944],[-72.55515161699992,-40.12003222699991],[-72.55466356599993,-40.11515314199994],[-72.54767039299992,-40.11167215599994],[-72.54641030499994,-40.10956005199995],[-72.55066032499991,-40.10318214199992],[-72.55287275899991,-40.1020263499999],[-72.55236373399993,-40.09968247899991],[-72.55788072599995,-40.098920671999906],[-72.56066300499992,-40.09582194399991],[-72.56081545399991,-40.093442473999914],[-72.57206186099995,-40.08778748299994],[-72.59063527099994,-40.08726567699995],[-72.59535484499992,-40.085526107999954],[-72.59757078899992,-40.08308030299992],[-72.59373550999993,-40.081225150999956],[-72.59763830999992,-40.07885794799995],[-72.59893939799991,-40.073548934999906],[-72.5944184199999,-40.07387320999993],[-72.5937111259999,-40.06638652599992],[-72.59156985999994,-40.06032575599994],[-72.60074453599992,-40.05701397799993],[-72.60849597099991,-40.05128736899991],[-72.61326592599994,-40.04476463199995],[-72.61932776899994,-40.043421043999956],[-72.6242681569999,-40.04381977899993],[-72.62505136099992,-40.044871807999925],[-72.63043124099994,-40.04259028799993],[-72.63841011799991,-40.0421226869999],[-72.6422520939999,-40.03976870099996],[-72.65682403599993,-40.03559627499993],[-72.66274760999994,-40.03207656299992],[-72.66632660399995,-40.03140103399994],[-72.67142032499993,-40.02254014199991],[-72.67643921299992,-40.01832587799993],[-72.67627845999993,-40.01279144599994],[-72.6796212509999,-40.010322569999914],[-72.68368168599994,-40.001498934999915],[-72.68795824599994,-40.000296154999944],[-72.69072816499994,-39.99674349599991],[-72.69138737999992,-39.99360365199993],[-72.69311291199995,-39.993011933999924],[-72.6964406909999,-39.99658247399992],[-72.69571095599991,-40.00443690499992],[-72.70928945399993,-40.01316522999991],[-72.71233596999991,-40.01759611999995],[-72.71948686099995,-40.01649557399992],[-72.7292593169999,-40.01706143699994],[-72.73744209199992,-40.01188983299994],[-72.7413335839999,-40.01283060199995],[-72.74779685699991,-40.01089799499994],[-72.7537278659999,-40.01288244099993],[-72.7603414109999,-40.0133303099999],[-72.76348312899995,-40.01609809099995],[-72.76988187499995,-40.01737456299992],[-72.77327418699991,-40.01628222399995],[-72.77383767299995,-40.014311165999914],[-72.7813071619999,-40.01223836399993],[-72.78311894599995,-40.01060195699995],[-72.78477497499995,-40.004111404999946],[-72.79373967999993,-39.99803050299994],[-72.79649562599991,-39.993168744999934],[-72.79731486799994,-39.98922502499994],[-72.79563166199995,-39.98766604399992],[-72.79675404499994,-39.986291053999935],[-72.79585754699991,-39.984692982999945],[-72.79943598999995,-39.98364393499992],[-72.80044904099992,-39.98108669499993],[-72.80393756899991,-39.980155864999915],[-72.80639327499995,-39.98088859499995],[-72.80389124499993,-39.979233148999924],[-72.8045323149999,-39.97841199699991],[-72.80643247499995,-39.97769576399992],[-72.81128239499992,-39.97958021199992],[-72.81842226799995,-39.984376865999934],[-72.83023482199991,-39.98440500799995],[-72.83412019299993,-39.98163996999995],[-72.8333219989999,-39.979985462999934],[-72.83680511999995,-39.9748795509999],[-72.8353781859999,-39.96940263099992],[-72.83858764699994,-39.96427352199993],[-72.83757864499995,-39.96157910499994],[-72.84078688799991,-39.95837777199995],[-72.84173782199991,-39.954057779999914],[-72.84693853099992,-39.952902311999935],[-72.85469807399994,-39.95781185599992],[-72.8619631279999,-39.95681102799995],[-72.86424876699994,-39.959303560999956],[-72.8712645029999,-39.95968940799992],[-72.8740138739999,-39.95875342399995],[-72.87737815899993,-39.955297172999906],[-72.88410978599995,-39.954469857999925],[-72.88999643199992,-39.95051873299991],[-72.89632616699993,-39.950300485999946],[-72.90034528899992,-39.9526976489999],[-72.90307684699991,-39.95249035799992],[-72.90783767599993,-39.949504403999924],[-72.91150096699994,-39.94942183699993],[-72.9131932599999,-39.94604698799992],[-72.92019999799993,-39.94345000599992],[-72.92444432499991,-39.93982573699992],[-72.92908685799995,-39.93218819999993],[-72.93351102699995,-39.930753678999906],[-72.9353198579999,-39.928826486999924],[-72.94115852599992,-39.92818261399992],[-72.94300212699994,-39.9255487179999],[-72.94609373999992,-39.92619813299996],[-72.94854856899991,-39.92485874399995],[-72.95535349199992,-39.92610960499991],[-72.9566949199999,-39.927849454999944],[-72.95898635899994,-39.92784478599992],[-72.9598165619999,-39.92542699999996],[-72.9641187069999,-39.92390356699991],[-72.9661425509999,-39.92569583499994],[-72.97089064099993,-39.92469348199995],[-72.97479134699995,-39.92573917099992]]]}}]}