{"type":"FeatureCollection","features":[{"type":"Feature","properties":{"nombre":"General Lagos","jerarquia":4},"geometry":{"type":"LineString","coordinates":[[-73.25058,-39.82749],[-73.25061,-39.82775]]}},{"type":"Feature","properties":{"nombre":"General Lagos","jerarquia":4},"geometry":{"type":"LineString","coordinates":[[-73.25061,-39.82775],[-73.25062,-39.82812]]}},{"type":"Feature","properties":{"nombre":"General Lagos","jerarquia":4},"geometry":{"type":"LineString","coordinates":[[-73.25062,-39.82812],[-73.25064,-39.82864]]}},{"type":"Feature","properties":{"nombre":"General Lagos","jerarquia":4},"geometry":{"type":"LineString","coordinates":[[-73.25064,-39.82864],[-73.25066,-39.8289]]}},{"type":"Feature","properties":{"nombre":"General Lagos","jerarquia":4},"geometry":{"type":"LineString","coordinates":[[-73.25066,-39.8289],[-73.25086,-39.83031]]}},{"type":"Feature","properties":{"nombre":"General Lagos","jerarquia":4},"geometry":{"type":"LineString","coordinates":[[-73.25086,-39.83031],[-73.25146,-39.83297]]}},{"type":"Feature","properties":{"nombre":"General Lagos","jerarquia":4},"geometry":{"type":"LineString","coordinates":[[-73.25146,-39.83297],[-73.25167,-39.83388]]}},{"type":"Feature","properties":{"nombre":"Camino Las Gaviotas","jerarquia":5},"geometry":{"type":"LineString","coordinates":[[-73.18996,-39.86412],[-73.18971,-39.86459],[-73.18846,-39.866],[-73.18807,-39.86701],[-73.18786,-39.86743],[-73.18567,-39.87122],[-73.18532,-39.87164],[-73.18445,-39.87237]]}},{"type":"Feature","properties":{"nombre":"Camino Las Gaviotas","jerarquia":5},"geometry":{"type":"LineString","coordinates":[[-73.18445,-39.87237],[-73.18366,-39.87304]]}},{"type":"Feature","properties":{"nombre":"Camino Las Gaviotas","jerarquia":5},"geometry":{"type":"LineString","coordinates":[[-73.18366,-39.87304],[-73.18349,-39.87317]]}},{"type":"Feature","properties":{"nombre":"Camino Las Gaviotas","jerarquia":5},"geometry":{"type":"LineString","coordinates":[[-73.18349,-39.87317],[-73.18235,-39.87396]]}},{"type":"Feature","properties":{"nombre":"Camino Las Gaviotas","jerarquia":5},"geometry":{"type":"LineString","coordinates":[[-73.18235,-39.87396],[-73.18207,-39.87406]]}},{"type":"Feature","properties":{"nombre":"Camino Las Gaviotas","jerarquia":5},"geometry":{"type":"LineString","coordinates":[[-73.18207,-39.87406],[-73.18137,-39.8741]]}},{"type":"Feature","properties":{"nombre":"Camino Las Gaviotas","jerarquia":5},"geometry":{"type":"LineString","coordinates":[[-73.18137,-39.8741],[-73.181,-39.87413]]}},{"type":"Feature","properties":{"nombre":"Camino Las Gaviotas","jerarquia":5},"geometry":{"type":"LineString","coordinates":[[-73.181,-39.87413],[-73.18046,-39.87426]]}},{"type":"Feature","properties":{"nombre":"Camino Las Gaviotas","jerarquia":5},"geometry":{"type":"LineString","coordinates":[[-73.18046,-39.87426],[-73.18008,-39.87455]]}},{"type":"Feature","properties":{"nombre":"Camino Las Gaviotas","jerarquia":5},"geometry":{"type":"LineString","coordinates":[[-73.18008,-39.87455],[-73.17989,-39.87489],[-73.17983,-39.87525]]}},{"type":"Feature","properties":{"nombre":"Camino Las Gaviotas","jerarquia":5},"geometry":{"type":"LineString","coordinates":[[-73.17983,-39.87525],[-73.17994,-39.8763]]}},{"type":"Feature","properties":{"nombre":"Camino Las Gaviotas","jerarquia":5},"geometry":{"type":"LineString","coordinates":[[-73.17994,-39.8763],[-73.18,-39.87704]]}},{"type":"Feature","properties":{"nombre":"Camino Las Gaviotas","jerarquia":5},"geometry":{"type":"LineString","coordinates":[[-73.18,-39.87704],[-73.18001,-39.87756]]}},{"type":"Feature","properties":{"nombre":"Camino Las Gaviotas","jerarquia":5},"geometry":{"type":"LineString","coordinates":[[-73.18001,-39.87756],[-73.17994,-39.87826],[-73.17976,-39.87919]]}},{"type":"Feature","properties":{"nombre":"Camino Las Gaviotas","jerarquia":5},"geometry":{"type":"LineString","coordinates":[[-73.17976,-39.87919],[-73.17939,-39.88124],[-73.17912,-39.88178]]}},{"type":"Feature","properties":{"nombre":"Camino Las Gaviotas","jerarquia":5},"geometry":{"type":"LineString","coordinates":[[-73.17912,-39.88178],[-73.17853,-39.88271],[-73.17848,-39.88292]]}},{"type":"Feature","properties":{"nombre":"Camino Las Gaviotas","jerarquia":5},"geometry":{"type":"LineString","coordinates":[[-73.17848,-39.88292],[-73.17853,-39.88306],[-73.179,-39.88361],[-73.18031,-39.88547],[-73.18054,-39.88551],[-73.18106,-39.88526],[-73.18118,-39.88526],[-73.18128,-39.88531],[-73.18135,-39.88545],[-73.18135,-39.88566]]}},{"type":"Feature","properties":{"nombre":"Avenida Circunvalación Sur","jerarquia":4},"geometry":{"type":"LineString","coordinates":[[-73.20226,-39.84441],[-73.20218,-39.84435]]}},{"type":"Feature","properties":{"nombre":"Camino Costero","jerarquia":4},"geometry":{"type":"LineString","coordinates":[[-73.39242,-39.86264],[-73.39242,-39.86228],[-73.39252,-39.86181],[-73.39288,-39.86085],[-73.39288,-39.86069],[-73.39283,-39.86055],[-73.39196,-39.86008],[-73.39095,-39.85919],[-73.38979,-39.85875],[-73.38959,-39.85855],[-73.38943,-39.85826],[-73.38941,-39.85806],[-73.38946,-39.85792],[-73.38979,-39.85752],[-73.38999,-39.85721],[-73.38998,-39.85699],[-73.3898,-39.85669],[-73.38983,-39.85648],[-73.38995,-39.85635],[-73.3906,-39.856]]}},{"type":"Feature","properties":{"nombre":"Camino Costero","jerarquia":4},"geometry":{"type":"LineString","coordinates":[[-73.3906,-39.856],[-73.39099,-39.85561],[-73.3911,-39.85535],[-73.39113,-39.85508]]}},{"type":"Feature","properties":{"nombre":"Camino Costero","jerarquia":4},"geometry":{"type":"LineString","coordinates":[[-73.39113,-39.85508],[-73.39115,-39.85468]]}},{"type":"Feature","properties":{"nombre":"Ruta T-350","jerarquia":5},"geometry":{"type":"LineString","coordinates":[[-73.40366,-39.8426],[-73.40371,-39.84215],[-73.40366,-39.84172],[-73.40354,-39.8415],[-73.4033,-39.84123]]}},{"type":"Feature","properties":{"nombre":"Ruta T-350","jerarquia":5},"geometry":{"type":"LineString","coordinates":[[-73.4033,-39.84123],[-73.40296,-39.84099],[-73.40223,-39.84083],[-73.40175,-39.84059],[-73.40102,-39.8404],[-73.40073,-39.84026],[-73.39972,-39.83935],[-73.3995,-39.83903],[-73.3994,-39.83878]]}},{"type":"Feature","properties":{"nombre":"Ruta T-350","jerarquia":5},"geometry":{"type":"LineString","coordinates":[[-73.3994,-39.83878],[-73.39917,-39.838],[-73.39908,-39.83739],[-73.3991,-39.83718],[-73.39935,-39.8364],[-73.39967,-39.83571],[-73.4001,-39.83502],[-73.40049,-39.83429],[-73.40064,-39.83372],[-73.40069,-39.83325]]}},{"type":"Feature","properties":{"nombre":"Ruta T-350","jerarquia":5},"geometry":{"type":"LineString","coordinates":[[-73.40069,-39.83325],[-73.40059,-39.83289],[-73.40057,-39.83231],[-73.40067,-39.8318],[-73.40087,-39.83143]]}},{"type":"Feature","properties":{"nombre":"Ruta T-350","jerarquia":5},"geometry":{"type":"LineString","coordinates":[[-73.40087,-39.83143],[-73.40219,-39.83043]]}},{"type":"Feature","properties":{"nombre":"Ruta T-350","jerarquia":5},"geometry":{"type":"LineString","coordinates":[[-73.40219,-39.83043],[-73.40262,-39.83005],[-73.40307,-39.82901],[-73.40328,-39.82773],[-73.40326,-39.82704]]}},{"type":"Feature","properties":{"nombre":"Ruta T-350","jerarquia":5},"geometry":{"type":"LineString","coordinates":[[-73.40326,-39.82704],[-73.40314,-39.82495],[-73.40321,-39.82437],[-73.40347,-39.82392],[-73.4046,-39.82281],[-73.40477,-39.82227],[-73.40478,-39.82208],[-73.40463,-39.82135],[-73.40444,-39.82112],[-73.40402,-39.82084],[-73.40322,-39.82015],[-73.40232,-39.81969],[-73.40175,-39.8191],[-73.40111,-39.81855],[-73.39988,-39.81764],[-73.39918,-39.81721],[-73.39895,-39.81698],[-73.39847,-39.81619]]}},{"type":"Feature","properties":{"nombre":"Ruta T-350","jerarquia":5},"geometry":{"type":"LineString","coordinates":[[-73.39847,-39.81619],[-73.39823,-39.81567]]}},{"type":"Feature","properties":{"nombre":"Ruta T-350","jerarquia":5},"geometry":{"type":"LineString","coordinates":[[-73.39823,-39.81567],[-73.39783,-39.8145],[-73.39771,-39.81375],[-73.3975,-39.8132]]}},{"type":"Feature","properties":{"nombre":"Ruta T-350","jerarquia":5},"geometry":{"type":"LineString","coordinates":[[-73.3975,-39.8132],[-73.39712,-39.81206]]}},{"type":"Feature","properties":{"nombre":"Ruta T-350","jerarquia":5},"geometry":{"type":"LineString","coordinates":[[-73.39712,-39.81206],[-73.39695,-39.81165],[-73.39693,-39.81119],[-73.39672,-39.8101],[-73.39677,-39.8099],[-73.39707,-39.80936]]}},{"type":"Feature","properties":{"nombre":"Ruta 204","jerarquia":3},"geometry":{"type":"LineString","coordinates":[[-73.20724,-39.82117],[-73.20741,-39.82166]]}},{"type":"Feature","properties":{"nombre":"Ruta 204","jerarquia":3},"geometry":{"type":"LineString","coordinates":[[-73.20741,-39.82166],[-73.20742,-39.82176]]}},{"type":"Feature","properties":{"nombre":"Ruta 204","jerarquia":3},"geometry":{"type":"LineString","coordinates":[[-73.20742,-39.82176],[-73.20736,-39.82235],[-73.20741,-39.82254],[-73.20755,-39.82278]]}},{"type":"Feature","properties":{"nombre":"Avenida Ecuador","jerarquia":4},"geometry":{"type":"LineString","coordinates":[[-73.22423,-39.82469],[-73.22491,-39.8246]]}},{"type":"Feature","properties":{"nombre":"Avenida Ecuador","jerarquia":4},"geometry":{"type":"LineString","coordinates":[[-73.22491,-39.8246],[-73.22558,-39.82442],[-73.22709,-39.82379]]}},{"type":"Feature","properties":{"nombre":"Ruta T-350","jerarquia":5},"geometry":{"type":"LineString","coordinates":[[-73.39836,-39.80315],[-73.39824,-39.80283],[-73.39822,-39.80259],[-73.39848,-39.80188],[-73.39851,-39.80139],[-73.39833,-39.80029],[-73.39818,-39.79997],[-73.39776,-39.79961],[-73.39688,-39.79925],[-73.39543,-39.79827],[-73.39425,-39.79766],[-73.39348,-39.79696],[-73.39271,-39.79634],[-73.39248,-39.79624],[-73.3921,-39.7962],[-73.39193,-39.79612],[-73.39176,-39.7959],[-73.39166,-39.79547],[-73.39124,-39.79493],[-73.39101,-39.79431],[-73.3907,-39.79386]]}},{"type":"Feature","properties":{"nombre":"Ruta T-350","jerarquia":5},"geometry":{"type":"LineString","coordinates":[[-73.3907,-39.79386],[-73.39004,-39.79335],[-73.38924,-39.7929],[-73.38892,-39.79256],[-73.38827,-39.79019],[-73.3881,-39.78987],[-73.38756,-39.78924],[-73.38732,-39.78876],[-73.38724,-39.78837],[-73.3873,-39.78788]]}},{"type":"Feature","properties":{"nombre":"Ruta T-350","jerarquia":5},"geometry":{"type":"LineString","coordinates":[[-73.3873,-39.78788],[-73.38877,-39.78528],[-73.38888,-39.78488],[-73.38893,-39.78419],[-73.38909,-39.78343],[-73.38929,-39.78278],[-73.38953,-39.78232]]}},{"type":"Feature","properties":{"nombre":"Ruta T-350","jerarquia":5},"geometry":{"type":"LineString","coordinates":[[-73.38953,-39.78232],[-73.39005,-39.78168],[-73.39078,-39.78113],[-73.39109,-39.78082],[-73.39138,-39.78039],[-73.39156,-39.77996],[-73.3916,-39.7796],[-73.39155,-39.77923],[-73.39119,-39.77849],[-73.39105,-39.77805],[-73.39086,-39.77767],[-73.39083,-39.77746],[-73.39093,-39.77711],[-73.39092,-39.77689],[-73.39062,-39.77629],[-73.39065,-39.77602],[-73.39088,-39.77575]]}},{"type":"Feature","properties":{"nombre":"Camino a Curiñanco","jerarquia":5},"geometry":{"type":"LineString","coordinates":[[-73.27058,-39.83215],[-73.27269,-39.82828],[-73.27307,-39.8279],[-73.27339,-39.82768],[-73.27542,-39.82682],[-73.27583,-39.8266]]}},{"type":"Feature","properties":{"nombre":"Camino a Curiñanco","jerarquia":5},"geometry":{"type":"LineString","coordinates":[[-73.27583,-39.8266],[-73.27643,-39.8261],[-73.27709,-39.82519]]}},{"type":"Feature","properties":{"nombre":"Ruta T-302","jerarquia":5},"geometry":{"type":"LineString","coordinates":[[-73.19278,-39.77913],[-73.19268,-39.77918]]}},{"type":"Feature","properties":{"nombre":"Ruta T-302","jerarquia":5},"geometry":{"type":"LineString","coordinates":[[-73.19268,-39.77918],[-73.1866,-39.78202],[-73.18228,-39.78394]]}},{"type":"Feature","properties":{"nombre":"Ruta T-302","jerarquia":5},"geometry":{"type":"LineString","coordinates":[[-73.18228,-39.78394],[-73.18132,-39.78428]]}},{"type":"Feature","properties":{"nombre":"Ruta T-302","jerarquia":5},"geometry":{"type":"LineString","coordinates":[[-73.18132,-39.78428],[-73.18072,-39.78449]]}},{"type":"Feature","properties":{"nombre":"Ruta T-302","jerarquia":5},"geometry":{"type":"LineString","coordinates":[[-73.18072,-39.78449],[-73.17884,-39.78517]]}},{"type":"Feature","properties":{"nombre":"Ruta T-302","jerarquia":5},"geometry":{"type":"LineString","coordinates":[[-73.17884,-39.78517],[-73.17824,-39.78551],[-73.17779,-39.78585],[-73.17511,-39.78847],[-73.17457,-39.78907]]}},{"type":"Feature","properties":{"nombre":"Ruta T-302","jerarquia":5},"geometry":{"type":"LineString","coordinates":[[-73.17457,-39.78907],[-73.17401,-39.78987],[-73.17347,-39.7908],[-73.17314,-39.79121]]}},{"type":"Feature","properties":{"nombre":"Ruta T-302","jerarquia":5},"geometry":{"type":"LineString","coordinates":[[-73.17314,-39.79121],[-73.17118,-39.79388],[-73.16985,-39.79525]]}},{"type":"Feature","properties":{"nombre":"Ruta T-302","jerarquia":5},"geometry":{"type":"LineString","coordinates":[[-73.16985,-39.79525],[-73.16512,-39.79843]]}},{"type":"Feature","properties":{"nombre":"Ruta T-302","jerarquia":5},"geometry":{"type":"LineString","coordinates":[[-73.16512,-39.79843],[-73.16445,-39.7988],[-73.16173,-39.80005]]}},{"type":"Feature","properties":{"nombre":"Ruta T-424","jerarquia":5},"geometry":{"type":"LineString","coordinates":[[-73.23473,-39.86737],[-73.23843,-39.86668]]}},{"type":"Feature","properties":{"nombre":"Ruta T-424","jerarquia":5},"geometry":{"type":"LineString","coordinates":[[-73.24233,-39.86465],[-73.24289,-39.86375],[-73.24399,-39.86258],[-73.24594,-39.86129]]}},{"type":"Feature","properties":{"nombre":"Ruta T-424","jerarquia":5},"geometry":{"type":"LineString","coordinates":[[-73.24594,-39.86129],[-73.24613,-39.86096],[-73.24615,-39.86067]]}},{"type":"Feature","properties":{"nombre":"Cruce Ruta 202 - Aeródromo Las Marías - Río Cau Cau","jerarquia":4},"geometry":{"type":"LineString","coordinates":[[-73.24392,-39.80308],[-73.2435,-39.80331],[-73.24249,-39.80367]]}},{"type":"Feature","properties":{"nombre":"Ruta 206","jerarquia":2},"geometry":{"type":"LineString","coordinates":[[-73.14238,-39.90562],[-73.14305,-39.90516],[-73.14354,-39.90456],[-73.14376,-39.904],[-73.14383,-39.90304]]}},{"type":"Feature","properties":{"nombre":"Ruta T-312","jerarquia":5},"geometry":{"type":"LineString","coordinates":[[-73.18915,-39.77457],[-73.18869,-39.77416]]}},{"type":"Feature","properties":{"nombre":"Ruta T-312","jerarquia":5},"geometry":{"type":"LineString","coordinates":[[-73.18869,-39.77416],[-73.18713,-39.77311],[-73.18696,-39.77284],[-73.18697,-39.77264],[-73.18716,-39.77221],[-73.18728,-39.77126],[-73.1876,-39.77041],[-73.18758,-39.77012],[-73.18749,-39.77002],[-73.18729,-39.76998],[-73.18713,-39.77007],[-73.18701,-39.77052],[-73.18677,-39.77089],[-73.18611,-39.77139],[-73.1859,-39.77145],[-73.18568,-39.77143],[-73.18552,-39.77134],[-73.18541,-39.77121],[-73.18532,-39.77082],[-73.1852,-39.77056],[-73.18485,-39.77025],[-73.18436,-39.7701],[-73.18314,-39.77014],[-73.1823,-39.77005],[-73.18201,-39.76984],[-73.18192,-39.76952],[-73.18175,-39.7693],[-73.18156,-39.76919],[-73.18097,-39.76901],[-73.18036,-39.76856],[-73.17977,-39.7682],[-73.17959,-39.76795],[-73.17946,-39.76767],[-73.17934,-39.767],[-73.17939,-39.76644],[-73.17972,-39.76573],[-73.17975,-39.76553],[-73.17964,-39.76527],[-73.17928,-39.76493],[-73.17916,-39.76475],[-73.17915,-39.76455],[-73.17933,-39.76411],[-73.17928,-39.76378],[-73.1786,-39.76305],[-73.17841,-39.76276],[-73.17813,-39.76217],[-73.17793,-39.76194],[-73.17736,-39.76152],[-73.17712,-39.7614],[-73.17676,-39.76133],[-73.17626,-39.76138],[-73.17602,-39.76129],[-73.17589,-39.76106],[-73.17598,-39.76078],[-73.17598,-39.76053],[-73.1758,-39.76019],[-73.17518,-39.75984],[-73.17436,-39.7592],[-73.17353,-39.75888],[-73.17296,-39.7585],[-73.1727,-39.75822],[-73.17243,-39.75782],[-73.17148,-39.75621],[-73.17119,-39.75581],[-73.17089,-39.75566],[-73.16991,-39.75541],[-73.16972,-39.75528],[-73.16919,-39.75472],[-73.16889,-39.75455],[-73.16854,-39.75445],[-73.16815,-39.75443],[-73.16729,-39.75453],[-73.1666,-39.75455],[-73.1652,-39.75439],[-73.16483,-39.75431],[-73.16419,-39.75385],[-73.16391,-39.75372],[-73.16307,-39.75345],[-73.16272,-39.75349],[-73.16218,-39.75397],[-73.16189,-39.75405],[-73.16174,-39.75401],[-73.16119,-39.75369],[-73.16037,-39.75353],[-73.15955,-39.75299],[-73.15924,-39.75267],[-73.15918,-39.75246],[-73.15942,-39.75095],[-73.15934,-39.75073],[-73.15917,-39.75059],[-73.15833,-39.75022],[-73.15771,-39.74983],[-73.15731,-39.74947],[-73.15649,-39.74856],[-73.15622,-39.74849],[-73.15588,-39.74853],[-73.15445,-39.74922],[-73.15374,-39.74943],[-73.15326,-39.74946],[-73.15212,-39.7494],[-73.15167,-39.7493],[-73.15135,-39.74914],[-73.15085,-39.74875],[-73.15036,-39.74845],[-73.14886,-39.74782],[-73.14875,-39.74766],[-73.1487,-39.74747],[-73.14886,-39.7468],[-73.14877,-39.74659],[-73.14863,-39.74645],[-73.14814,-39.74625],[-73.14756,-39.74608],[-73.14604,-39.74582],[-73.14543,-39.74553],[-73.14514,-39.74522],[-73.14491,-39.74456],[-73.1447,-39.74426],[-73.14312,-39.743],[-73.14289,-39.74273],[-73.1427,-39.74237],[-73.14246,-39.74217],[-73.1421,-39.74207],[-73.1418,-39.74207],[-73.14028,-39.74239],[-73.13945,-39.74215],[-73.13912,-39.74213],[-73.13842,-39.7422],[-73.1374,-39.74206],[-73.1372,-39.74196],[-73.13623,-39.74114],[-73.13578,-39.74082],[-73.13566,-39.74065],[-73.13564,-39.74052]]}},{"type":"Feature","properties":{"nombre":"Avenida España","jerarquia":4},"geometry":{"type":"LineString","coordinates":[[-73.22784,-39.81417],[-73.22843,-39.81354],[-73.22869,-39.81334]]}},{"type":"Feature","properties":{"nombre":"Avenida España","jerarquia":4},"geometry":{"type":"LineString","coordinates":[[-73.22869,-39.81334],[-73.23036,-39.81256]]}},{"type":"Feature","properties":{"nombre":"Avenida España","jerarquia":4},"geometry":{"type":"LineString","coordinates":[[-73.23036,-39.81256],[-73.23127,-39.81184],[-73.23297,-39.81016]]}},{"type":"Feature","properties":{"nombre":"Avenida España","jerarquia":4},"geometry":{"type":"LineString","coordinates":[[-73.23297,-39.81016],[-73.23368,-39.80948]]}},{"type":"Feature","properties":{"nombre":"Avenida España","jerarquia":4},"geometry":{"type":"LineString","coordinates":[[-73.23368,-39.80948],[-73.23382,-39.80934]]}},{"type":"Feature","properties":{"nombre":"","jerarquia":2},"geometry":{"type":"LineString","coordinates":[[-73.12697,-39.92667],[-73.12696,-39.92689]]}},{"type":"Feature","properties":{"nombre":"","jerarquia":2},"geometry":{"type":"LineString","coordinates":[[-73.12696,-39.92689],[-73.12701,-39.92737],[-73.12724,-39.92799],[-73.12759,-39.92848]]}},{"type":"Feature","properties":{"nombre":"Ruta T-506","jerarquia":5},"geometry":{"type":"LineString","coordinates":[[-73.16904,-39.86741],[-73.16821,-39.86732],[-73.16729,-39.8673]]}},{"type":"Feature","properties":{"nombre":"Ruta T-506","jerarquia":5},"geometry":{"type":"LineString","coordinates":[[-73.16729,-39.8673],[-73.16659,-39.86729]]}},{"type":"Feature","properties":{"nombre":"Ruta T-506","jerarquia":5},"geometry":{"type":"LineString","coordinates":[[-73.16659,-39.86729],[-73.16622,-39.86728]]}},{"type":"Feature","properties":{"nombre":"Ruta T-506","jerarquia":5},"geometry":{"type":"LineString","coordinates":[[-73.16622,-39.86728],[-73.16322,-39.86722]]}},{"type":"Feature","properties":{"nombre":"Ruta T-506","jerarquia":5},"geometry":{"type":"LineString","coordinates":[[-73.16322,-39.86722],[-73.16138,-39.86719],[-73.1611,-39.86725],[-73.16082,-39.86739]]}},{"type":"Feature","properties":{"nombre":"Ruta T-506","jerarquia":5},"geometry":{"type":"LineString","coordinates":[[-73.16082,-39.86739],[-73.16061,-39.86761],[-73.16022,-39.86827]]}},{"type":"Feature","properties":{"nombre":"Ruta T-506","jerarquia":5},"geometry":{"type":"LineString","coordinates":[[-73.16022,-39.86827],[-73.16006,-39.86859]]}},{"type":"Feature","properties":{"nombre":"Ruta T-506","jerarquia":5},"geometry":{"type":"LineString","coordinates":[[-73.16006,-39.86859],[-73.15973,-39.86919]]}},{"type":"Feature","properties":{"nombre":"Ruta T-506","jerarquia":5},"geometry":{"type":"LineString","coordinates":[[-73.15973,-39.86919],[-73.15957,-39.86948]]}},{"type":"Feature","properties":{"nombre":"Ruta T-506","jerarquia":5},"geometry":{"type":"LineString","coordinates":[[-73.15957,-39.86948],[-73.1592,-39.87012]]}},{"type":"Feature","properties":{"nombre":"Ruta T-506","jerarquia":5},"geometry":{"type":"LineString","coordinates":[[-73.1592,-39.87012],[-73.15901,-39.87045]]}},{"type":"Feature","properties":{"nombre":"Ruta T-506","jerarquia":5},"geometry":{"type":"LineString","coordinates":[[-73.15901,-39.87045],[-73.15865,-39.87109]]}},{"type":"Feature","properties":{"nombre":"Ruta T-506","jerarquia":5},"geometry":{"type":"LineString","coordinates":[[-73.15865,-39.87109],[-73.15847,-39.87141],[-73.15841,-39.87175]]}},{"type":"Feature","properties":{"nombre":"Ruta T-506","jerarquia":5},"geometry":{"type":"LineString","coordinates":[[-73.15841,-39.87175],[-73.15833,-39.87238]]}},{"type":"Feature","properties":{"nombre":"Ruta T-506","jerarquia":5},"geometry":{"type":"LineString","coordinates":[[-73.15833,-39.87238],[-73.15828,-39.87278]]}},{"type":"Feature","properties":{"nombre":"Ruta T-506","jerarquia":5},"geometry":{"type":"LineString","coordinates":[[-73.15828,-39.87278],[-73.15815,-39.87338]]}},{"type":"Feature","properties":{"nombre":"Ruta T-506","jerarquia":5},"geometry":{"type":"LineString","coordinates":[[-73.15815,-39.87338],[-73.15813,-39.87345]]}},{"type":"Feature","properties":{"nombre":"Ruta T-506","jerarquia":5},"geometry":{"type":"LineString","coordinates":[[-73.15813,-39.87345],[-73.15801,-39.87405]]}},{"type":"Feature","properties":{"nombre":"Ruta T-506","jerarquia":5},"geometry":{"type":"LineString","coordinates":[[-73.15801,-39.87405],[-73.15795,-39.87432]]}},{"type":"Feature","properties":{"nombre":"Ruta T-506","jerarquia":5},"geometry":{"type":"LineString","coordinates":[[-73.15795,-39.87432],[-73.15785,-39.87483]]}},{"type":"Feature","properties":{"nombre":"Ruta T-506","jerarquia":5},"geometry":{"type":"LineString","coordinates":[[-73.15785,-39.87483],[-73.15753,-39.87632],[-73.15741,-39.8765],[-73.15664,-39.87725],[-73.15652,-39.87758],[-73.15661,-39.87802],[-73.15739,-39.88012],[-73.15736,-39.88044]]}},{"type":"Feature","properties":{"nombre":"Pedro Aguirre Cerda","jerarquia":2},"geometry":{"type":"LineString","coordinates":[[-73.21348,-39.80402],[-73.2136,-39.80453],[-73.21383,-39.80507]]}},{"type":"Feature","properties":{"nombre":"Errázuriz","jerarquia":4},"geometry":{"type":"LineString","coordinates":[[-73.23098,-39.82076],[-73.23081,-39.82108]]}},{"type":"Feature","properties":{"nombre":"Errázuriz","jerarquia":4},"geometry":{"type":"LineString","coordinates":[[-73.23081,-39.82108],[-73.23049,-39.82173]]}},{"type":"Feature","properties":{"nombre":"Errázuriz","jerarquia":4},"geometry":{"type":"LineString","coordinates":[[-73.23049,-39.82173],[-73.23032,-39.82207]]}},{"type":"Feature","properties":{"nombre":"Errázuriz","jerarquia":4},"geometry":{"type":"LineString","coordinates":[[-73.23032,-39.82207],[-73.23019,-39.82272],[-73.23011,-39.82291]]}},{"type":"Feature","properties":{"nombre":"Errázuriz","jerarquia":4},"geometry":{"type":"LineString","coordinates":[[-73.23011,-39.82291],[-73.22949,-39.82402]]}},{"type":"Feature","properties":{"nombre":"Errázuriz","jerarquia":4},"geometry":{"type":"LineString","coordinates":[[-73.22949,-39.82402],[-73.22856,-39.82477]]}},{"type":"Feature","properties":{"nombre":"Avenida Pedro Montt","jerarquia":4},"geometry":{"type":"LineString","coordinates":[[-73.23233,-39.85353],[-73.23233,-39.85327],[-73.23218,-39.85239]]}},{"type":"Feature","properties":{"nombre":"Avenida Pedro Montt","jerarquia":4},"geometry":{"type":"LineString","coordinates":[[-73.23218,-39.85239],[-73.23195,-39.85141]]}},{"type":"Feature","properties":{"nombre":"Avenida Pedro Montt","jerarquia":2},"geometry":{"type":"LineString","coordinates":[[-73.22987,-39.81889],[-73.23019,-39.81917]]}},{"type":"Feature","properties":{"nombre":"","jerarquia":2},"geometry":{"type":"LineString","coordinates":[[-73.22119,-39.82882],[-73.22135,-39.82874]]}},{"type":"Feature","properties":{"nombre":"","jerarquia":2},"geometry":{"type":"LineString","coordinates":[[-73.22135,-39.82874],[-73.22147,-39.82874]]}},{"type":"Feature","properties":{"nombre":"San Miguel","jerarquia":4},"geometry":{"type":"LineString","coordinates":[[-73.2177,-39.84592],[-73.21843,-39.8456]]}},{"type":"Feature","properties":{"nombre":"San Miguel","jerarquia":4},"geometry":{"type":"LineString","coordinates":[[-73.21843,-39.8456],[-73.21905,-39.84531]]}},{"type":"Feature","properties":{"nombre":"San Miguel","jerarquia":4},"geometry":{"type":"LineString","coordinates":[[-73.21905,-39.84531],[-73.21967,-39.84503]]}},{"type":"Feature","properties":{"nombre":"San Miguel","jerarquia":4},"geometry":{"type":"LineString","coordinates":[[-73.21967,-39.84503],[-73.22031,-39.84474]]}},{"type":"Feature","properties":{"nombre":"San Miguel","jerarquia":4},"geometry":{"type":"LineString","coordinates":[[-73.22031,-39.84474],[-73.22083,-39.8445]]}},{"type":"Feature","properties":{"nombre":"Avenida Doctor Clemente Holzapfel","jerarquia":5},"geometry":{"type":"LineString","coordinates":[[-73.20682,-39.82705],[-73.20692,-39.82712]]}},{"type":"Feature","properties":{"nombre":"Lord Cochrane","jerarquia":5},"geometry":{"type":"LineString","coordinates":[[-73.24902,-39.81879],[-73.24764,-39.81903]]}},{"type":"Feature","properties":{"nombre":"Lord Cochrane","jerarquia":5},"geometry":{"type":"LineString","coordinates":[[-73.24764,-39.81903],[-73.24625,-39.81927]]}},{"type":"Feature","properties":{"nombre":"Lord Cochrane","jerarquia":5},"geometry":{"type":"LineString","coordinates":[[-73.24625,-39.81927],[-73.24525,-39.81945]]}},{"type":"Feature","properties":{"nombre":"Lord Cochrane","jerarquia":5},"geometry":{"type":"LineString","coordinates":[[-73.24525,-39.81945],[-73.24436,-39.81959]]}},{"type":"Feature","properties":{"nombre":"Lord Cochrane","jerarquia":5},"geometry":{"type":"LineString","coordinates":[[-73.24436,-39.81959],[-73.24328,-39.81977]]}},{"type":"Feature","properties":{"nombre":"Avenida René Schneider","jerarquia":4},"geometry":{"type":"LineString","coordinates":[[-73.22901,-39.85572],[-73.22939,-39.85614]]}},{"type":"Feature","properties":{"nombre":"Avenida René Schneider","jerarquia":4},"geometry":{"type":"LineString","coordinates":[[-73.22939,-39.85614],[-73.23036,-39.85686]]}},{"type":"Feature","properties":{"nombre":"Avenida René Schneider","jerarquia":4},"geometry":{"type":"LineString","coordinates":[[-73.23036,-39.85686],[-73.23045,-39.85697]]}},{"type":"Feature","properties":{"nombre":"Avenida Francia","jerarquia":4},"geometry":{"type":"LineString","coordinates":[[-73.24138,-39.83113],[-73.24144,-39.83129]]}},{"type":"Feature","properties":{"nombre":"Avenida Francia","jerarquia":4},"geometry":{"type":"LineString","coordinates":[[-73.24144,-39.83129],[-73.24154,-39.83173],[-73.24156,-39.83219]]}},{"type":"Feature","properties":{"nombre":"Avenida Francia","jerarquia":4},"geometry":{"type":"LineString","coordinates":[[-73.24156,-39.83219],[-73.24147,-39.83297],[-73.24131,-39.83332],[-73.24112,-39.83353]]}},{"type":"Feature","properties":{"nombre":"Avenida Francia","jerarquia":4},"geometry":{"type":"LineString","coordinates":[[-73.24112,-39.83353],[-73.24108,-39.83358]]}},{"type":"Feature","properties":{"nombre":"General Lagos","jerarquia":4},"geometry":{"type":"LineString","coordinates":[[-73.2503,-39.82545],[-73.25056,-39.82673],[-73.25058,-39.82749]]}},{"type":"Feature","properties":{"nombre":"Beauchef","jerarquia":5},"geometry":{"type":"LineString","coordinates":[[-73.24313,-39.81685],[-73.24299,-39.81708],[-73.24264,-39.81732]]}},{"type":"Feature","properties":{"nombre":"Beauchef","jerarquia":5},"geometry":{"type":"LineString","coordinates":[[-73.24264,-39.81732],[-73.24257,-39.81737]]}},{"type":"Feature","properties":{"nombre":"Errázuriz","jerarquia":4},"geometry":{"type":"LineString","coordinates":[[-73.23544,-39.81801],[-73.23538,-39.81817],[-73.23526,-39.8183],[-73.23466,-39.81867],[-73.23425,-39.81882]]}},{"type":"Feature","properties":{"nombre":"Aníbal Pinto","jerarquia":4},"geometry":{"type":"LineString","coordinates":[[-73.24279,-39.81885],[-73.24284,-39.81822]]}},{"type":"Feature","properties":{"nombre":"Aníbal Pinto","jerarquia":4},"geometry":{"type":"LineString","coordinates":[[-73.24284,-39.81822],[-73.24285,-39.81799],[-73.24279,-39.81785]]}},{"type":"Feature","properties":{"nombre":"Aníbal Pinto","jerarquia":4},"geometry":{"type":"LineString","coordinates":[[-73.24279,-39.81785],[-73.2426,-39.81744]]}},{"type":"Feature","properties":{"nombre":"Aníbal Pinto","jerarquia":4},"geometry":{"type":"LineString","coordinates":[[-73.2426,-39.81744],[-73.24257,-39.81737]]}},{"type":"Feature","properties":{"nombre":"General Baquedano","jerarquia":5},"geometry":{"type":"LineString","coordinates":[[-73.23011,-39.82291],[-73.23124,-39.82305]]}},{"type":"Feature","properties":{"nombre":"General Baquedano","jerarquia":5},"geometry":{"type":"LineString","coordinates":[[-73.23124,-39.82305],[-73.23261,-39.82321]]}},{"type":"Feature","properties":{"nombre":"Intendente Luis Damann Asenjo","jerarquia":5},"geometry":{"type":"LineString","coordinates":[[-73.22959,-39.8521],[-73.22952,-39.85216]]}},{"type":"Feature","properties":{"nombre":"Intendente Luis Damann Asenjo","jerarquia":5},"geometry":{"type":"LineString","coordinates":[[-73.22952,-39.85216],[-73.22886,-39.85274]]}},{"type":"Feature","properties":{"nombre":"San Luis","jerarquia":5},"geometry":{"type":"LineString","coordinates":[[-73.22359,-39.8477],[-73.22267,-39.84679]]}},{"type":"Feature","properties":{"nombre":"San Luis","jerarquia":5},"geometry":{"type":"LineString","coordinates":[[-73.22267,-39.84679],[-73.22192,-39.84587]]}},{"type":"Feature","properties":{"nombre":"General Alberto Montecino Caro","jerarquia":5},"geometry":{"type":"LineString","coordinates":[[-73.22844,-39.84296],[-73.22862,-39.84234]]}},{"type":"Feature","properties":{"nombre":"General Alberto Montecino Caro","jerarquia":5},"geometry":{"type":"LineString","coordinates":[[-73.22862,-39.84234],[-73.22872,-39.842]]}},{"type":"Feature","properties":{"nombre":"General Alberto Montecino Caro","jerarquia":5},"geometry":{"type":"LineString","coordinates":[[-73.22872,-39.842],[-73.2288,-39.84174]]}},{"type":"Feature","properties":{"nombre":"General Alberto Montecino Caro","jerarquia":5},"geometry":{"type":"LineString","coordinates":[[-73.2288,-39.84174],[-73.22888,-39.84146]]}},{"type":"Feature","properties":{"nombre":"General Alberto Montecino Caro","jerarquia":5},"geometry":{"type":"LineString","coordinates":[[-73.22888,-39.84146],[-73.22891,-39.84139]]}},{"type":"Feature","properties":{"nombre":"General Alberto Montecino Caro","jerarquia":5},"geometry":{"type":"LineString","coordinates":[[-73.22891,-39.84139],[-73.22898,-39.84113]]}},{"type":"Feature","properties":{"nombre":"General Alberto Montecino Caro","jerarquia":5},"geometry":{"type":"LineString","coordinates":[[-73.22898,-39.84113],[-73.22906,-39.84085]]}},{"type":"Feature","properties":{"nombre":"General Alberto Montecino Caro","jerarquia":5},"geometry":{"type":"LineString","coordinates":[[-73.22906,-39.84085],[-73.22916,-39.84051]]}},{"type":"Feature","properties":{"nombre":"General Alberto Montecino Caro","jerarquia":5},"geometry":{"type":"LineString","coordinates":[[-73.22916,-39.84051],[-73.22934,-39.83992]]}},{"type":"Feature","properties":{"nombre":"General Alberto Montecino Caro","jerarquia":5},"geometry":{"type":"LineString","coordinates":[[-73.22934,-39.83992],[-73.22944,-39.83959]]}},{"type":"Feature","properties":{"nombre":"General Alberto Montecino Caro","jerarquia":5},"geometry":{"type":"LineString","coordinates":[[-73.22944,-39.83959],[-73.22951,-39.83932]]}},{"type":"Feature","properties":{"nombre":"Carlos Hilker","jerarquia":5},"geometry":{"type":"LineString","coordinates":[[-73.22276,-39.834],[-73.22213,-39.8339]]}},{"type":"Feature","properties":{"nombre":"Carlos Hilker","jerarquia":5},"geometry":{"type":"LineString","coordinates":[[-73.22213,-39.8339],[-73.221,-39.8337],[-73.22043,-39.83345]]}},{"type":"Feature","properties":{"nombre":"Carlos Hilker","jerarquia":5},"geometry":{"type":"LineString","coordinates":[[-73.22043,-39.83345],[-73.22038,-39.83337]]}},{"type":"Feature","properties":{"nombre":"Carlos Hilker","jerarquia":5},"geometry":{"type":"LineString","coordinates":[[-73.22038,-39.83337],[-73.21933,-39.83264],[-73.21922,-39.83244],[-73.21798,-39.83153]]}},{"type":"Feature","properties":{"nombre":"Rubén Darío","jerarquia":5},"geometry":{"type":"LineString","coordinates":[[-73.2199,-39.84134],[-73.21916,-39.84122]]}},{"type":"Feature","properties":{"nombre":"Ruta 206","jerarquia":2},"geometry":{"type":"LineString","coordinates":[[-73.15769,-39.88161],[-73.16484,-39.87197],[-73.16556,-39.87122],[-73.16635,-39.87066]]}},{"type":"Feature","properties":{"nombre":"Ecuador","jerarquia":4},"geometry":{"type":"LineString","coordinates":[[-73.22709,-39.82379],[-73.22732,-39.82368]]}},{"type":"Feature","properties":{"nombre":"Ecuador","jerarquia":4},"geometry":{"type":"LineString","coordinates":[[-73.22732,-39.82368],[-73.22833,-39.82328]]}},{"type":"Feature","properties":{"nombre":"Carlos Anwandter","jerarquia":3},"geometry":{"type":"LineString","coordinates":[[-73.2356,-39.81637],[-73.23632,-39.81555]]}},{"type":"Feature","properties":{"nombre":"Carlos Anwandter","jerarquia":3},"geometry":{"type":"LineString","coordinates":[[-73.23632,-39.81555],[-73.23641,-39.81545]]}},{"type":"Feature","properties":{"nombre":"Carampangue","jerarquia":3},"geometry":{"type":"LineString","coordinates":[[-73.2388,-39.81336],[-73.23917,-39.81323]]}},{"type":"Feature","properties":{"nombre":"Carampangue","jerarquia":3},"geometry":{"type":"LineString","coordinates":[[-73.23917,-39.81323],[-73.23923,-39.81322]]}},{"type":"Feature","properties":{"nombre":"Avenida Alemania","jerarquia":3},"geometry":{"type":"LineString","coordinates":[[-73.24703,-39.81188],[-73.24687,-39.81192]]}},{"type":"Feature","properties":{"nombre":"Avenida Alemania","jerarquia":3},"geometry":{"type":"LineString","coordinates":[[-73.24687,-39.81192],[-73.24634,-39.81205]]}},{"type":"Feature","properties":{"nombre":"San Martín","jerarquia":5},"geometry":{"type":"LineString","coordinates":[[-73.22751,-39.83578],[-73.22711,-39.83544],[-73.22709,-39.83529],[-73.22711,-39.83516],[-73.22744,-39.83481]]}},{"type":"Feature","properties":{"nombre":"San Martín","jerarquia":5},"geometry":{"type":"LineString","coordinates":[[-73.22744,-39.83481],[-73.22783,-39.83435]]}},{"type":"Feature","properties":{"nombre":"San Martín","jerarquia":5},"geometry":{"type":"LineString","coordinates":[[-73.22783,-39.83435],[-73.22823,-39.83391]]}},{"type":"Feature","properties":{"nombre":"San Martín","jerarquia":5},"geometry":{"type":"LineString","coordinates":[[-73.22823,-39.83391],[-73.22861,-39.83346]]}},{"type":"Feature","properties":{"nombre":"San Martín","jerarquia":5},"geometry":{"type":"LineString","coordinates":[[-73.22861,-39.83346],[-73.22876,-39.83325],[-73.22881,-39.83309]]}},{"type":"Feature","properties":{"nombre":"San Martín","jerarquia":5},"geometry":{"type":"LineString","coordinates":[[-73.22881,-39.83309],[-73.2289,-39.83257]]}},{"type":"Feature","properties":{"nombre":"San Martín","jerarquia":5},"geometry":{"type":"LineString","coordinates":[[-73.2289,-39.83257],[-73.22903,-39.83192]]}},{"type":"Feature","properties":{"nombre":"Avenida Simpson","jerarquia":4},"geometry":{"type":"LineString","coordinates":[[-73.22072,-39.82508],[-73.22073,-39.82546]]}},{"type":"Feature","properties":{"nombre":"Avenida Simpson","jerarquia":4},"geometry":{"type":"LineString","coordinates":[[-73.22073,-39.82546],[-73.22074,-39.82617]]}},{"type":"Feature","properties":{"nombre":"Avenida Simpson","jerarquia":4},"geometry":{"type":"LineString","coordinates":[[-73.22074,-39.82617],[-73.22072,-39.82726]]}},{"type":"Feature","properties":{"nombre":"Avenida Simpson","jerarquia":4},"geometry":{"type":"LineString","coordinates":[[-73.22072,-39.82726],[-73.22072,-39.82743]]}},{"type":"Feature","properties":{"nombre":"Clemente Escobar","jerarquia":4},"geometry":{"type":"LineString","coordinates":[[-73.24279,-39.81885],[-73.24324,-39.81887],[-73.24331,-39.81892]]}},{"type":"Feature","properties":{"nombre":"Vicente Pérez Rosales","jerarquia":4},"geometry":{"type":"LineString","coordinates":[[-73.24728,-39.81783],[-73.24717,-39.81745]]}},{"type":"Feature","properties":{"nombre":"Vicente Pérez Rosales","jerarquia":4},"geometry":{"type":"LineString","coordinates":[[-73.24717,-39.81745],[-73.24691,-39.81656]]}},{"type":"Feature","properties":{"nombre":"Vicente Pérez Rosales","jerarquia":4},"geometry":{"type":"LineString","coordinates":[[-73.24691,-39.81656],[-73.24681,-39.81623]]}},{"type":"Feature","properties":{"nombre":"Vicente Pérez Rosales","jerarquia":4},"geometry":{"type":"LineString","coordinates":[[-73.24681,-39.81623],[-73.2467,-39.81586]]}},{"type":"Feature","properties":{"nombre":"Vicente Pérez Rosales","jerarquia":4},"geometry":{"type":"LineString","coordinates":[[-73.2467,-39.81586],[-73.24653,-39.81529]]}},{"type":"Feature","properties":{"nombre":"Vicente Pérez Rosales","jerarquia":4},"geometry":{"type":"LineString","coordinates":[[-73.24653,-39.81529],[-73.2465,-39.81516]]}},{"type":"Feature","properties":{"nombre":"Vicente Pérez Rosales","jerarquia":4},"geometry":{"type":"LineString","coordinates":[[-73.2465,-39.81516],[-73.24648,-39.81512]]}},{"type":"Feature","properties":{"nombre":"Esmeralda","jerarquia":5},"geometry":{"type":"LineString","coordinates":[[-73.24313,-39.81685],[-73.24364,-39.81652]]}},{"type":"Feature","properties":{"nombre":"Esmeralda","jerarquia":5},"geometry":{"type":"LineString","coordinates":[[-73.24364,-39.81652],[-73.24429,-39.81608],[-73.24448,-39.81601],[-73.24438,-39.81548]]}},{"type":"Feature","properties":{"nombre":"Diego de Almagro","jerarquia":5},"geometry":{"type":"LineString","coordinates":[[-73.21644,-39.82782],[-73.21638,-39.82781]]}},{"type":"Feature","properties":{"nombre":"Diego de Almagro","jerarquia":5},"geometry":{"type":"LineString","coordinates":[[-73.21638,-39.82781],[-73.21596,-39.82774]]}},{"type":"Feature","properties":{"nombre":"Diego de Almagro","jerarquia":5},"geometry":{"type":"LineString","coordinates":[[-73.21596,-39.82774],[-73.21508,-39.82759]]}},{"type":"Feature","properties":{"nombre":"Diego de Almagro","jerarquia":5},"geometry":{"type":"LineString","coordinates":[[-73.21508,-39.82759],[-73.21451,-39.8275]]}},{"type":"Feature","properties":{"nombre":"Diego de Almagro","jerarquia":5},"geometry":{"type":"LineString","coordinates":[[-73.21451,-39.8275],[-73.21411,-39.82743]]}},{"type":"Feature","properties":{"nombre":"Diego de Almagro","jerarquia":5},"geometry":{"type":"LineString","coordinates":[[-73.21411,-39.82743],[-73.2132,-39.82727]]}},{"type":"Feature","properties":{"nombre":"Diego de Almagro","jerarquia":5},"geometry":{"type":"LineString","coordinates":[[-73.2132,-39.82727],[-73.21262,-39.82717]]}},{"type":"Feature","properties":{"nombre":"Diego de Almagro","jerarquia":5},"geometry":{"type":"LineString","coordinates":[[-73.21262,-39.82717],[-73.21165,-39.82701]]}},{"type":"Feature","properties":{"nombre":"Hernando de Magallanes","jerarquia":5},"geometry":{"type":"LineString","coordinates":[[-73.20916,-39.82797],[-73.20959,-39.82777]]}},{"type":"Feature","properties":{"nombre":"Hernando de Magallanes","jerarquia":5},"geometry":{"type":"LineString","coordinates":[[-73.20959,-39.82777],[-73.21044,-39.82744]]}},{"type":"Feature","properties":{"nombre":"Hernando de Magallanes","jerarquia":5},"geometry":{"type":"LineString","coordinates":[[-73.21044,-39.82744],[-73.21092,-39.82726]]}},{"type":"Feature","properties":{"nombre":"Hernando de Magallanes","jerarquia":5},"geometry":{"type":"LineString","coordinates":[[-73.21092,-39.82726],[-73.21149,-39.82706]]}},{"type":"Feature","properties":{"nombre":"Hernando de Magallanes","jerarquia":5},"geometry":{"type":"LineString","coordinates":[[-73.21149,-39.82706],[-73.21153,-39.82705]]}},{"type":"Feature","properties":{"nombre":"Hernando de Magallanes","jerarquia":5},"geometry":{"type":"LineString","coordinates":[[-73.21153,-39.82705],[-73.21165,-39.82701]]}},{"type":"Feature","properties":{"nombre":"Avenida Patricio Lynch","jerarquia":5},"geometry":{"type":"LineString","coordinates":[[-73.21871,-39.8268],[-73.21776,-39.82616]]}},{"type":"Feature","properties":{"nombre":"Avenida Patricio Lynch","jerarquia":5},"geometry":{"type":"LineString","coordinates":[[-73.21776,-39.82616],[-73.21718,-39.82578]]}},{"type":"Feature","properties":{"nombre":"Avenida Patricio Lynch","jerarquia":5},"geometry":{"type":"LineString","coordinates":[[-73.21718,-39.82578],[-73.2162,-39.82513]]}},{"type":"Feature","properties":{"nombre":"Avenida Patricio Lynch","jerarquia":5},"geometry":{"type":"LineString","coordinates":[[-73.2162,-39.82513],[-73.21544,-39.82464]]}},{"type":"Feature","properties":{"nombre":"Avenida Bolivia","jerarquia":5},"geometry":{"type":"LineString","coordinates":[[-73.21321,-39.82159],[-73.21261,-39.82181]]}},{"type":"Feature","properties":{"nombre":"Avenida Bolivia","jerarquia":5},"geometry":{"type":"LineString","coordinates":[[-73.21261,-39.82181],[-73.21224,-39.82196]]}},{"type":"Feature","properties":{"nombre":"Avenida Bolivia","jerarquia":5},"geometry":{"type":"LineString","coordinates":[[-73.21224,-39.82196],[-73.21185,-39.82212]]}},{"type":"Feature","properties":{"nombre":"Avenida Bolivia","jerarquia":5},"geometry":{"type":"LineString","coordinates":[[-73.21185,-39.82212],[-73.21104,-39.82243]]}},{"type":"Feature","properties":{"nombre":"Avenida Bolivia","jerarquia":5},"geometry":{"type":"LineString","coordinates":[[-73.21104,-39.82243],[-73.21089,-39.8225]]}},{"type":"Feature","properties":{"nombre":"Avenida Bolivia","jerarquia":5},"geometry":{"type":"LineString","coordinates":[[-73.21089,-39.8225],[-73.21049,-39.82265]]}},{"type":"Feature","properties":{"nombre":"Avenida Bolivia","jerarquia":5},"geometry":{"type":"LineString","coordinates":[[-73.21049,-39.82265],[-73.21015,-39.8228]]}},{"type":"Feature","properties":{"nombre":"Avenida Bolivia","jerarquia":5},"geometry":{"type":"LineString","coordinates":[[-73.21015,-39.8228],[-73.20975,-39.82296]]}},{"type":"Feature","properties":{"nombre":"Avenida Bolivia","jerarquia":5},"geometry":{"type":"LineString","coordinates":[[-73.20975,-39.82296],[-73.20944,-39.82308]]}},{"type":"Feature","properties":{"nombre":"Avenida Bolivia","jerarquia":5},"geometry":{"type":"LineString","coordinates":[[-73.20944,-39.82308],[-73.20905,-39.82324]]}},{"type":"Feature","properties":{"nombre":"Avenida Bolivia","jerarquia":5},"geometry":{"type":"LineString","coordinates":[[-73.20905,-39.82324],[-73.2087,-39.82339]]}},{"type":"Feature","properties":{"nombre":"Avenida Bolivia","jerarquia":5},"geometry":{"type":"LineString","coordinates":[[-73.2087,-39.82339],[-73.20809,-39.82364]]}},{"type":"Feature","properties":{"nombre":"Avenida Bolivia","jerarquia":5},"geometry":{"type":"LineString","coordinates":[[-73.20809,-39.82364],[-73.20765,-39.82376]]}},{"type":"Feature","properties":{"nombre":"Circunvalación Oeste","jerarquia":5},"geometry":{"type":"LineString","coordinates":[[-73.21215,-39.81962],[-73.21153,-39.82003],[-73.21134,-39.8201],[-73.21089,-39.82008],[-73.21059,-39.81992]]}},{"type":"Feature","properties":{"nombre":"Circunvalación Oeste","jerarquia":5},"geometry":{"type":"LineString","coordinates":[[-73.21059,-39.81992],[-73.21032,-39.8198],[-73.21006,-39.81976]]}},{"type":"Feature","properties":{"nombre":"Circunvalación Oeste","jerarquia":5},"geometry":{"type":"LineString","coordinates":[[-73.21006,-39.81976],[-73.20982,-39.81978]]}},{"type":"Feature","properties":{"nombre":"Donald Canter","jerarquia":4},"geometry":{"type":"LineString","coordinates":[[-73.20195,-39.83226],[-73.20192,-39.8325]]}},{"type":"Feature","properties":{"nombre":"Donald Canter","jerarquia":4},"geometry":{"type":"LineString","coordinates":[[-73.20192,-39.8325],[-73.20187,-39.83275]]}},{"type":"Feature","properties":{"nombre":"Donald Canter","jerarquia":4},"geometry":{"type":"LineString","coordinates":[[-73.20187,-39.83275],[-73.20173,-39.83347]]}},{"type":"Feature","properties":{"nombre":"Donald Canter","jerarquia":4},"geometry":{"type":"LineString","coordinates":[[-73.20173,-39.83347],[-73.20159,-39.83419]]}},{"type":"Feature","properties":{"nombre":"Avenida Alemania","jerarquia":3},"geometry":{"type":"LineString","coordinates":[[-73.24508,-39.81244],[-73.24365,-39.81268]]}},{"type":"Feature","properties":{"nombre":"Avenida Carlos Condell","jerarquia":4},"geometry":{"type":"LineString","coordinates":[[-73.23238,-39.81924],[-73.23233,-39.81912]]}},{"type":"Feature","properties":{"nombre":"Avenida Carlos Condell","jerarquia":4},"geometry":{"type":"LineString","coordinates":[[-73.23233,-39.81912],[-73.23206,-39.81861]]}},{"type":"Feature","properties":{"nombre":"Avenida Carlos Condell","jerarquia":4},"geometry":{"type":"LineString","coordinates":[[-73.23206,-39.81861],[-73.23201,-39.81849]]}},{"type":"Feature","properties":{"nombre":"Bernardo O'Higgins","jerarquia":4},"geometry":{"type":"LineString","coordinates":[[-73.24602,-39.81299],[-73.24583,-39.81222]]}},{"type":"Feature","properties":{"nombre":"Puente Calle Calle","jerarquia":2},"geometry":{"type":"LineString","coordinates":[[-73.22793,-39.81755],[-73.22987,-39.81889]]}},{"type":"Feature","properties":{"nombre":"San Luis","jerarquia":5},"geometry":{"type":"LineString","coordinates":[[-73.22308,-39.83145],[-73.22277,-39.83169],[-73.22274,-39.8322]]}},{"type":"Feature","properties":{"nombre":"San Luis","jerarquia":5},"geometry":{"type":"LineString","coordinates":[[-73.22274,-39.8322],[-73.22281,-39.83348]]}},{"type":"Feature","properties":{"nombre":"José María Muñoz Hermosilla","jerarquia":5},"geometry":{"type":"LineString","coordinates":[[-73.22274,-39.8322],[-73.22391,-39.83238]]}},{"type":"Feature","properties":{"nombre":"José María Muñoz Hermosilla","jerarquia":5},"geometry":{"type":"LineString","coordinates":[[-73.22391,-39.83238],[-73.22433,-39.83241]]}},{"type":"Feature","properties":{"nombre":"San Luis","jerarquia":5},"geometry":{"type":"LineString","coordinates":[[-73.22428,-39.83064],[-73.22432,-39.83061]]}},{"type":"Feature","properties":{"nombre":"San Luis","jerarquia":5},"geometry":{"type":"LineString","coordinates":[[-73.22432,-39.83061],[-73.22441,-39.83055]]}},{"type":"Feature","properties":{"nombre":"Carlos Antonio Duce","jerarquia":5},"geometry":{"type":"LineString","coordinates":[[-73.39949,-39.87432],[-73.39895,-39.87497],[-73.39874,-39.87511],[-73.39752,-39.87539],[-73.39723,-39.8754],[-73.39696,-39.87533],[-73.39616,-39.87491],[-73.3955,-39.87405]]}},{"type":"Feature","properties":{"nombre":"Carlos Antonio Duce","jerarquia":5},"geometry":{"type":"LineString","coordinates":[[-73.3955,-39.87405],[-73.39549,-39.87403]]}},{"type":"Feature","properties":{"nombre":"Carlos Antonio Duce","jerarquia":5},"geometry":{"type":"LineString","coordinates":[[-73.39549,-39.87403],[-73.39543,-39.87396]]}},{"type":"Feature","properties":{"nombre":"Carlos Antonio Duce","jerarquia":5},"geometry":{"type":"LineString","coordinates":[[-73.39543,-39.87396],[-73.39513,-39.87352]]}},{"type":"Feature","properties":{"nombre":"Carlos Antonio Duce","jerarquia":5},"geometry":{"type":"LineString","coordinates":[[-73.39513,-39.87352],[-73.39503,-39.87329],[-73.39501,-39.87313],[-73.39504,-39.87299],[-73.39525,-39.87262],[-73.39522,-39.87249]]}},{"type":"Feature","properties":{"nombre":"Carlos Antonio Duce","jerarquia":5},"geometry":{"type":"LineString","coordinates":[[-73.39522,-39.87249],[-73.3951,-39.87241]]}},{"type":"Feature","properties":{"nombre":"Del Castillo","jerarquia":4},"geometry":{"type":"LineString","coordinates":[[-73.39531,-39.87405],[-73.39549,-39.87403]]}},{"type":"Feature","properties":{"nombre":"Del Castillo","jerarquia":4},"geometry":{"type":"LineString","coordinates":[[-73.39549,-39.87403],[-73.39672,-39.87369],[-73.39819,-39.8734],[-73.39853,-39.87323],[-73.39872,-39.87301]]}},{"type":"Feature","properties":{"nombre":"Del Castillo","jerarquia":4},"geometry":{"type":"LineString","coordinates":[[-73.39872,-39.87301],[-73.3999,-39.87061]]}},{"type":"Feature","properties":{"nombre":"Del Castillo","jerarquia":4},"geometry":{"type":"LineString","coordinates":[[-73.3999,-39.87061],[-73.40009,-39.87024]]}},{"type":"Feature","properties":{"nombre":"Los Lingues","jerarquia":4},"geometry":{"type":"LineString","coordinates":[[-73.25637,-39.80824],[-73.25669,-39.80851]]}},{"type":"Feature","properties":{"nombre":"Los Lingues","jerarquia":4},"geometry":{"type":"LineString","coordinates":[[-73.25669,-39.80851],[-73.25708,-39.80889],[-73.25734,-39.80929]]}},{"type":"Feature","properties":{"nombre":"Avenida Las Encinas","jerarquia":5},"geometry":{"type":"LineString","coordinates":[[-73.25588,-39.80793],[-73.25474,-39.80867]]}},{"type":"Feature","properties":{"nombre":"Avenida Las Encinas","jerarquia":5},"geometry":{"type":"LineString","coordinates":[[-73.25474,-39.80867],[-73.25472,-39.80868]]}},{"type":"Feature","properties":{"nombre":"Avenida Las Encinas","jerarquia":5},"geometry":{"type":"LineString","coordinates":[[-73.25472,-39.80868],[-73.25414,-39.80905]]}},{"type":"Feature","properties":{"nombre":"Avenida Las Encinas","jerarquia":5},"geometry":{"type":"LineString","coordinates":[[-73.25414,-39.80905],[-73.25356,-39.80943]]}},{"type":"Feature","properties":{"nombre":"Avenida Las Encinas","jerarquia":5},"geometry":{"type":"LineString","coordinates":[[-73.25356,-39.80943],[-73.25296,-39.80982]]}},{"type":"Feature","properties":{"nombre":"Avenida Las Encinas","jerarquia":5},"geometry":{"type":"LineString","coordinates":[[-73.25296,-39.80982],[-73.25223,-39.81029]]}},{"type":"Feature","properties":{"nombre":"Avenida Las Encinas","jerarquia":5},"geometry":{"type":"LineString","coordinates":[[-73.25223,-39.81029],[-73.25212,-39.81036]]}},{"type":"Feature","properties":{"nombre":"Avenida Los Laureles","jerarquia":5},"geometry":{"type":"LineString","coordinates":[[-73.25213,-39.81038],[-73.25219,-39.81039],[-73.25234,-39.81085]]}},{"type":"Feature","properties":{"nombre":"Avenida Los Laureles","jerarquia":5},"geometry":{"type":"LineString","coordinates":[[-73.25234,-39.81085],[-73.25235,-39.81087]]}},{"type":"Feature","properties":{"nombre":"Los Lingues","jerarquia":3},"geometry":{"type":"LineString","coordinates":[[-73.2613,-39.82027],[-73.26157,-39.82131],[-73.26191,-39.82205],[-73.26238,-39.82275],[-73.26266,-39.82307],[-73.26351,-39.82384]]}},{"type":"Feature","properties":{"nombre":"Los Lingues","jerarquia":3},"geometry":{"type":"LineString","coordinates":[[-73.25829,-39.81172],[-73.25749,-39.81005]]}},{"type":"Feature","properties":{"nombre":"Avenida Las Encinas","jerarquia":5},"geometry":{"type":"LineString","coordinates":[[-73.2521,-39.81024],[-73.25348,-39.80936]]}},{"type":"Feature","properties":{"nombre":"Avenida Las Encinas","jerarquia":5},"geometry":{"type":"LineString","coordinates":[[-73.25348,-39.80936],[-73.25465,-39.80862]]}},{"type":"Feature","properties":{"nombre":"Avenida Las Encinas","jerarquia":5},"geometry":{"type":"LineString","coordinates":[[-73.25465,-39.80862],[-73.25588,-39.80785]]}},{"type":"Feature","properties":{"nombre":"Avenida Las Encinas","jerarquia":5},"geometry":{"type":"LineString","coordinates":[[-73.25588,-39.80785],[-73.2559,-39.80783]]}},{"type":"Feature","properties":{"nombre":"Avenida Las Encinas","jerarquia":5},"geometry":{"type":"LineString","coordinates":[[-73.2559,-39.80783],[-73.25598,-39.80778]]}},{"type":"Feature","properties":{"nombre":"Nueva San Luis","jerarquia":5},"geometry":{"type":"LineString","coordinates":[[-73.22192,-39.84587],[-73.22093,-39.84462]]}},{"type":"Feature","properties":{"nombre":"Nueva San Luis","jerarquia":5},"geometry":{"type":"LineString","coordinates":[[-73.22093,-39.84462],[-73.22083,-39.8445]]}},{"type":"Feature","properties":{"nombre":"Avenida Pedro Montt","jerarquia":4},"geometry":{"type":"LineString","coordinates":[[-73.23178,-39.85609],[-73.23196,-39.85598],[-73.2321,-39.85581]]}},{"type":"Feature","properties":{"nombre":"Avenida Pedro Montt","jerarquia":4},"geometry":{"type":"LineString","coordinates":[[-73.2321,-39.85581],[-73.23214,-39.85571],[-73.23221,-39.85495]]}},{"type":"Feature","properties":{"nombre":"San Luis","jerarquia":5},"geometry":{"type":"LineString","coordinates":[[-73.22599,-39.84991],[-73.22664,-39.84995],[-73.22687,-39.85005]]}},{"type":"Feature","properties":{"nombre":"San Luis","jerarquia":5},"geometry":{"type":"LineString","coordinates":[[-73.22687,-39.85005],[-73.22723,-39.85013],[-73.22781,-39.85012]]}},{"type":"Feature","properties":{"nombre":"San Luis","jerarquia":5},"geometry":{"type":"LineString","coordinates":[[-73.22781,-39.85012],[-73.2292,-39.85001],[-73.22956,-39.85005]]}},{"type":"Feature","properties":{"nombre":"San Luis","jerarquia":5},"geometry":{"type":"LineString","coordinates":[[-73.22956,-39.85005],[-73.23006,-39.85016],[-73.23047,-39.85035]]}},{"type":"Feature","properties":{"nombre":"Intendente Luis Damann Asenjo","jerarquia":4},"geometry":{"type":"LineString","coordinates":[[-73.24777,-39.85215],[-73.24766,-39.8521],[-73.24629,-39.85081]]}},{"type":"Feature","properties":{"nombre":"Avenida Pedro Montt","jerarquia":4},"geometry":{"type":"LineString","coordinates":[[-73.23236,-39.85092],[-73.23239,-39.85103]]}},{"type":"Feature","properties":{"nombre":"Avenida Pedro Montt","jerarquia":4},"geometry":{"type":"LineString","coordinates":[[-73.23239,-39.85103],[-73.23227,-39.85129],[-73.23207,-39.85139]]}},{"type":"Feature","properties":{"nombre":"Avenida Pedro Montt","jerarquia":4},"geometry":{"type":"LineString","coordinates":[[-73.23207,-39.85139],[-73.23195,-39.85141]]}},{"type":"Feature","properties":{"nombre":"Avenida Pedro Montt","jerarquia":4},"geometry":{"type":"LineString","coordinates":[[-73.23195,-39.85141],[-73.23169,-39.85136],[-73.23151,-39.85122]]}},{"type":"Feature","properties":{"nombre":"Avenida Pedro Montt","jerarquia":4},"geometry":{"type":"LineString","coordinates":[[-73.23151,-39.85122],[-73.23146,-39.8511]]}},{"type":"Feature","properties":{"nombre":"Avenida Pedro Montt","jerarquia":4},"geometry":{"type":"LineString","coordinates":[[-73.23146,-39.8511],[-73.2315,-39.8509]]}},{"type":"Feature","properties":{"nombre":"Avenida Pedro Montt","jerarquia":4},"geometry":{"type":"LineString","coordinates":[[-73.2315,-39.8509],[-73.23174,-39.85072]]}},{"type":"Feature","properties":{"nombre":"Avenida Pedro Montt","jerarquia":4},"geometry":{"type":"LineString","coordinates":[[-73.23174,-39.85072],[-73.23192,-39.85069]]}},{"type":"Feature","properties":{"nombre":"Intendente Luis Damann Asenjo","jerarquia":5},"geometry":{"type":"LineString","coordinates":[[-73.22881,-39.8527],[-73.22901,-39.85253]]}},{"type":"Feature","properties":{"nombre":"Intendente Luis Damann Asenjo","jerarquia":5},"geometry":{"type":"LineString","coordinates":[[-73.22901,-39.85253],[-73.22928,-39.8523]]}},{"type":"Feature","properties":{"nombre":"Intendente Luis Damann Asenjo","jerarquia":5},"geometry":{"type":"LineString","coordinates":[[-73.22928,-39.8523],[-73.22949,-39.85212]]}},{"type":"Feature","properties":{"nombre":"Intendente Luis Damann Asenjo","jerarquia":5},"geometry":{"type":"LineString","coordinates":[[-73.22949,-39.85212],[-73.22957,-39.85206]]}},{"type":"Feature","properties":{"nombre":"Avenida Los Laureles","jerarquia":5},"geometry":{"type":"LineString","coordinates":[[-73.2536,-39.81327],[-73.25332,-39.8131],[-73.25299,-39.81275],[-73.25269,-39.81217]]}},{"type":"Feature","properties":{"nombre":"Los Lingues","jerarquia":4},"geometry":{"type":"LineString","coordinates":[[-73.25576,-39.80744],[-73.25508,-39.8062]]}},{"type":"Feature","properties":{"nombre":"Los Lingues","jerarquia":4},"geometry":{"type":"LineString","coordinates":[[-73.25508,-39.8062],[-73.2539,-39.80408]]}},{"type":"Feature","properties":{"nombre":"Los Lingues","jerarquia":4},"geometry":{"type":"LineString","coordinates":[[-73.2539,-39.80408],[-73.25337,-39.8031]]}},{"type":"Feature","properties":{"nombre":"Los Lingues","jerarquia":3},"geometry":{"type":"LineString","coordinates":[[-73.25929,-39.81333],[-73.25949,-39.81371]]}},{"type":"Feature","properties":{"nombre":"Los Lingues","jerarquia":3},"geometry":{"type":"LineString","coordinates":[[-73.25949,-39.81371],[-73.25966,-39.81401]]}},{"type":"Feature","properties":{"nombre":"Los Lingues","jerarquia":3},"geometry":{"type":"LineString","coordinates":[[-73.25966,-39.81401],[-73.25992,-39.81451]]}},{"type":"Feature","properties":{"nombre":"Avenida Los Robles","jerarquia":3},"geometry":{"type":"LineString","coordinates":[[-73.25046,-39.81124],[-73.25087,-39.81115]]}},{"type":"Feature","properties":{"nombre":"","jerarquia":5},"geometry":{"type":"LineString","coordinates":[[-73.25281,-39.81215],[-73.25269,-39.81217]]}},{"type":"Feature","properties":{"nombre":"Avenida Los Laureles","jerarquia":5},"geometry":{"type":"LineString","coordinates":[[-73.25213,-39.81038],[-73.25212,-39.81036]]}},{"type":"Feature","properties":{"nombre":"Avenida Los Laureles","jerarquia":5},"geometry":{"type":"LineString","coordinates":[[-73.25212,-39.81036],[-73.2521,-39.81024]]}},{"type":"Feature","properties":{"nombre":"Ignacio de la Carrera","jerarquia":5},"geometry":{"type":"LineString","coordinates":[[-73.19935,-39.83711],[-73.19939,-39.83714]]}},{"type":"Feature","properties":{"nombre":"Ignacio de la Carrera","jerarquia":5},"geometry":{"type":"LineString","coordinates":[[-73.19939,-39.83714],[-73.19944,-39.83717]]}},{"type":"Feature","properties":{"nombre":"Ignacio de la Carrera","jerarquia":5},"geometry":{"type":"LineString","coordinates":[[-73.19944,-39.83717],[-73.20002,-39.83759]]}},{"type":"Feature","properties":{"nombre":"Ignacio de la Carrera","jerarquia":5},"geometry":{"type":"LineString","coordinates":[[-73.20002,-39.83759],[-73.20005,-39.83761]]}},{"type":"Feature","properties":{"nombre":"Ignacio de la Carrera","jerarquia":5},"geometry":{"type":"LineString","coordinates":[[-73.20005,-39.83761],[-73.20034,-39.8378]]}},{"type":"Feature","properties":{"nombre":"Ignacio de la Carrera","jerarquia":5},"geometry":{"type":"LineString","coordinates":[[-73.20034,-39.8378],[-73.20056,-39.83795]]}},{"type":"Feature","properties":{"nombre":"Ignacio de la Carrera","jerarquia":5},"geometry":{"type":"LineString","coordinates":[[-73.20056,-39.83795],[-73.2008,-39.83811]]}},{"type":"Feature","properties":{"nombre":"Ignacio de la Carrera","jerarquia":5},"geometry":{"type":"LineString","coordinates":[[-73.2008,-39.83811],[-73.20105,-39.83824]]}},{"type":"Feature","properties":{"nombre":"Ignacio de la Carrera","jerarquia":5},"geometry":{"type":"LineString","coordinates":[[-73.20105,-39.83824],[-73.20129,-39.8384]]}},{"type":"Feature","properties":{"nombre":"Ignacio de la Carrera","jerarquia":5},"geometry":{"type":"LineString","coordinates":[[-73.20129,-39.8384],[-73.20139,-39.83846]]}},{"type":"Feature","properties":{"nombre":"Ignacio de la Carrera","jerarquia":5},"geometry":{"type":"LineString","coordinates":[[-73.20139,-39.83846],[-73.20181,-39.83875]]}},{"type":"Feature","properties":{"nombre":"Donald Canter","jerarquia":4},"geometry":{"type":"LineString","coordinates":[[-73.20003,-39.83602],[-73.20054,-39.83537]]}},{"type":"Feature","properties":{"nombre":"Donald Canter","jerarquia":4},"geometry":{"type":"LineString","coordinates":[[-73.20054,-39.83537],[-73.20057,-39.83534]]}},{"type":"Feature","properties":{"nombre":"Donald Canter","jerarquia":4},"geometry":{"type":"LineString","coordinates":[[-73.20057,-39.83534],[-73.20119,-39.83456]]}},{"type":"Feature","properties":{"nombre":"Donald Canter","jerarquia":4},"geometry":{"type":"LineString","coordinates":[[-73.20119,-39.83456],[-73.20138,-39.83428],[-73.20145,-39.83401]]}},{"type":"Feature","properties":{"nombre":"Donald Canter","jerarquia":4},"geometry":{"type":"LineString","coordinates":[[-73.20145,-39.83401],[-73.20176,-39.83248]]}},{"type":"Feature","properties":{"nombre":"","jerarquia":2},"geometry":{"type":"LineString","coordinates":[[-73.20411,-39.8429],[-73.20406,-39.84282]]}},{"type":"Feature","properties":{"nombre":"Las Heras","jerarquia":5},"geometry":{"type":"LineString","coordinates":[[-73.20606,-39.83432],[-73.20549,-39.83425]]}},{"type":"Feature","properties":{"nombre":"Las Heras","jerarquia":5},"geometry":{"type":"LineString","coordinates":[[-73.20549,-39.83425],[-73.20496,-39.83419]]}},{"type":"Feature","properties":{"nombre":"Las Heras","jerarquia":5},"geometry":{"type":"LineString","coordinates":[[-73.20496,-39.83419],[-73.20475,-39.83417]]}},{"type":"Feature","properties":{"nombre":"Las Heras","jerarquia":5},"geometry":{"type":"LineString","coordinates":[[-73.20475,-39.83417],[-73.20442,-39.83413]]}},{"type":"Feature","properties":{"nombre":"Las Heras","jerarquia":5},"geometry":{"type":"LineString","coordinates":[[-73.20442,-39.83413],[-73.20424,-39.83411]]}},{"type":"Feature","properties":{"nombre":"Las Heras","jerarquia":5},"geometry":{"type":"LineString","coordinates":[[-73.20424,-39.83411],[-73.20403,-39.83408]]}},{"type":"Feature","properties":{"nombre":"José María Muñoz Hermosilla","jerarquia":5},"geometry":{"type":"LineString","coordinates":[[-73.22433,-39.83241],[-73.2248,-39.83242]]}},{"type":"Feature","properties":{"nombre":"José María Muñoz Hermosilla","jerarquia":5},"geometry":{"type":"LineString","coordinates":[[-73.2248,-39.83242],[-73.22531,-39.83241]]}},{"type":"Feature","properties":{"nombre":"José María Muñoz Hermosilla","jerarquia":5},"geometry":{"type":"LineString","coordinates":[[-73.22531,-39.83241],[-73.2259,-39.83242]]}},{"type":"Feature","properties":{"nombre":"José María Muñoz Hermosilla","jerarquia":5},"geometry":{"type":"LineString","coordinates":[[-73.2259,-39.83242],[-73.22685,-39.83242]]}},{"type":"Feature","properties":{"nombre":"José María Muñoz Hermosilla","jerarquia":5},"geometry":{"type":"LineString","coordinates":[[-73.22685,-39.83242],[-73.22743,-39.83242]]}},{"type":"Feature","properties":{"nombre":"Ignacio de la Carrera","jerarquia":5},"geometry":{"type":"LineString","coordinates":[[-73.20576,-39.8414],[-73.20585,-39.84147]]}},{"type":"Feature","properties":{"nombre":"Avenida Patricio Lynch","jerarquia":5},"geometry":{"type":"LineString","coordinates":[[-73.21554,-39.82457],[-73.21628,-39.82506]]}},{"type":"Feature","properties":{"nombre":"Avenida Patricio Lynch","jerarquia":5},"geometry":{"type":"LineString","coordinates":[[-73.21628,-39.82506],[-73.21726,-39.8257]]}},{"type":"Feature","properties":{"nombre":"Avenida Patricio Lynch","jerarquia":5},"geometry":{"type":"LineString","coordinates":[[-73.21726,-39.8257],[-73.21785,-39.82608]]}},{"type":"Feature","properties":{"nombre":"Avenida Patricio Lynch","jerarquia":5},"geometry":{"type":"LineString","coordinates":[[-73.21785,-39.82608],[-73.21827,-39.82636]]}},{"type":"Feature","properties":{"nombre":"Avenida Patricio Lynch","jerarquia":5},"geometry":{"type":"LineString","coordinates":[[-73.21827,-39.82636],[-73.21885,-39.82674]]}},{"type":"Feature","properties":{"nombre":"Avenida Patricio Lynch","jerarquia":5},"geometry":{"type":"LineString","coordinates":[[-73.21885,-39.82674],[-73.21895,-39.8268]]}},{"type":"Feature","properties":{"nombre":"Avenida Patricio Lynch","jerarquia":5},"geometry":{"type":"LineString","coordinates":[[-73.21895,-39.8268],[-73.21916,-39.82694]]}},{"type":"Feature","properties":{"nombre":"","jerarquia":3},"geometry":{"type":"LineString","coordinates":[[-73.23118,-39.82],[-73.23126,-39.81999]]}},{"type":"Feature","properties":{"nombre":"","jerarquia":3},"geometry":{"type":"LineString","coordinates":[[-73.23126,-39.81999],[-73.23131,-39.81996]]}},{"type":"Feature","properties":{"nombre":"","jerarquia":3},"geometry":{"type":"LineString","coordinates":[[-73.23125,-39.8202],[-73.23126,-39.82005]]}},{"type":"Feature","properties":{"nombre":"Avenida Don Bosco","jerarquia":4},"geometry":{"type":"LineString","coordinates":[[-73.21871,-39.8268],[-73.2179,-39.8269]]}},{"type":"Feature","properties":{"nombre":"Avenida Don Bosco","jerarquia":4},"geometry":{"type":"LineString","coordinates":[[-73.2179,-39.8269],[-73.21753,-39.82706]]}},{"type":"Feature","properties":{"nombre":"Avenida Don Bosco","jerarquia":4},"geometry":{"type":"LineString","coordinates":[[-73.21753,-39.82706],[-73.21723,-39.82727]]}},{"type":"Feature","properties":{"nombre":"Avenida Don Bosco","jerarquia":4},"geometry":{"type":"LineString","coordinates":[[-73.21723,-39.82727],[-73.21664,-39.82768]]}},{"type":"Feature","properties":{"nombre":"Avenida Don Bosco","jerarquia":4},"geometry":{"type":"LineString","coordinates":[[-73.21664,-39.82768],[-73.21644,-39.82782]]}},{"type":"Feature","properties":{"nombre":"Chuquicamata","jerarquia":5},"geometry":{"type":"LineString","coordinates":[[-73.22072,-39.8067],[-73.22035,-39.80688]]}},{"type":"Feature","properties":{"nombre":"Chuquicamata","jerarquia":5},"geometry":{"type":"LineString","coordinates":[[-73.22035,-39.80688],[-73.21999,-39.80705]]}},{"type":"Feature","properties":{"nombre":"Chuquicamata","jerarquia":5},"geometry":{"type":"LineString","coordinates":[[-73.21999,-39.80705],[-73.21961,-39.80724]]}},{"type":"Feature","properties":{"nombre":"Puente Calle Calle","jerarquia":2},"geometry":{"type":"LineString","coordinates":[[-73.2298,-39.81897],[-73.22786,-39.81759]]}},{"type":"Feature","properties":{"nombre":"Sedeño","jerarquia":5},"geometry":{"type":"LineString","coordinates":[[-73.22325,-39.80981],[-73.22215,-39.81034]]}},{"type":"Feature","properties":{"nombre":"Sedeño","jerarquia":5},"geometry":{"type":"LineString","coordinates":[[-73.22215,-39.81034],[-73.22109,-39.81084]]}},{"type":"Feature","properties":{"nombre":"Sedeño","jerarquia":5},"geometry":{"type":"LineString","coordinates":[[-73.22109,-39.81084],[-73.21984,-39.81142]]}},{"type":"Feature","properties":{"nombre":"Sedeño","jerarquia":5},"geometry":{"type":"LineString","coordinates":[[-73.21984,-39.81142],[-73.21972,-39.81149]]}},{"type":"Feature","properties":{"nombre":"Pedro Aguirre Cerda","jerarquia":2},"geometry":{"type":"LineString","coordinates":[[-73.22333,-39.8143],[-73.22418,-39.8149]]}},{"type":"Feature","properties":{"nombre":"Pedro Aguirre Cerda","jerarquia":2},"geometry":{"type":"LineString","coordinates":[[-73.2146,-39.80629],[-73.21427,-39.80598],[-73.21402,-39.80566],[-73.21379,-39.80528],[-73.21355,-39.80475]]}},{"type":"Feature","properties":{"nombre":"Antofagasta","jerarquia":5},"geometry":{"type":"LineString","coordinates":[[-73.22072,-39.8067],[-73.22147,-39.80761]]}},{"type":"Feature","properties":{"nombre":"Antofagasta","jerarquia":5},"geometry":{"type":"LineString","coordinates":[[-73.22147,-39.80761],[-73.22176,-39.80798]]}},{"type":"Feature","properties":{"nombre":"Antofagasta","jerarquia":5},"geometry":{"type":"LineString","coordinates":[[-73.22176,-39.80798],[-73.22203,-39.80831]]}},{"type":"Feature","properties":{"nombre":"Antofagasta","jerarquia":5},"geometry":{"type":"LineString","coordinates":[[-73.22203,-39.80831],[-73.22219,-39.8085]]}},{"type":"Feature","properties":{"nombre":"Antofagasta","jerarquia":5},"geometry":{"type":"LineString","coordinates":[[-73.22219,-39.8085],[-73.22243,-39.80879]]}},{"type":"Feature","properties":{"nombre":"Antofagasta","jerarquia":5},"geometry":{"type":"LineString","coordinates":[[-73.22243,-39.80879],[-73.22325,-39.80981]]}},{"type":"Feature","properties":{"nombre":"Rubén Darío","jerarquia":5},"geometry":{"type":"LineString","coordinates":[[-73.21916,-39.84122],[-73.21857,-39.84113]]}},{"type":"Feature","properties":{"nombre":"Rubén Darío","jerarquia":5},"geometry":{"type":"LineString","coordinates":[[-73.21857,-39.84113],[-73.21753,-39.84097]]}},{"type":"Feature","properties":{"nombre":"Rubén Darío","jerarquia":5},"geometry":{"type":"LineString","coordinates":[[-73.21916,-39.84122],[-73.22003,-39.84086]]}},{"type":"Feature","properties":{"nombre":"San Jorge","jerarquia":5},"geometry":{"type":"LineString","coordinates":[[-73.22079,-39.8395],[-73.22048,-39.83945]]}},{"type":"Feature","properties":{"nombre":"Avenida Circunvalación Sur","jerarquia":4},"geometry":{"type":"LineString","coordinates":[[-73.23286,-39.84501],[-73.2331,-39.84495]]}},{"type":"Feature","properties":{"nombre":"Avenida Circunvalación Sur","jerarquia":4},"geometry":{"type":"LineString","coordinates":[[-73.2331,-39.84495],[-73.23416,-39.84469]]}},{"type":"Feature","properties":{"nombre":"Avenida Circunvalación Sur","jerarquia":4},"geometry":{"type":"LineString","coordinates":[[-73.23416,-39.84469],[-73.23458,-39.84459]]}},{"type":"Feature","properties":{"nombre":"Avenida Circunvalación Sur","jerarquia":4},"geometry":{"type":"LineString","coordinates":[[-73.23458,-39.84459],[-73.23514,-39.84445]]}},{"type":"Feature","properties":{"nombre":"Avenida Circunvalación Sur","jerarquia":4},"geometry":{"type":"LineString","coordinates":[[-73.23514,-39.84445],[-73.23677,-39.84405]]}},{"type":"Feature","properties":{"nombre":"Avenida Circunvalación Sur","jerarquia":4},"geometry":{"type":"LineString","coordinates":[[-73.23677,-39.84405],[-73.23755,-39.84387]]}},{"type":"Feature","properties":{"nombre":"Avenida Circunvalación Sur","jerarquia":4},"geometry":{"type":"LineString","coordinates":[[-73.23755,-39.84387],[-73.23876,-39.84357]]}},{"type":"Feature","properties":{"nombre":"Avenida Circunvalación Sur","jerarquia":4},"geometry":{"type":"LineString","coordinates":[[-73.23876,-39.84357],[-73.23889,-39.84354]]}},{"type":"Feature","properties":{"nombre":"Avenida Circunvalación Sur","jerarquia":4},"geometry":{"type":"LineString","coordinates":[[-73.23889,-39.84354],[-73.24013,-39.84324]]}},{"type":"Feature","properties":{"nombre":"Avenida Circunvalación Sur","jerarquia":4},"geometry":{"type":"LineString","coordinates":[[-73.24013,-39.84324],[-73.24086,-39.84306]]}},{"type":"Feature","properties":{"nombre":"Avenida Circunvalación Sur","jerarquia":4},"geometry":{"type":"LineString","coordinates":[[-73.24086,-39.84306],[-73.24205,-39.84277]]}},{"type":"Feature","properties":{"nombre":"Nueva San Martín","jerarquia":5},"geometry":{"type":"LineString","coordinates":[[-73.22551,-39.84233],[-73.22546,-39.84213]]}},{"type":"Feature","properties":{"nombre":"Nueva San Martín","jerarquia":5},"geometry":{"type":"LineString","coordinates":[[-73.22546,-39.84213],[-73.22524,-39.84165],[-73.22539,-39.84132],[-73.22553,-39.84117]]}},{"type":"Feature","properties":{"nombre":"Nueva San Martín","jerarquia":5},"geometry":{"type":"LineString","coordinates":[[-73.22553,-39.84117],[-73.22589,-39.83997]]}},{"type":"Feature","properties":{"nombre":"Nueva San Martín","jerarquia":5},"geometry":{"type":"LineString","coordinates":[[-73.22589,-39.83997],[-73.226,-39.83962]]}},{"type":"Feature","properties":{"nombre":"Nueva San Martín","jerarquia":5},"geometry":{"type":"LineString","coordinates":[[-73.226,-39.83962],[-73.22616,-39.83907]]}},{"type":"Feature","properties":{"nombre":"Nueva San Martín","jerarquia":5},"geometry":{"type":"LineString","coordinates":[[-73.22616,-39.83907],[-73.22626,-39.83876]]}},{"type":"Feature","properties":{"nombre":"Nueva San Martín","jerarquia":5},"geometry":{"type":"LineString","coordinates":[[-73.22626,-39.83876],[-73.22649,-39.83788]]}},{"type":"Feature","properties":{"nombre":"General Alberto Montecino Caro","jerarquia":5},"geometry":{"type":"LineString","coordinates":[[-73.2289,-39.84305],[-73.22892,-39.84311]]}},{"type":"Feature","properties":{"nombre":"General Alberto Montecino Caro","jerarquia":5},"geometry":{"type":"LineString","coordinates":[[-73.22892,-39.84311],[-73.22887,-39.8433]]}},{"type":"Feature","properties":{"nombre":"General Alberto Montecino Caro","jerarquia":5},"geometry":{"type":"LineString","coordinates":[[-73.22887,-39.8433],[-73.22876,-39.84364]]}},{"type":"Feature","properties":{"nombre":"General Alberto Montecino Caro","jerarquia":5},"geometry":{"type":"LineString","coordinates":[[-73.22876,-39.84364],[-73.22868,-39.84377],[-73.22834,-39.84375],[-73.22819,-39.84412],[-73.22811,-39.84416]]}},{"type":"Feature","properties":{"nombre":"Chacabuco","jerarquia":4},"geometry":{"type":"LineString","coordinates":[[-73.24807,-39.81271],[-73.24792,-39.81273]]}},{"type":"Feature","properties":{"nombre":"Chacabuco","jerarquia":4},"geometry":{"type":"LineString","coordinates":[[-73.24792,-39.81273],[-73.24752,-39.81278]]}},{"type":"Feature","properties":{"nombre":"Chacabuco","jerarquia":4},"geometry":{"type":"LineString","coordinates":[[-73.24752,-39.81278],[-73.24746,-39.81279]]}},{"type":"Feature","properties":{"nombre":"Avenida Circunvalación Sur","jerarquia":4},"geometry":{"type":"LineString","coordinates":[[-73.21212,-39.84823],[-73.21225,-39.8481],[-73.21394,-39.84742]]}},{"type":"Feature","properties":{"nombre":"Avenida Circunvalación Sur","jerarquia":4},"geometry":{"type":"LineString","coordinates":[[-73.21394,-39.84742],[-73.2155,-39.84681]]}},{"type":"Feature","properties":{"nombre":"Avenida Circunvalación Sur","jerarquia":4},"geometry":{"type":"LineString","coordinates":[[-73.2155,-39.84681],[-73.21662,-39.84635]]}},{"type":"Feature","properties":{"nombre":"Avenida Circunvalación Sur","jerarquia":4},"geometry":{"type":"LineString","coordinates":[[-73.21662,-39.84635],[-73.21704,-39.84619]]}},{"type":"Feature","properties":{"nombre":"Avenida Circunvalación Sur","jerarquia":4},"geometry":{"type":"LineString","coordinates":[[-73.21704,-39.84619],[-73.21762,-39.84595]]}},{"type":"Feature","properties":{"nombre":"Avenida Circunvalación Sur","jerarquia":4},"geometry":{"type":"LineString","coordinates":[[-73.21762,-39.84595],[-73.2177,-39.84592]]}},{"type":"Feature","properties":{"nombre":"Avenida Los Laureles","jerarquia":5},"geometry":{"type":"LineString","coordinates":[[-73.25222,-39.81089],[-73.25213,-39.81038]]}},{"type":"Feature","properties":{"nombre":"Avenida Los Robles","jerarquia":3},"geometry":{"type":"LineString","coordinates":[[-73.25224,-39.81095],[-73.25085,-39.81119]]}},{"type":"Feature","properties":{"nombre":"Ruta T-344","jerarquia":4},"geometry":{"type":"LineString","coordinates":[[-73.2412,-39.80392],[-73.24124,-39.80401]]}},{"type":"Feature","properties":{"nombre":"Ruta T-344","jerarquia":4},"geometry":{"type":"LineString","coordinates":[[-73.24124,-39.80401],[-73.24125,-39.80403]]}},{"type":"Feature","properties":{"nombre":"Ruta T-344","jerarquia":4},"geometry":{"type":"LineString","coordinates":[[-73.24125,-39.80403],[-73.24127,-39.80409]]}},{"type":"Feature","properties":{"nombre":"Ruta T-350","jerarquia":3},"geometry":{"type":"LineString","coordinates":[[-73.31273,-39.84549],[-73.31739,-39.84689],[-73.31823,-39.84729],[-73.31925,-39.84818],[-73.32306,-39.85199]]}},{"type":"Feature","properties":{"nombre":"Ruta T-350","jerarquia":3},"geometry":{"type":"LineString","coordinates":[[-73.29185,-39.84339],[-73.29224,-39.84337]]}},{"type":"Feature","properties":{"nombre":"Ruta T-350","jerarquia":3},"geometry":{"type":"LineString","coordinates":[[-73.33083,-39.8549],[-73.33039,-39.85489]]}},{"type":"Feature","properties":{"nombre":"General Lagos","jerarquia":4},"geometry":{"type":"LineString","coordinates":[[-73.25199,-39.83426],[-73.25167,-39.83388]]}},{"type":"Feature","properties":{"nombre":"Miraflores","jerarquia":4},"geometry":{"type":"LineString","coordinates":[[-73.25413,-39.83309],[-73.2531,-39.83364]]}},{"type":"Feature","properties":{"nombre":"Miraflores","jerarquia":4},"geometry":{"type":"LineString","coordinates":[[-73.2531,-39.83364],[-73.25199,-39.83426]]}},{"type":"Feature","properties":{"nombre":"Santiago Bueras","jerarquia":4},"geometry":{"type":"LineString","coordinates":[[-73.23852,-39.82935],[-73.23842,-39.8293]]}},{"type":"Feature","properties":{"nombre":"Camino El Arenal","jerarquia":5},"geometry":{"type":"LineString","coordinates":[[-73.19486,-39.7743],[-73.19605,-39.77447]]}},{"type":"Feature","properties":{"nombre":"Camino El Arenal","jerarquia":5},"geometry":{"type":"LineString","coordinates":[[-73.19605,-39.77447],[-73.19675,-39.77457],[-73.1973,-39.77474]]}},{"type":"Feature","properties":{"nombre":"Camino El Arenal","jerarquia":5},"geometry":{"type":"LineString","coordinates":[[-73.1973,-39.77474],[-73.19763,-39.77489]]}},{"type":"Feature","properties":{"nombre":"Camino El Arenal","jerarquia":5},"geometry":{"type":"LineString","coordinates":[[-73.19763,-39.77489],[-73.19847,-39.77544],[-73.19887,-39.77551],[-73.19948,-39.77535],[-73.20023,-39.77491],[-73.20057,-39.7748],[-73.20094,-39.77476],[-73.20181,-39.77481]]}},{"type":"Feature","properties":{"nombre":"Camino El Arenal","jerarquia":5},"geometry":{"type":"LineString","coordinates":[[-73.20181,-39.77481],[-73.20268,-39.77486],[-73.20307,-39.7748],[-73.20505,-39.77393],[-73.2054,-39.77387],[-73.20685,-39.77394],[-73.20738,-39.77393],[-73.20971,-39.77366],[-73.21027,-39.77368],[-73.21102,-39.77348],[-73.21142,-39.7736],[-73.21206,-39.77388],[-73.21273,-39.77403],[-73.21325,-39.77408],[-73.21488,-39.77408],[-73.21529,-39.77402],[-73.21649,-39.77368],[-73.2169,-39.77362]]}},{"type":"Feature","properties":{"nombre":"Camino El Arenal","jerarquia":5},"geometry":{"type":"LineString","coordinates":[[-73.2169,-39.77362],[-73.21782,-39.77361],[-73.21806,-39.77354],[-73.2188,-39.77277],[-73.21924,-39.77247],[-73.21959,-39.77236]]}},{"type":"Feature","properties":{"nombre":"Camino El Arenal","jerarquia":5},"geometry":{"type":"LineString","coordinates":[[-73.21959,-39.77236],[-73.2198,-39.7724]]}},{"type":"Feature","properties":{"nombre":"Balmaceda","jerarquia":5},"geometry":{"type":"LineString","coordinates":[[-73.18757,-39.79128],[-73.19521,-39.79139],[-73.19613,-39.7915],[-73.19679,-39.79167]]}},{"type":"Feature","properties":{"nombre":"Balmaceda","jerarquia":5},"geometry":{"type":"LineString","coordinates":[[-73.19679,-39.79167],[-73.19744,-39.79192]]}},{"type":"Feature","properties":{"nombre":"Carlos Hilker","jerarquia":5},"geometry":{"type":"LineString","coordinates":[[-73.22276,-39.834],[-73.22342,-39.83405]]}},{"type":"Feature","properties":{"nombre":"Carlos Hilker","jerarquia":5},"geometry":{"type":"LineString","coordinates":[[-73.22342,-39.83405],[-73.22396,-39.83409]]}},{"type":"Feature","properties":{"nombre":"Carlos Hilker","jerarquia":5},"geometry":{"type":"LineString","coordinates":[[-73.22396,-39.83409],[-73.22432,-39.83412]]}},{"type":"Feature","properties":{"nombre":"Carlos Hilker","jerarquia":5},"geometry":{"type":"LineString","coordinates":[[-73.22432,-39.83412],[-73.22475,-39.83415]]}},{"type":"Feature","properties":{"nombre":"Carlos Hilker","jerarquia":5},"geometry":{"type":"LineString","coordinates":[[-73.22475,-39.83415],[-73.22514,-39.83418]]}},{"type":"Feature","properties":{"nombre":"Carlos Hilker","jerarquia":5},"geometry":{"type":"LineString","coordinates":[[-73.22514,-39.83418],[-73.22554,-39.83421]]}},{"type":"Feature","properties":{"nombre":"Carlos Hilker","jerarquia":5},"geometry":{"type":"LineString","coordinates":[[-73.22554,-39.83421],[-73.22591,-39.83424]]}},{"type":"Feature","properties":{"nombre":"Carlos Hilker","jerarquia":5},"geometry":{"type":"LineString","coordinates":[[-73.22591,-39.83424],[-73.22682,-39.83431]]}},{"type":"Feature","properties":{"nombre":"Carlos Hilker","jerarquia":5},"geometry":{"type":"LineString","coordinates":[[-73.22682,-39.83431],[-73.22687,-39.83431]]}},{"type":"Feature","properties":{"nombre":"Rubén Darío","jerarquia":5},"geometry":{"type":"LineString","coordinates":[[-73.20587,-39.83526],[-73.20632,-39.83558]]}},{"type":"Feature","properties":{"nombre":"Rubén Darío","jerarquia":5},"geometry":{"type":"LineString","coordinates":[[-73.20632,-39.83558],[-73.20638,-39.83563]]}},{"type":"Feature","properties":{"nombre":"Rubén Darío","jerarquia":5},"geometry":{"type":"LineString","coordinates":[[-73.20638,-39.83563],[-73.20667,-39.83584]]}},{"type":"Feature","properties":{"nombre":"Rubén Darío","jerarquia":5},"geometry":{"type":"LineString","coordinates":[[-73.20667,-39.83584],[-73.20685,-39.83597]]}},{"type":"Feature","properties":{"nombre":"Rubén Darío","jerarquia":5},"geometry":{"type":"LineString","coordinates":[[-73.20685,-39.83597],[-73.20716,-39.83623]]}},{"type":"Feature","properties":{"nombre":"Rubén Darío","jerarquia":5},"geometry":{"type":"LineString","coordinates":[[-73.20716,-39.83623],[-73.20763,-39.83655]]}},{"type":"Feature","properties":{"nombre":"Rubén Darío","jerarquia":5},"geometry":{"type":"LineString","coordinates":[[-73.20763,-39.83655],[-73.20768,-39.83658]]}},{"type":"Feature","properties":{"nombre":"San Martín","jerarquia":5},"geometry":{"type":"LineString","coordinates":[[-73.22945,-39.83795],[-73.22941,-39.83751],[-73.22929,-39.83733]]}},{"type":"Feature","properties":{"nombre":"Alberto Blest Gana","jerarquia":5},"geometry":{"type":"LineString","coordinates":[[-73.20957,-39.84016],[-73.20984,-39.84037],[-73.20993,-39.84092],[-73.21001,-39.84109]]}},{"type":"Feature","properties":{"nombre":"Alberto Blest Gana","jerarquia":5},"geometry":{"type":"LineString","coordinates":[[-73.21001,-39.84109],[-73.21004,-39.84116],[-73.21,-39.84155]]}},{"type":"Feature","properties":{"nombre":"Alberto Blest Gana","jerarquia":5},"geometry":{"type":"LineString","coordinates":[[-73.21,-39.84155],[-73.20998,-39.84197],[-73.21067,-39.8427]]}},{"type":"Feature","properties":{"nombre":"Alberto Blest Gana","jerarquia":5},"geometry":{"type":"LineString","coordinates":[[-73.21067,-39.8427],[-73.21098,-39.84301]]}},{"type":"Feature","properties":{"nombre":"Alberto Blest Gana","jerarquia":5},"geometry":{"type":"LineString","coordinates":[[-73.21098,-39.84301],[-73.21109,-39.84313]]}},{"type":"Feature","properties":{"nombre":"Alberto Blest Gana","jerarquia":5},"geometry":{"type":"LineString","coordinates":[[-73.21109,-39.84313],[-73.21129,-39.84332]]}},{"type":"Feature","properties":{"nombre":"Alberto Blest Gana","jerarquia":5},"geometry":{"type":"LineString","coordinates":[[-73.21129,-39.84332],[-73.21144,-39.84347],[-73.21156,-39.84413]]}},{"type":"Feature","properties":{"nombre":"Alberto Blest Gana","jerarquia":5},"geometry":{"type":"LineString","coordinates":[[-73.21156,-39.84413],[-73.21157,-39.8442]]}},{"type":"Feature","properties":{"nombre":"Alberto Blest Gana","jerarquia":5},"geometry":{"type":"LineString","coordinates":[[-73.21157,-39.8442],[-73.21164,-39.84467]]}},{"type":"Feature","properties":{"nombre":"Alberto Blest Gana","jerarquia":5},"geometry":{"type":"LineString","coordinates":[[-73.21164,-39.84467],[-73.21171,-39.84499]]}},{"type":"Feature","properties":{"nombre":"Alberto Blest Gana","jerarquia":5},"geometry":{"type":"LineString","coordinates":[[-73.21171,-39.84499],[-73.21171,-39.84527],[-73.2116,-39.84557]]}},{"type":"Feature","properties":{"nombre":"Alberto Blest Gana","jerarquia":5},"geometry":{"type":"LineString","coordinates":[[-73.2116,-39.84557],[-73.21149,-39.84577]]}},{"type":"Feature","properties":{"nombre":"Alberto Blest Gana","jerarquia":5},"geometry":{"type":"LineString","coordinates":[[-73.21149,-39.84577],[-73.21136,-39.84605]]}},{"type":"Feature","properties":{"nombre":"Alberto Blest Gana","jerarquia":5},"geometry":{"type":"LineString","coordinates":[[-73.21136,-39.84605],[-73.21134,-39.84609]]}},{"type":"Feature","properties":{"nombre":"Alberto Blest Gana","jerarquia":5},"geometry":{"type":"LineString","coordinates":[[-73.21134,-39.84609],[-73.21117,-39.84642]]}},{"type":"Feature","properties":{"nombre":"Alberto Blest Gana","jerarquia":5},"geometry":{"type":"LineString","coordinates":[[-73.21117,-39.84642],[-73.21117,-39.8465]]}},{"type":"Feature","properties":{"nombre":"Alberto Blest Gana","jerarquia":5},"geometry":{"type":"LineString","coordinates":[[-73.21117,-39.8465],[-73.21117,-39.84657]]}},{"type":"Feature","properties":{"nombre":"Alberto Blest Gana","jerarquia":5},"geometry":{"type":"LineString","coordinates":[[-73.21117,-39.84657],[-73.2112,-39.84686]]}},{"type":"Feature","properties":{"nombre":"Alberto Blest Gana","jerarquia":5},"geometry":{"type":"LineString","coordinates":[[-73.2112,-39.84686],[-73.21128,-39.84702]]}},{"type":"Feature","properties":{"nombre":"Alberto Blest Gana","jerarquia":5},"geometry":{"type":"LineString","coordinates":[[-73.21128,-39.84702],[-73.2116,-39.84749]]}},{"type":"Feature","properties":{"nombre":"Alberto Blest Gana","jerarquia":5},"geometry":{"type":"LineString","coordinates":[[-73.2116,-39.84749],[-73.21181,-39.84781]]}},{"type":"Feature","properties":{"nombre":"Alberto Blest Gana","jerarquia":5},"geometry":{"type":"LineString","coordinates":[[-73.21181,-39.84781],[-73.21202,-39.84812]]}},{"type":"Feature","properties":{"nombre":"Alberto Blest Gana","jerarquia":5},"geometry":{"type":"LineString","coordinates":[[-73.21202,-39.84812],[-73.21212,-39.84823]]}},{"type":"Feature","properties":{"nombre":"","jerarquia":3},"geometry":{"type":"LineString","coordinates":[[-73.23517,-39.82996],[-73.23509,-39.82995],[-73.23483,-39.8301]]}},{"type":"Feature","properties":{"nombre":"Rubén Darío","jerarquia":5},"geometry":{"type":"LineString","coordinates":[[-73.21262,-39.83997],[-73.2121,-39.83963]]}},{"type":"Feature","properties":{"nombre":"Rubén Darío","jerarquia":5},"geometry":{"type":"LineString","coordinates":[[-73.2121,-39.83963],[-73.21155,-39.83925]]}},{"type":"Feature","properties":{"nombre":"Rubén Darío","jerarquia":5},"geometry":{"type":"LineString","coordinates":[[-73.21155,-39.83925],[-73.21107,-39.83891]]}},{"type":"Feature","properties":{"nombre":"Rubén Darío","jerarquia":5},"geometry":{"type":"LineString","coordinates":[[-73.21107,-39.83891],[-73.21066,-39.83862]]}},{"type":"Feature","properties":{"nombre":"Rubén Darío","jerarquia":5},"geometry":{"type":"LineString","coordinates":[[-73.21066,-39.83862],[-73.21003,-39.83817]]}},{"type":"Feature","properties":{"nombre":"Rubén Darío","jerarquia":5},"geometry":{"type":"LineString","coordinates":[[-73.21003,-39.83817],[-73.20993,-39.8381]]}},{"type":"Feature","properties":{"nombre":"Camilo Henríquez","jerarquia":5},"geometry":{"type":"LineString","coordinates":[[-73.24436,-39.81959],[-73.24469,-39.82082]]}},{"type":"Feature","properties":{"nombre":"Camilo Henríquez","jerarquia":5},"geometry":{"type":"LineString","coordinates":[[-73.24469,-39.82082],[-73.24498,-39.82187]]}},{"type":"Feature","properties":{"nombre":"Camilo Henríquez","jerarquia":5},"geometry":{"type":"LineString","coordinates":[[-73.24498,-39.82187],[-73.24527,-39.82285]]}},{"type":"Feature","properties":{"nombre":"Camilo Henríquez","jerarquia":5},"geometry":{"type":"LineString","coordinates":[[-73.24527,-39.82285],[-73.24533,-39.82294]]}},{"type":"Feature","properties":{"nombre":"Puente Río Cruces","jerarquia":3},"geometry":{"type":"LineString","coordinates":[[-73.26351,-39.82384],[-73.26736,-39.82698]]}},{"type":"Feature","properties":{"nombre":"Goycolea","jerarquia":5},"geometry":{"type":"LineString","coordinates":[[-73.24533,-39.82294],[-73.24532,-39.82301]]}},{"type":"Feature","properties":{"nombre":"Goycolea","jerarquia":5},"geometry":{"type":"LineString","coordinates":[[-73.24532,-39.82301],[-73.24524,-39.82359],[-73.24527,-39.82397]]}},{"type":"Feature","properties":{"nombre":"Goycolea","jerarquia":5},"geometry":{"type":"LineString","coordinates":[[-73.24527,-39.82397],[-73.2456,-39.82495]]}},{"type":"Feature","properties":{"nombre":"Goycolea","jerarquia":5},"geometry":{"type":"LineString","coordinates":[[-73.2456,-39.82495],[-73.24596,-39.82616]]}},{"type":"Feature","properties":{"nombre":"Goycolea","jerarquia":5},"geometry":{"type":"LineString","coordinates":[[-73.24596,-39.82616],[-73.24624,-39.82702]]}},{"type":"Feature","properties":{"nombre":"Goycolea","jerarquia":5},"geometry":{"type":"LineString","coordinates":[[-73.24624,-39.82702],[-73.24658,-39.82808]]}},{"type":"Feature","properties":{"nombre":"Goycolea","jerarquia":5},"geometry":{"type":"LineString","coordinates":[[-73.24658,-39.82808],[-73.24671,-39.82843]]}},{"type":"Feature","properties":{"nombre":"Ruta T-358","jerarquia":5},"geometry":{"type":"LineString","coordinates":[[-73.30493,-39.78102],[-73.30436,-39.78113]]}},{"type":"Feature","properties":{"nombre":"Ruta T-358","jerarquia":5},"geometry":{"type":"LineString","coordinates":[[-73.30436,-39.78113],[-73.30094,-39.78171],[-73.30046,-39.7817],[-73.3,-39.78161],[-73.29958,-39.78145],[-73.29882,-39.78095],[-73.29783,-39.78001],[-73.29728,-39.77931]]}},{"type":"Feature","properties":{"nombre":"Ruta T-358","jerarquia":5},"geometry":{"type":"LineString","coordinates":[[-73.29728,-39.77931],[-73.29671,-39.7786],[-73.29641,-39.77837],[-73.29608,-39.7782]]}},{"type":"Feature","properties":{"nombre":"Ruta T-358","jerarquia":5},"geometry":{"type":"LineString","coordinates":[[-73.29608,-39.7782],[-73.29456,-39.77768]]}},{"type":"Feature","properties":{"nombre":"Ruta T-358","jerarquia":5},"geometry":{"type":"LineString","coordinates":[[-73.29456,-39.77768],[-73.29285,-39.77737],[-73.2914,-39.77698]]}},{"type":"Feature","properties":{"nombre":"Ruta T-358","jerarquia":5},"geometry":{"type":"LineString","coordinates":[[-73.2914,-39.77698],[-73.29052,-39.77667],[-73.28964,-39.77628],[-73.28694,-39.77481],[-73.28579,-39.77427]]}},{"type":"Feature","properties":{"nombre":"Ruta T-358","jerarquia":5},"geometry":{"type":"LineString","coordinates":[[-73.28579,-39.77427],[-73.2855,-39.77411],[-73.28546,-39.77393],[-73.28569,-39.77345],[-73.28588,-39.77279],[-73.2863,-39.77231],[-73.28623,-39.77215],[-73.2861,-39.77211],[-73.285,-39.77225],[-73.28473,-39.77219],[-73.28368,-39.77126],[-73.28286,-39.77034],[-73.28082,-39.76889],[-73.28033,-39.7686],[-73.27943,-39.76819],[-73.27885,-39.76773],[-73.27793,-39.7675],[-73.27719,-39.76717],[-73.27679,-39.76688],[-73.2761,-39.76619],[-73.27593,-39.76607],[-73.27561,-39.76599],[-73.27452,-39.76603],[-73.27421,-39.76613],[-73.27364,-39.76645],[-73.27315,-39.76665],[-73.27249,-39.76684],[-73.27179,-39.76696],[-73.27056,-39.76703],[-73.27028,-39.76698],[-73.27001,-39.76685],[-73.26981,-39.76666],[-73.26958,-39.76623],[-73.26917,-39.76571],[-73.26829,-39.76499],[-73.26814,-39.76475],[-73.26796,-39.76421],[-73.26764,-39.76384],[-73.2673,-39.76363],[-73.26584,-39.76293],[-73.26543,-39.76265],[-73.2648,-39.76208],[-73.26459,-39.76195],[-73.26421,-39.76182],[-73.26352,-39.76179],[-73.26323,-39.7617],[-73.26307,-39.76156],[-73.26288,-39.76124],[-73.26235,-39.76087],[-73.26176,-39.76018],[-73.26168,-39.75997],[-73.26168,-39.75974],[-73.26174,-39.75958],[-73.26192,-39.75937],[-73.26231,-39.75917],[-73.2633,-39.75907],[-73.2636,-39.75898],[-73.26387,-39.75884],[-73.26409,-39.75866],[-73.26431,-39.75834],[-73.26432,-39.75814],[-73.26423,-39.75791]]}},{"type":"Feature","properties":{"nombre":"Ruta T-358","jerarquia":5},"geometry":{"type":"LineString","coordinates":[[-73.26423,-39.75791],[-73.2634,-39.75668]]}},{"type":"Feature","properties":{"nombre":"Ruta T-360","jerarquia":5},"geometry":{"type":"LineString","coordinates":[[-73.2848,-39.74816],[-73.28506,-39.7481],[-73.28534,-39.74812],[-73.28651,-39.74855],[-73.28721,-39.74889],[-73.28825,-39.74953],[-73.28939,-39.75013],[-73.28963,-39.75021],[-73.28981,-39.75019],[-73.28995,-39.75012],[-73.29077,-39.7493],[-73.29102,-39.74921],[-73.29169,-39.74929],[-73.29239,-39.74903],[-73.29393,-39.74886],[-73.2955,-39.74883],[-73.29591,-39.74888],[-73.29619,-39.74897]]}},{"type":"Feature","properties":{"nombre":"Beauchef","jerarquia":4},"geometry":{"type":"LineString","coordinates":[[-73.2356,-39.81717],[-73.23487,-39.81692]]}},{"type":"Feature","properties":{"nombre":"Beauchef","jerarquia":4},"geometry":{"type":"LineString","coordinates":[[-73.23487,-39.81692],[-73.23478,-39.81687]]}},{"type":"Feature","properties":{"nombre":"Avenida Simpson","jerarquia":4},"geometry":{"type":"LineString","coordinates":[[-73.24241,-39.83448],[-73.24283,-39.83467],[-73.24363,-39.83525]]}},{"type":"Feature","properties":{"nombre":"Avenida Simpson","jerarquia":4},"geometry":{"type":"LineString","coordinates":[[-73.24363,-39.83525],[-73.24578,-39.83668]]}},{"type":"Feature","properties":{"nombre":"Avenida Simpson","jerarquia":4},"geometry":{"type":"LineString","coordinates":[[-73.22731,-39.83017],[-73.22521,-39.83046]]}},{"type":"Feature","properties":{"nombre":"Avenida Simpson","jerarquia":4},"geometry":{"type":"LineString","coordinates":[[-73.22521,-39.83046],[-73.22467,-39.83053]]}},{"type":"Feature","properties":{"nombre":"Avenida Simpson","jerarquia":4},"geometry":{"type":"LineString","coordinates":[[-73.24563,-39.83676],[-73.2435,-39.83536]]}},{"type":"Feature","properties":{"nombre":"Avenida Simpson","jerarquia":4},"geometry":{"type":"LineString","coordinates":[[-73.2435,-39.83536],[-73.24298,-39.83511],[-73.24257,-39.83473]]}},{"type":"Feature","properties":{"nombre":"Avenida Simpson","jerarquia":4},"geometry":{"type":"LineString","coordinates":[[-73.24257,-39.83473],[-73.24252,-39.83469]]}},{"type":"Feature","properties":{"nombre":"General Baquedano","jerarquia":5},"geometry":{"type":"LineString","coordinates":[[-73.24533,-39.82294],[-73.24599,-39.82302],[-73.24631,-39.82298]]}},{"type":"Feature","properties":{"nombre":"General Baquedano","jerarquia":5},"geometry":{"type":"LineString","coordinates":[[-73.24631,-39.82298],[-73.24647,-39.82296]]}},{"type":"Feature","properties":{"nombre":"General Baquedano","jerarquia":5},"geometry":{"type":"LineString","coordinates":[[-73.24647,-39.82296],[-73.24794,-39.82279]]}},{"type":"Feature","properties":{"nombre":"Aníbal Pinto","jerarquia":4},"geometry":{"type":"LineString","coordinates":[[-73.24268,-39.8199],[-73.24188,-39.82044]]}},{"type":"Feature","properties":{"nombre":"Aníbal Pinto","jerarquia":4},"geometry":{"type":"LineString","coordinates":[[-73.24188,-39.82044],[-73.24111,-39.82083],[-73.24062,-39.82123]]}},{"type":"Feature","properties":{"nombre":"Aníbal Pinto","jerarquia":4},"geometry":{"type":"LineString","coordinates":[[-73.24062,-39.82123],[-73.24027,-39.82175],[-73.24011,-39.82244]]}},{"type":"Feature","properties":{"nombre":"Aníbal Pinto","jerarquia":4},"geometry":{"type":"LineString","coordinates":[[-73.24011,-39.82244],[-73.23998,-39.82316]]}},{"type":"Feature","properties":{"nombre":"Aníbal Pinto","jerarquia":4},"geometry":{"type":"LineString","coordinates":[[-73.23998,-39.82316],[-73.23984,-39.82371]]}},{"type":"Feature","properties":{"nombre":"Aníbal Pinto","jerarquia":4},"geometry":{"type":"LineString","coordinates":[[-73.23984,-39.82371],[-73.23975,-39.82436]]}},{"type":"Feature","properties":{"nombre":"Aníbal Pinto","jerarquia":4},"geometry":{"type":"LineString","coordinates":[[-73.23975,-39.82436],[-73.23974,-39.82475]]}},{"type":"Feature","properties":{"nombre":"Aníbal Pinto","jerarquia":4},"geometry":{"type":"LineString","coordinates":[[-73.23974,-39.82475],[-73.23973,-39.82503]]}},{"type":"Feature","properties":{"nombre":"Aníbal Pinto","jerarquia":4},"geometry":{"type":"LineString","coordinates":[[-73.23973,-39.82503],[-73.23973,-39.82565]]}},{"type":"Feature","properties":{"nombre":"Aníbal Pinto","jerarquia":4},"geometry":{"type":"LineString","coordinates":[[-73.23973,-39.82565],[-73.23975,-39.82724],[-73.23985,-39.82756]]}},{"type":"Feature","properties":{"nombre":"General Baquedano","jerarquia":5},"geometry":{"type":"LineString","coordinates":[[-73.23533,-39.82347],[-73.23546,-39.82345]]}},{"type":"Feature","properties":{"nombre":"General Baquedano","jerarquia":5},"geometry":{"type":"LineString","coordinates":[[-73.23546,-39.82345],[-73.23638,-39.82325]]}},{"type":"Feature","properties":{"nombre":"General Baquedano","jerarquia":5},"geometry":{"type":"LineString","coordinates":[[-73.23638,-39.82325],[-73.23748,-39.82301]]}},{"type":"Feature","properties":{"nombre":"General Baquedano","jerarquia":5},"geometry":{"type":"LineString","coordinates":[[-73.23748,-39.82301],[-73.23842,-39.82281]]}},{"type":"Feature","properties":{"nombre":"General Baquedano","jerarquia":5},"geometry":{"type":"LineString","coordinates":[[-73.23842,-39.82281],[-73.23934,-39.82261]]}},{"type":"Feature","properties":{"nombre":"General Baquedano","jerarquia":5},"geometry":{"type":"LineString","coordinates":[[-73.23934,-39.82261],[-73.24011,-39.82244]]}},{"type":"Feature","properties":{"nombre":"Ruta T-424","jerarquia":5},"geometry":{"type":"LineString","coordinates":[[-73.23843,-39.86668],[-73.23912,-39.86629]]}},{"type":"Feature","properties":{"nombre":"Avenida Pedro Montt","jerarquia":2},"geometry":{"type":"LineString","coordinates":[[-73.23042,-39.81951],[-73.23034,-39.81944]]}},{"type":"Feature","properties":{"nombre":"Avenida Ramón Picarte","jerarquia":5},"geometry":{"type":"LineString","coordinates":[[-73.24554,-39.81418],[-73.24423,-39.81436]]}},{"type":"Feature","properties":{"nombre":"Avenida Ramón Picarte","jerarquia":5},"geometry":{"type":"LineString","coordinates":[[-73.24423,-39.81436],[-73.24409,-39.81438]]}},{"type":"Feature","properties":{"nombre":"Avenida Ramón Picarte","jerarquia":5},"geometry":{"type":"LineString","coordinates":[[-73.24409,-39.81438],[-73.24397,-39.81439]]}},{"type":"Feature","properties":{"nombre":"Avenida Ramón Picarte","jerarquia":5},"geometry":{"type":"LineString","coordinates":[[-73.24397,-39.81439],[-73.24272,-39.81456]]}},{"type":"Feature","properties":{"nombre":"Avenida Ramón Picarte","jerarquia":5},"geometry":{"type":"LineString","coordinates":[[-73.24272,-39.81456],[-73.24263,-39.81457]]}},{"type":"Feature","properties":{"nombre":"Avenida Ramón Picarte","jerarquia":5},"geometry":{"type":"LineString","coordinates":[[-73.24263,-39.81457],[-73.24254,-39.81458]]}},{"type":"Feature","properties":{"nombre":"Avenida Ramón Picarte","jerarquia":5},"geometry":{"type":"LineString","coordinates":[[-73.24254,-39.81458],[-73.24158,-39.81472]]}},{"type":"Feature","properties":{"nombre":"Avenida Ramón Picarte","jerarquia":5},"geometry":{"type":"LineString","coordinates":[[-73.24158,-39.81472],[-73.24037,-39.81487]]}},{"type":"Feature","properties":{"nombre":"Avenida Ramón Picarte","jerarquia":5},"geometry":{"type":"LineString","coordinates":[[-73.24037,-39.81487],[-73.24026,-39.81489]]}},{"type":"Feature","properties":{"nombre":"Carlos Anwandter","jerarquia":5},"geometry":{"type":"LineString","coordinates":[[-73.2388,-39.81336],[-73.23906,-39.8131]]}},{"type":"Feature","properties":{"nombre":"Carlos Anwandter","jerarquia":5},"geometry":{"type":"LineString","coordinates":[[-73.23906,-39.8131],[-73.23908,-39.81306]]}},{"type":"Feature","properties":{"nombre":"Coronel Santiago Bueras","jerarquia":4},"geometry":{"type":"LineString","coordinates":[[-73.23929,-39.83014],[-73.2408,-39.82979]]}},{"type":"Feature","properties":{"nombre":"Coronel Santiago Bueras","jerarquia":4},"geometry":{"type":"LineString","coordinates":[[-73.23929,-39.83014],[-73.23875,-39.82954],[-73.23852,-39.82935]]}},{"type":"Feature","properties":{"nombre":"Ruta T-356","jerarquia":5},"geometry":{"type":"LineString","coordinates":[[-73.35535,-39.75344],[-73.35582,-39.75382],[-73.35621,-39.7542],[-73.35846,-39.75731],[-73.35875,-39.75763],[-73.35922,-39.75802],[-73.35943,-39.75812],[-73.36003,-39.7583],[-73.3636,-39.76006],[-73.36733,-39.76169],[-73.36963,-39.7628]]}},{"type":"Feature","properties":{"nombre":"Ruta T-356","jerarquia":5},"geometry":{"type":"LineString","coordinates":[[-73.36963,-39.7628],[-73.37063,-39.76334],[-73.37148,-39.7639],[-73.37191,-39.76428],[-73.37291,-39.76538],[-73.37343,-39.76608],[-73.37435,-39.76768],[-73.37455,-39.76826],[-73.3746,-39.76938],[-73.37476,-39.76968],[-73.37509,-39.77003],[-73.37542,-39.77026],[-73.37688,-39.77102],[-73.37828,-39.77185],[-73.37864,-39.77202],[-73.37939,-39.77225],[-73.38002,-39.77272],[-73.38063,-39.77303],[-73.38118,-39.77323],[-73.38164,-39.77335],[-73.38326,-39.77347],[-73.38367,-39.7736],[-73.38403,-39.77392],[-73.3855,-39.77604]]}},{"type":"Feature","properties":{"nombre":"Ruta T-360","jerarquia":5},"geometry":{"type":"LineString","coordinates":[[-73.29619,-39.74897],[-73.2964,-39.74918]]}},{"type":"Feature","properties":{"nombre":"Ruta T-360","jerarquia":5},"geometry":{"type":"LineString","coordinates":[[-73.30375,-39.76047],[-73.30389,-39.76092],[-73.30391,-39.76145],[-73.30401,-39.76159],[-73.30416,-39.76166],[-73.30476,-39.76178],[-73.30532,-39.7621],[-73.306,-39.76241],[-73.30626,-39.76261],[-73.30631,-39.76276],[-73.3063,-39.76322],[-73.30656,-39.76385],[-73.30653,-39.76404],[-73.30639,-39.76439],[-73.30652,-39.7653],[-73.30673,-39.76561],[-73.30826,-39.767],[-73.30893,-39.76743],[-73.31006,-39.76793],[-73.3118,-39.76888],[-73.3136,-39.7697],[-73.31494,-39.7704],[-73.31575,-39.77074],[-73.31668,-39.77104]]}},{"type":"Feature","properties":{"nombre":"Ruta T-360","jerarquia":5},"geometry":{"type":"LineString","coordinates":[[-73.31668,-39.77104],[-73.31885,-39.7718],[-73.32035,-39.77214],[-73.32297,-39.77294],[-73.32352,-39.77305]]}},{"type":"Feature","properties":{"nombre":"Ruta T-340","jerarquia":5},"geometry":{"type":"LineString","coordinates":[[-73.35535,-39.75344],[-73.3561,-39.75296],[-73.35655,-39.75277],[-73.359,-39.75218],[-73.3605,-39.7515],[-73.36123,-39.75122],[-73.36177,-39.75109],[-73.36293,-39.75092],[-73.36322,-39.75078],[-73.36412,-39.75019],[-73.36522,-39.7501],[-73.36557,-39.74999],[-73.36635,-39.74955],[-73.36659,-39.74935],[-73.36674,-39.74911],[-73.36696,-39.74856],[-73.36708,-39.74842],[-73.36727,-39.74831],[-73.36806,-39.74812],[-73.3696,-39.74792],[-73.37025,-39.74794],[-73.37131,-39.74808],[-73.37163,-39.74802],[-73.37177,-39.74789],[-73.37212,-39.74722],[-73.37239,-39.74686],[-73.37279,-39.74655],[-73.37405,-39.74591],[-73.37441,-39.7456],[-73.37484,-39.74499],[-73.37493,-39.7447],[-73.37496,-39.74436],[-73.37511,-39.74417],[-73.37657,-39.74357],[-73.37686,-39.74356],[-73.37732,-39.74364],[-73.37764,-39.74359],[-73.37845,-39.74311],[-73.37926,-39.74295],[-73.37951,-39.74282],[-73.37963,-39.74261],[-73.37959,-39.74238],[-73.37946,-39.74223],[-73.37902,-39.74202],[-73.3789,-39.74188],[-73.37894,-39.7416],[-73.37915,-39.74143],[-73.37947,-39.74145],[-73.38052,-39.74202],[-73.38071,-39.74224],[-73.38075,-39.74259],[-73.38073,-39.74315],[-73.38063,-39.7434],[-73.38029,-39.74381],[-73.3802,-39.74405],[-73.3802,-39.74428],[-73.38026,-39.74448],[-73.38035,-39.74458],[-73.38056,-39.74464],[-73.38298,-39.74457],[-73.38427,-39.74497],[-73.38458,-39.74498],[-73.38506,-39.7449],[-73.38554,-39.74497]]}},{"type":"Feature","properties":{"nombre":"Camino a Curiñanco","jerarquia":5},"geometry":{"type":"LineString","coordinates":[[-73.27039,-39.83209],[-73.27058,-39.83215]]}},{"type":"Feature","properties":{"nombre":"Avenida Simpson","jerarquia":4},"geometry":{"type":"LineString","coordinates":[[-73.25031,-39.84719],[-73.25081,-39.84747],[-73.25127,-39.84759]]}},{"type":"Feature","properties":{"nombre":"","jerarquia":2},"geometry":{"type":"LineString","coordinates":[[-73.23024,-39.81921],[-73.23047,-39.81927],[-73.23064,-39.81923]]}},{"type":"Feature","properties":{"nombre":"Las Zinnias","jerarquia":5},"geometry":{"type":"LineString","coordinates":[[-73.20982,-39.81978],[-73.20921,-39.81996],[-73.20842,-39.82031]]}},{"type":"Feature","properties":{"nombre":"Carlos Anwandter","jerarquia":5},"geometry":{"type":"LineString","coordinates":[[-73.24303,-39.8102],[-73.24429,-39.80974]]}},{"type":"Feature","properties":{"nombre":"Carlos Anwandter","jerarquia":5},"geometry":{"type":"LineString","coordinates":[[-73.24429,-39.80974],[-73.24514,-39.80972]]}},{"type":"Feature","properties":{"nombre":"Carlos Anwandter","jerarquia":5},"geometry":{"type":"LineString","coordinates":[[-73.24514,-39.80972],[-73.24554,-39.80963]]}},{"type":"Feature","properties":{"nombre":"Carlos Anwandter","jerarquia":5},"geometry":{"type":"LineString","coordinates":[[-73.24554,-39.80963],[-73.24568,-39.8096]]}},{"type":"Feature","properties":{"nombre":"O'Higgins","jerarquia":4},"geometry":{"type":"LineString","coordinates":[[-73.24637,-39.81468],[-73.24615,-39.81385]]}},{"type":"Feature","properties":{"nombre":"Avenida Intendente Luis Damann Asenjo","jerarquia":4},"geometry":{"type":"LineString","coordinates":[[-73.23236,-39.85092],[-73.23411,-39.85054]]}},{"type":"Feature","properties":{"nombre":"Avenida Pedro Montt","jerarquia":4},"geometry":{"type":"LineString","coordinates":[[-73.23254,-39.84296],[-73.23257,-39.84259]]}},{"type":"Feature","properties":{"nombre":"Avenida Pedro Montt","jerarquia":4},"geometry":{"type":"LineString","coordinates":[[-73.23257,-39.84259],[-73.23261,-39.84193],[-73.23296,-39.84051]]}},{"type":"Feature","properties":{"nombre":"Avenida Pedro Montt","jerarquia":4},"geometry":{"type":"LineString","coordinates":[[-73.23296,-39.84051],[-73.23324,-39.83948]]}},{"type":"Feature","properties":{"nombre":"Avenida Pedro Montt","jerarquia":4},"geometry":{"type":"LineString","coordinates":[[-73.23324,-39.83948],[-73.23331,-39.83917]]}},{"type":"Feature","properties":{"nombre":"Avenida Pedro Montt","jerarquia":4},"geometry":{"type":"LineString","coordinates":[[-73.23331,-39.83917],[-73.23346,-39.83862]]}},{"type":"Feature","properties":{"nombre":"Avenida Pedro Montt","jerarquia":4},"geometry":{"type":"LineString","coordinates":[[-73.23207,-39.85139],[-73.23231,-39.85236]]}},{"type":"Feature","properties":{"nombre":"Avenida Pedro Montt","jerarquia":4},"geometry":{"type":"LineString","coordinates":[[-73.23231,-39.85236],[-73.23239,-39.85275]]}},{"type":"Feature","properties":{"nombre":"Avenida Pedro Montt","jerarquia":4},"geometry":{"type":"LineString","coordinates":[[-73.23239,-39.85275],[-73.23246,-39.85313]]}},{"type":"Feature","properties":{"nombre":"Avenida Pedro Montt","jerarquia":4},"geometry":{"type":"LineString","coordinates":[[-73.23246,-39.85313],[-73.23251,-39.85351]]}},{"type":"Feature","properties":{"nombre":"Las Zinnias","jerarquia":5},"geometry":{"type":"LineString","coordinates":[[-73.20842,-39.82031],[-73.20802,-39.82059]]}},{"type":"Feature","properties":{"nombre":"Las Zinnias","jerarquia":5},"geometry":{"type":"LineString","coordinates":[[-73.20802,-39.82059],[-73.20776,-39.82085]]}},{"type":"Feature","properties":{"nombre":"Las Zinnias","jerarquia":5},"geometry":{"type":"LineString","coordinates":[[-73.20776,-39.82085],[-73.20768,-39.82094]]}},{"type":"Feature","properties":{"nombre":"Las Zinnias","jerarquia":5},"geometry":{"type":"LineString","coordinates":[[-73.20768,-39.82094],[-73.20762,-39.82101]]}},{"type":"Feature","properties":{"nombre":"Las Zinnias","jerarquia":5},"geometry":{"type":"LineString","coordinates":[[-73.20762,-39.82101],[-73.20758,-39.82105]]}},{"type":"Feature","properties":{"nombre":"Las Zinnias","jerarquia":5},"geometry":{"type":"LineString","coordinates":[[-73.20758,-39.82105],[-73.20738,-39.82113]]}},{"type":"Feature","properties":{"nombre":"Las Zinnias","jerarquia":5},"geometry":{"type":"LineString","coordinates":[[-73.20738,-39.82113],[-73.20724,-39.82117]]}},{"type":"Feature","properties":{"nombre":"Errázuriz","jerarquia":4},"geometry":{"type":"LineString","coordinates":[[-73.22856,-39.82477],[-73.22763,-39.82549]]}},{"type":"Feature","properties":{"nombre":"Errázuriz","jerarquia":4},"geometry":{"type":"LineString","coordinates":[[-73.22763,-39.82549],[-73.22668,-39.8262]]}},{"type":"Feature","properties":{"nombre":"Errázuriz","jerarquia":4},"geometry":{"type":"LineString","coordinates":[[-73.22668,-39.8262],[-73.22569,-39.82698]]}},{"type":"Feature","properties":{"nombre":"Errázuriz","jerarquia":4},"geometry":{"type":"LineString","coordinates":[[-73.22569,-39.82698],[-73.22494,-39.82756]]}},{"type":"Feature","properties":{"nombre":"Errázuriz","jerarquia":4},"geometry":{"type":"LineString","coordinates":[[-73.22494,-39.82756],[-73.22446,-39.82795]]}},{"type":"Feature","properties":{"nombre":"Errázuriz","jerarquia":4},"geometry":{"type":"LineString","coordinates":[[-73.22446,-39.82795],[-73.22372,-39.82852]]}},{"type":"Feature","properties":{"nombre":"Errázuriz","jerarquia":4},"geometry":{"type":"LineString","coordinates":[[-73.22372,-39.82852],[-73.2226,-39.82945]]}},{"type":"Feature","properties":{"nombre":"General Lagos","jerarquia":4},"geometry":{"type":"LineString","coordinates":[[-73.24873,-39.81757],[-73.24879,-39.81779]]}},{"type":"Feature","properties":{"nombre":"General Lagos","jerarquia":4},"geometry":{"type":"LineString","coordinates":[[-73.24879,-39.81779],[-73.24902,-39.81879]]}},{"type":"Feature","properties":{"nombre":"Puente Cau Cau","jerarquia":4},"geometry":{"type":"LineString","coordinates":[[-73.25259,-39.80176],[-73.25179,-39.8004]]}},{"type":"Feature","properties":{"nombre":"Santiago Bueras","jerarquia":4},"geometry":{"type":"LineString","coordinates":[[-73.22731,-39.82382],[-73.22732,-39.82368]]}},{"type":"Feature","properties":{"nombre":"Avenida Balmaceda","jerarquia":4},"geometry":{"type":"LineString","coordinates":[[-73.20257,-39.79616],[-73.20505,-39.79836],[-73.2059,-39.79917]]}},{"type":"Feature","properties":{"nombre":"Avenida Balmaceda","jerarquia":4},"geometry":{"type":"LineString","coordinates":[[-73.2059,-39.79917],[-73.20601,-39.79927]]}},{"type":"Feature","properties":{"nombre":"Avenida Balmaceda","jerarquia":4},"geometry":{"type":"LineString","coordinates":[[-73.20601,-39.79927],[-73.20705,-39.8002]]}},{"type":"Feature","properties":{"nombre":"Avenida Balmaceda","jerarquia":4},"geometry":{"type":"LineString","coordinates":[[-73.20705,-39.8002],[-73.20716,-39.80031]]}},{"type":"Feature","properties":{"nombre":"Avenida Balmaceda","jerarquia":4},"geometry":{"type":"LineString","coordinates":[[-73.20716,-39.80031],[-73.20746,-39.80064]]}},{"type":"Feature","properties":{"nombre":"Avenida Balmaceda","jerarquia":4},"geometry":{"type":"LineString","coordinates":[[-73.20746,-39.80064],[-73.20773,-39.80093]]}},{"type":"Feature","properties":{"nombre":"Avenida Balmaceda","jerarquia":4},"geometry":{"type":"LineString","coordinates":[[-73.20773,-39.80093],[-73.20819,-39.80143]]}},{"type":"Feature","properties":{"nombre":"Avenida Balmaceda","jerarquia":4},"geometry":{"type":"LineString","coordinates":[[-73.20819,-39.80143],[-73.20883,-39.80216]]}},{"type":"Feature","properties":{"nombre":"Avenida Balmaceda","jerarquia":4},"geometry":{"type":"LineString","coordinates":[[-73.20883,-39.80216],[-73.20901,-39.80251]]}},{"type":"Feature","properties":{"nombre":"Avenida Balmaceda","jerarquia":4},"geometry":{"type":"LineString","coordinates":[[-73.20901,-39.80251],[-73.20907,-39.8028]]}},{"type":"Feature","properties":{"nombre":"Avenida Balmaceda","jerarquia":4},"geometry":{"type":"LineString","coordinates":[[-73.20907,-39.8028],[-73.20911,-39.80336]]}},{"type":"Feature","properties":{"nombre":"Avenida Balmaceda","jerarquia":4},"geometry":{"type":"LineString","coordinates":[[-73.20911,-39.80336],[-73.20911,-39.80344]]}},{"type":"Feature","properties":{"nombre":"Avenida Balmaceda","jerarquia":4},"geometry":{"type":"LineString","coordinates":[[-73.20911,-39.80344],[-73.20909,-39.80583],[-73.20918,-39.80657]]}},{"type":"Feature","properties":{"nombre":"Avenida Balmaceda","jerarquia":4},"geometry":{"type":"LineString","coordinates":[[-73.20918,-39.80657],[-73.20927,-39.80739]]}},{"type":"Feature","properties":{"nombre":"Avenida Balmaceda","jerarquia":4},"geometry":{"type":"LineString","coordinates":[[-73.20927,-39.80739],[-73.20935,-39.80798]]}},{"type":"Feature","properties":{"nombre":"Avenida Balmaceda","jerarquia":4},"geometry":{"type":"LineString","coordinates":[[-73.20935,-39.80798],[-73.20939,-39.80852]]}},{"type":"Feature","properties":{"nombre":"Avenida Balmaceda","jerarquia":4},"geometry":{"type":"LineString","coordinates":[[-73.20939,-39.80852],[-73.20938,-39.80933]]}},{"type":"Feature","properties":{"nombre":"Avenida Balmaceda","jerarquia":4},"geometry":{"type":"LineString","coordinates":[[-73.20938,-39.80933],[-73.20938,-39.80982]]}},{"type":"Feature","properties":{"nombre":"Avenida Balmaceda","jerarquia":4},"geometry":{"type":"LineString","coordinates":[[-73.20938,-39.80982],[-73.20939,-39.81013]]}},{"type":"Feature","properties":{"nombre":"Avenida Balmaceda","jerarquia":4},"geometry":{"type":"LineString","coordinates":[[-73.20939,-39.81013],[-73.20944,-39.81133]]}},{"type":"Feature","properties":{"nombre":"Avenida Balmaceda","jerarquia":4},"geometry":{"type":"LineString","coordinates":[[-73.20944,-39.81133],[-73.20947,-39.81215]]}},{"type":"Feature","properties":{"nombre":"Avenida Balmaceda","jerarquia":4},"geometry":{"type":"LineString","coordinates":[[-73.20947,-39.81215],[-73.20963,-39.81379],[-73.20948,-39.8161],[-73.2096,-39.81652]]}},{"type":"Feature","properties":{"nombre":"Avenida Ramón Picarte","jerarquia":2},"geometry":{"type":"LineString","coordinates":[[-73.20632,-39.84093],[-73.20669,-39.84063]]}},{"type":"Feature","properties":{"nombre":"Avenida Ramón Picarte","jerarquia":2},"geometry":{"type":"LineString","coordinates":[[-73.20669,-39.84063],[-73.20746,-39.84]]}},{"type":"Feature","properties":{"nombre":"Avenida Ramón Picarte","jerarquia":2},"geometry":{"type":"LineString","coordinates":[[-73.20746,-39.84],[-73.20759,-39.83989]]}},{"type":"Feature","properties":{"nombre":"Avenida Ramón Picarte","jerarquia":2},"geometry":{"type":"LineString","coordinates":[[-73.20759,-39.83989],[-73.20869,-39.83899]]}},{"type":"Feature","properties":{"nombre":"Avenida Ramón Picarte","jerarquia":2},"geometry":{"type":"LineString","coordinates":[[-73.20869,-39.83899],[-73.20887,-39.83884]]}},{"type":"Feature","properties":{"nombre":"Avenida Ramón Picarte","jerarquia":2},"geometry":{"type":"LineString","coordinates":[[-73.20887,-39.83884],[-73.20985,-39.83804]]}},{"type":"Feature","properties":{"nombre":"","jerarquia":2},"geometry":{"type":"LineString","coordinates":[[-73.22448,-39.82586],[-73.22462,-39.8259],[-73.22476,-39.82589]]}},{"type":"Feature","properties":{"nombre":"General Alfonso Cañas","jerarquia":4},"geometry":{"type":"LineString","coordinates":[[-73.22958,-39.82029],[-73.2298,-39.82041]]}},{"type":"Feature","properties":{"nombre":"","jerarquia":2},"geometry":{"type":"LineString","coordinates":[[-73.22977,-39.8205],[-73.22958,-39.82029]]}},{"type":"Feature","properties":{"nombre":"General Alfonso Cañas","jerarquia":4},"geometry":{"type":"LineString","coordinates":[[-73.22958,-39.82029],[-73.22912,-39.82002]]}},{"type":"Feature","properties":{"nombre":"","jerarquia":2},"geometry":{"type":"LineString","coordinates":[[-73.22958,-39.82029],[-73.22986,-39.82021]]}},{"type":"Feature","properties":{"nombre":"Santiago Bueras","jerarquia":4},"geometry":{"type":"LineString","coordinates":[[-73.22731,-39.82382],[-73.22709,-39.82379]]}},{"type":"Feature","properties":{"nombre":"Carampangue","jerarquia":3},"geometry":{"type":"LineString","coordinates":[[-73.24352,-39.8122],[-73.24497,-39.81201]]}},{"type":"Feature","properties":{"nombre":"Carampangue","jerarquia":3},"geometry":{"type":"LineString","coordinates":[[-73.24497,-39.81201],[-73.24577,-39.8119]]}},{"type":"Feature","properties":{"nombre":"Carampangue","jerarquia":3},"geometry":{"type":"LineString","coordinates":[[-73.24577,-39.8119],[-73.24588,-39.8119]]}},{"type":"Feature","properties":{"nombre":"Carampangue","jerarquia":3},"geometry":{"type":"LineString","coordinates":[[-73.24588,-39.8119],[-73.24628,-39.81191]]}},{"type":"Feature","properties":{"nombre":"General A. Montecino Caro","jerarquia":5},"geometry":{"type":"LineString","coordinates":[[-73.22951,-39.83932],[-73.22959,-39.83903]]}},{"type":"Feature","properties":{"nombre":"General A. Montecino Caro","jerarquia":5},"geometry":{"type":"LineString","coordinates":[[-73.22959,-39.83903],[-73.22959,-39.83873]]}},{"type":"Feature","properties":{"nombre":"Avenida Pedro Montt","jerarquia":3},"geometry":{"type":"LineString","coordinates":[[-73.23495,-39.83338],[-73.23486,-39.83376]]}},{"type":"Feature","properties":{"nombre":"Avenida Pedro Montt","jerarquia":3},"geometry":{"type":"LineString","coordinates":[[-73.23486,-39.83376],[-73.23476,-39.83417]]}},{"type":"Feature","properties":{"nombre":"Avenida Pedro Montt","jerarquia":3},"geometry":{"type":"LineString","coordinates":[[-73.23476,-39.83417],[-73.23467,-39.83454]]}},{"type":"Feature","properties":{"nombre":"Avenida Pedro Montt","jerarquia":3},"geometry":{"type":"LineString","coordinates":[[-73.23467,-39.83454],[-73.23456,-39.83494]]}},{"type":"Feature","properties":{"nombre":"Avenida Pedro Montt","jerarquia":3},"geometry":{"type":"LineString","coordinates":[[-73.23442,-39.83492],[-73.23455,-39.83446]]}},{"type":"Feature","properties":{"nombre":"Avenida Pedro Montt","jerarquia":3},"geometry":{"type":"LineString","coordinates":[[-73.23455,-39.83446],[-73.23468,-39.83396]]}},{"type":"Feature","properties":{"nombre":"Avenida Pedro Montt","jerarquia":3},"geometry":{"type":"LineString","coordinates":[[-73.23468,-39.83396],[-73.23471,-39.83382]]}},{"type":"Feature","properties":{"nombre":"Avenida Pedro Montt","jerarquia":3},"geometry":{"type":"LineString","coordinates":[[-73.23503,-39.8323],[-73.23507,-39.83209],[-73.23502,-39.83184]]}},{"type":"Feature","properties":{"nombre":"Avenida Pedro Montt","jerarquia":3},"geometry":{"type":"LineString","coordinates":[[-73.23059,-39.81951],[-73.23118,-39.82]]}},{"type":"Feature","properties":{"nombre":"Avenida Pedro Montt","jerarquia":3},"geometry":{"type":"LineString","coordinates":[[-73.23474,-39.8298],[-73.23476,-39.82973]]}},{"type":"Feature","properties":{"nombre":"Avenida Pedro Montt","jerarquia":3},"geometry":{"type":"LineString","coordinates":[[-73.23388,-39.83758],[-73.23385,-39.83769]]}},{"type":"Feature","properties":{"nombre":"Coronel Santiago Bueras","jerarquia":4},"geometry":{"type":"LineString","coordinates":[[-73.23522,-39.82729],[-73.23546,-39.82742]]}},{"type":"Feature","properties":{"nombre":"Coronel Santiago Bueras","jerarquia":4},"geometry":{"type":"LineString","coordinates":[[-73.23546,-39.82742],[-73.23554,-39.82747]]}},{"type":"Feature","properties":{"nombre":"Avenida Francia","jerarquia":4},"geometry":{"type":"LineString","coordinates":[[-73.23899,-39.83544],[-73.23948,-39.835]]}},{"type":"Feature","properties":{"nombre":"Avenida Francia","jerarquia":4},"geometry":{"type":"LineString","coordinates":[[-73.23948,-39.835],[-73.23993,-39.83457]]}},{"type":"Feature","properties":{"nombre":"Avenida Francia","jerarquia":4},"geometry":{"type":"LineString","coordinates":[[-73.23993,-39.83457],[-73.24035,-39.83415]]}},{"type":"Feature","properties":{"nombre":"Avenida Francia","jerarquia":4},"geometry":{"type":"LineString","coordinates":[[-73.24035,-39.83415],[-73.24073,-39.83374]]}},{"type":"Feature","properties":{"nombre":"Avenida Francia","jerarquia":4},"geometry":{"type":"LineString","coordinates":[[-73.24073,-39.83374],[-73.24075,-39.83372]]}},{"type":"Feature","properties":{"nombre":"Avenida Francia","jerarquia":4},"geometry":{"type":"LineString","coordinates":[[-73.24096,-39.83352],[-73.24122,-39.83323],[-73.24132,-39.833],[-73.24145,-39.83219]]}},{"type":"Feature","properties":{"nombre":"Avenida Francia","jerarquia":4},"geometry":{"type":"LineString","coordinates":[[-73.24145,-39.83219],[-73.24141,-39.83174],[-73.2413,-39.83132]]}},{"type":"Feature","properties":{"nombre":"Avenida Francia","jerarquia":4},"geometry":{"type":"LineString","coordinates":[[-73.2413,-39.83132],[-73.24078,-39.82989]]}},{"type":"Feature","properties":{"nombre":"Avenida General Mackenna","jerarquia":3},"geometry":{"type":"LineString","coordinates":[[-73.2122,-39.83137],[-73.21252,-39.83151]]}},{"type":"Feature","properties":{"nombre":"Avenida Doctor Clemente Holzapfel","jerarquia":3},"geometry":{"type":"LineString","coordinates":[[-73.21209,-39.83146],[-73.21153,-39.83126],[-73.21101,-39.83091]]}},{"type":"Feature","properties":{"nombre":"Avenida Doctor Clemente Holzapfel","jerarquia":3},"geometry":{"type":"LineString","coordinates":[[-73.21101,-39.83091],[-73.21015,-39.83015]]}},{"type":"Feature","properties":{"nombre":"Avenida René Schneider","jerarquia":4},"geometry":{"type":"LineString","coordinates":[[-73.22096,-39.82916],[-73.22089,-39.8294]]}},{"type":"Feature","properties":{"nombre":"Errázuriz","jerarquia":5},"geometry":{"type":"LineString","coordinates":[[-73.20697,-39.84234],[-73.20755,-39.84187]]}},{"type":"Feature","properties":{"nombre":"Errázuriz","jerarquia":5},"geometry":{"type":"LineString","coordinates":[[-73.20755,-39.84187],[-73.20957,-39.84016]]}},{"type":"Feature","properties":{"nombre":"Errázuriz","jerarquia":5},"geometry":{"type":"LineString","coordinates":[[-73.20957,-39.84016],[-73.20991,-39.83987]]}},{"type":"Feature","properties":{"nombre":"Errázuriz","jerarquia":5},"geometry":{"type":"LineString","coordinates":[[-73.20991,-39.83987],[-73.21015,-39.83968]]}},{"type":"Feature","properties":{"nombre":"Errázuriz","jerarquia":5},"geometry":{"type":"LineString","coordinates":[[-73.21015,-39.83968],[-73.21107,-39.83891]]}},{"type":"Feature","properties":{"nombre":"Errázuriz","jerarquia":5},"geometry":{"type":"LineString","coordinates":[[-73.21107,-39.83891],[-73.2122,-39.83801]]}},{"type":"Feature","properties":{"nombre":"Errázuriz","jerarquia":5},"geometry":{"type":"LineString","coordinates":[[-73.2122,-39.83801],[-73.21255,-39.83772]]}},{"type":"Feature","properties":{"nombre":"Errázuriz","jerarquia":5},"geometry":{"type":"LineString","coordinates":[[-73.21255,-39.83772],[-73.21296,-39.83737]]}},{"type":"Feature","properties":{"nombre":"Errázuriz","jerarquia":5},"geometry":{"type":"LineString","coordinates":[[-73.21296,-39.83737],[-73.21301,-39.83733]]}},{"type":"Feature","properties":{"nombre":"Errázuriz","jerarquia":5},"geometry":{"type":"LineString","coordinates":[[-73.21301,-39.83733],[-73.21338,-39.83703]]}},{"type":"Feature","properties":{"nombre":"Errázuriz","jerarquia":5},"geometry":{"type":"LineString","coordinates":[[-73.21338,-39.83703],[-73.21443,-39.83619]]}},{"type":"Feature","properties":{"nombre":"Errázuriz","jerarquia":5},"geometry":{"type":"LineString","coordinates":[[-73.21443,-39.83619],[-73.21473,-39.83594]]}},{"type":"Feature","properties":{"nombre":"Errázuriz","jerarquia":5},"geometry":{"type":"LineString","coordinates":[[-73.21473,-39.83594],[-73.21517,-39.8356]]}},{"type":"Feature","properties":{"nombre":"Errázuriz","jerarquia":5},"geometry":{"type":"LineString","coordinates":[[-73.21517,-39.8356],[-73.21559,-39.83526]]}},{"type":"Feature","properties":{"nombre":"Errázuriz","jerarquia":5},"geometry":{"type":"LineString","coordinates":[[-73.21559,-39.83526],[-73.2166,-39.83443]]}},{"type":"Feature","properties":{"nombre":"Errázuriz","jerarquia":5},"geometry":{"type":"LineString","coordinates":[[-73.20339,-39.84523],[-73.20351,-39.84513]]}},{"type":"Feature","properties":{"nombre":"Errázuriz","jerarquia":5},"geometry":{"type":"LineString","coordinates":[[-73.20351,-39.84513],[-73.20442,-39.8444]]}},{"type":"Feature","properties":{"nombre":"Errázuriz","jerarquia":5},"geometry":{"type":"LineString","coordinates":[[-73.20442,-39.8444],[-73.20485,-39.84406]]}},{"type":"Feature","properties":{"nombre":"Errázuriz","jerarquia":5},"geometry":{"type":"LineString","coordinates":[[-73.20485,-39.84406],[-73.20526,-39.84372]]}},{"type":"Feature","properties":{"nombre":"Errázuriz","jerarquia":5},"geometry":{"type":"LineString","coordinates":[[-73.20526,-39.84372],[-73.20578,-39.8433]]}},{"type":"Feature","properties":{"nombre":"Errázuriz","jerarquia":5},"geometry":{"type":"LineString","coordinates":[[-73.20578,-39.8433],[-73.20604,-39.8431]]}},{"type":"Feature","properties":{"nombre":"Errázuriz","jerarquia":5},"geometry":{"type":"LineString","coordinates":[[-73.20604,-39.8431],[-73.20642,-39.84278]]}},{"type":"Feature","properties":{"nombre":"Errázuriz","jerarquia":5},"geometry":{"type":"LineString","coordinates":[[-73.20642,-39.84278],[-73.2067,-39.84256]]}},{"type":"Feature","properties":{"nombre":"Errázuriz","jerarquia":5},"geometry":{"type":"LineString","coordinates":[[-73.2067,-39.84256],[-73.20697,-39.84234]]}},{"type":"Feature","properties":{"nombre":"Arica","jerarquia":4},"geometry":{"type":"LineString","coordinates":[[-73.2557,-39.83469],[-73.25688,-39.83568],[-73.25745,-39.83623],[-73.25764,-39.83648],[-73.25783,-39.83719],[-73.25787,-39.8379]]}},{"type":"Feature","properties":{"nombre":"Arica","jerarquia":4},"geometry":{"type":"LineString","coordinates":[[-73.25787,-39.8379],[-73.25792,-39.83833]]}},{"type":"Feature","properties":{"nombre":"Arica","jerarquia":4},"geometry":{"type":"LineString","coordinates":[[-73.25792,-39.83833],[-73.25794,-39.83889],[-73.25708,-39.84053]]}},{"type":"Feature","properties":{"nombre":"Coronel Santiago Bueras","jerarquia":4},"geometry":{"type":"LineString","coordinates":[[-73.2408,-39.82979],[-73.24178,-39.82956]]}},{"type":"Feature","properties":{"nombre":"Coronel Santiago Bueras","jerarquia":4},"geometry":{"type":"LineString","coordinates":[[-73.24178,-39.82956],[-73.24434,-39.82898]]}},{"type":"Feature","properties":{"nombre":"Coronel Santiago Bueras","jerarquia":4},"geometry":{"type":"LineString","coordinates":[[-73.24434,-39.82898],[-73.24671,-39.82843]]}},{"type":"Feature","properties":{"nombre":"Avenida Circunvalación Sur","jerarquia":4},"geometry":{"type":"LineString","coordinates":[[-73.22444,-39.84369],[-73.22388,-39.8436],[-73.22316,-39.84365]]}},{"type":"Feature","properties":{"nombre":"Avenida Circunvalación Sur","jerarquia":4},"geometry":{"type":"LineString","coordinates":[[-73.22229,-39.844],[-73.22203,-39.84411]]}},{"type":"Feature","properties":{"nombre":"Avenida Circunvalación Sur","jerarquia":4},"geometry":{"type":"LineString","coordinates":[[-73.22203,-39.84411],[-73.22093,-39.84462]]}},{"type":"Feature","properties":{"nombre":"Avenida Circunvalación Sur","jerarquia":4},"geometry":{"type":"LineString","coordinates":[[-73.22309,-39.84352],[-73.22379,-39.84344],[-73.2246,-39.84356]]}},{"type":"Feature","properties":{"nombre":"Coronel Santiago Bueras","jerarquia":4},"geometry":{"type":"LineString","coordinates":[[-73.24671,-39.82843],[-73.24807,-39.82812]]}},{"type":"Feature","properties":{"nombre":"Coronel Santiago Bueras","jerarquia":4},"geometry":{"type":"LineString","coordinates":[[-73.24807,-39.82812],[-73.2495,-39.82778]]}},{"type":"Feature","properties":{"nombre":"Avenida Circunvalación Sur","jerarquia":4},"geometry":{"type":"LineString","coordinates":[[-73.22811,-39.84418],[-73.22906,-39.84434]]}},{"type":"Feature","properties":{"nombre":"Avenida Circunvalación Sur","jerarquia":4},"geometry":{"type":"LineString","coordinates":[[-73.22906,-39.84434],[-73.22955,-39.84443]]}},{"type":"Feature","properties":{"nombre":"Avenida Circunvalación Sur","jerarquia":4},"geometry":{"type":"LineString","coordinates":[[-73.22955,-39.84443],[-73.23,-39.84451]]}},{"type":"Feature","properties":{"nombre":"Avenida Circunvalación Sur","jerarquia":4},"geometry":{"type":"LineString","coordinates":[[-73.23,-39.84451],[-73.23031,-39.84456]]}},{"type":"Feature","properties":{"nombre":"Avenida Circunvalación Sur","jerarquia":4},"geometry":{"type":"LineString","coordinates":[[-73.23031,-39.84456],[-73.23147,-39.84476]]}},{"type":"Feature","properties":{"nombre":"Avenida Circunvalación Sur","jerarquia":4},"geometry":{"type":"LineString","coordinates":[[-73.23147,-39.84476],[-73.23187,-39.84483]]}},{"type":"Feature","properties":{"nombre":"Avenida Circunvalación Sur","jerarquia":4},"geometry":{"type":"LineString","coordinates":[[-73.23187,-39.84483],[-73.23204,-39.84486]]}},{"type":"Feature","properties":{"nombre":"Avenida Circunvalación Sur","jerarquia":4},"geometry":{"type":"LineString","coordinates":[[-73.23201,-39.845],[-73.23143,-39.8449]]}},{"type":"Feature","properties":{"nombre":"Avenida Circunvalación Sur","jerarquia":4},"geometry":{"type":"LineString","coordinates":[[-73.23143,-39.8449],[-73.23027,-39.84469]]}},{"type":"Feature","properties":{"nombre":"Avenida Circunvalación Sur","jerarquia":4},"geometry":{"type":"LineString","coordinates":[[-73.23027,-39.84469],[-73.22978,-39.8446]]}},{"type":"Feature","properties":{"nombre":"Avenida Circunvalación Sur","jerarquia":4},"geometry":{"type":"LineString","coordinates":[[-73.22978,-39.8446],[-73.22931,-39.84451]]}},{"type":"Feature","properties":{"nombre":"Avenida Circunvalación Sur","jerarquia":4},"geometry":{"type":"LineString","coordinates":[[-73.22931,-39.84451],[-73.22856,-39.84438]]}},{"type":"Feature","properties":{"nombre":"Avenida Circunvalación Sur","jerarquia":4},"geometry":{"type":"LineString","coordinates":[[-73.22856,-39.84438],[-73.22807,-39.8443]]}},{"type":"Feature","properties":{"nombre":"Avenida Circunvalación Sur","jerarquia":4},"geometry":{"type":"LineString","coordinates":[[-73.22807,-39.8443],[-73.22645,-39.84404]]}},{"type":"Feature","properties":{"nombre":"Avenida Circunvalación Sur","jerarquia":4},"geometry":{"type":"LineString","coordinates":[[-73.22645,-39.84404],[-73.22599,-39.84396]]}},{"type":"Feature","properties":{"nombre":"Avenida Circunvalación Sur","jerarquia":4},"geometry":{"type":"LineString","coordinates":[[-73.22599,-39.84396],[-73.22554,-39.84388]]}},{"type":"Feature","properties":{"nombre":"Avenida Circunvalación Sur","jerarquia":4},"geometry":{"type":"LineString","coordinates":[[-73.22554,-39.84388],[-73.22444,-39.84369]]}},{"type":"Feature","properties":{"nombre":"Intendente Luis Damann Asenjo","jerarquia":4},"geometry":{"type":"LineString","coordinates":[[-73.24022,-39.84964],[-73.24419,-39.84966]]}},{"type":"Feature","properties":{"nombre":"Ingeniero Federico Wiese","jerarquia":5},"geometry":{"type":"LineString","coordinates":[[-73.25069,-39.84802],[-73.24994,-39.84848],[-73.24948,-39.84887]]}},{"type":"Feature","properties":{"nombre":"Avenida Intendente Luis Damann Asenjo","jerarquia":4},"geometry":{"type":"LineString","coordinates":[[-73.23691,-39.85008],[-73.23606,-39.85024]]}},{"type":"Feature","properties":{"nombre":"Avenida Intendente Luis Damann Asenjo","jerarquia":4},"geometry":{"type":"LineString","coordinates":[[-73.23606,-39.85024],[-73.23557,-39.85035]]}},{"type":"Feature","properties":{"nombre":"Avenida Intendente Luis Damann Asenjo","jerarquia":4},"geometry":{"type":"LineString","coordinates":[[-73.23557,-39.85035],[-73.23431,-39.85062]]}},{"type":"Feature","properties":{"nombre":"Intendente Luis Damann Asenjo","jerarquia":4},"geometry":{"type":"LineString","coordinates":[[-73.24419,-39.84966],[-73.24458,-39.84968],[-73.24506,-39.84977]]}},{"type":"Feature","properties":{"nombre":"Intendente Luis Damann Asenjo","jerarquia":4},"geometry":{"type":"LineString","coordinates":[[-73.24506,-39.84977],[-73.24515,-39.8498]]}},{"type":"Feature","properties":{"nombre":"Intendente Luis Damann Asenjo","jerarquia":4},"geometry":{"type":"LineString","coordinates":[[-73.24515,-39.8498],[-73.24556,-39.85],[-73.24598,-39.85031]]}},{"type":"Feature","properties":{"nombre":"Intendente Luis Damann Asenjo","jerarquia":4},"geometry":{"type":"LineString","coordinates":[[-73.24598,-39.85031],[-73.24641,-39.85073]]}},{"type":"Feature","properties":{"nombre":"Intendente Luis Damann Asenjo","jerarquia":4},"geometry":{"type":"LineString","coordinates":[[-73.24371,-39.84977],[-73.24039,-39.84976]]}},{"type":"Feature","properties":{"nombre":"Avenida Ramón Picarte","jerarquia":3},"geometry":{"type":"LineString","coordinates":[[-73.23206,-39.81833],[-73.2347,-39.81682]]}},{"type":"Feature","properties":{"nombre":"Avenida Ramón Picarte","jerarquia":3},"geometry":{"type":"LineString","coordinates":[[-73.2347,-39.81682],[-73.23474,-39.8168]]}},{"type":"Feature","properties":{"nombre":"Avenida Ramón Picarte","jerarquia":3},"geometry":{"type":"LineString","coordinates":[[-73.23201,-39.81849],[-73.23062,-39.81938]]}},{"type":"Feature","properties":{"nombre":"Avenida Ramón Picarte","jerarquia":3},"geometry":{"type":"LineString","coordinates":[[-73.23062,-39.81938],[-73.23051,-39.81945]]}},{"type":"Feature","properties":{"nombre":"Avenida Ramón Picarte","jerarquia":3},"geometry":{"type":"LineString","coordinates":[[-73.23474,-39.8168],[-73.23536,-39.8165]]}},{"type":"Feature","properties":{"nombre":"Errázuriz","jerarquia":4},"geometry":{"type":"LineString","coordinates":[[-73.23415,-39.81884],[-73.23251,-39.8192]]}},{"type":"Feature","properties":{"nombre":"Errázuriz","jerarquia":4},"geometry":{"type":"LineString","coordinates":[[-73.23251,-39.8192],[-73.23238,-39.81924]]}},{"type":"Feature","properties":{"nombre":"Errázuriz","jerarquia":4},"geometry":{"type":"LineString","coordinates":[[-73.23131,-39.81996],[-73.23176,-39.81949],[-73.23224,-39.81921]]}},{"type":"Feature","properties":{"nombre":"Errázuriz","jerarquia":4},"geometry":{"type":"LineString","coordinates":[[-73.23224,-39.81921],[-73.23233,-39.81912]]}},{"type":"Feature","properties":{"nombre":"Avenida Ramón Picarte","jerarquia":3},"geometry":{"type":"LineString","coordinates":[[-73.23478,-39.81687],[-73.23223,-39.81834]]}},{"type":"Feature","properties":{"nombre":"Avenida Ramón Picarte","jerarquia":3},"geometry":{"type":"LineString","coordinates":[[-73.23223,-39.81834],[-73.23211,-39.81841]]}},{"type":"Feature","properties":{"nombre":"Errázuriz","jerarquia":4},"geometry":{"type":"LineString","coordinates":[[-73.23238,-39.81924],[-73.23194,-39.81947],[-73.23171,-39.81966],[-73.23145,-39.82001]]}},{"type":"Feature","properties":{"nombre":"Errázuriz","jerarquia":4},"geometry":{"type":"LineString","coordinates":[[-73.23145,-39.82001],[-73.23136,-39.82012]]}},{"type":"Feature","properties":{"nombre":"Caupolicán","jerarquia":5},"geometry":{"type":"LineString","coordinates":[[-73.24438,-39.81548],[-73.24412,-39.81451]]}},{"type":"Feature","properties":{"nombre":"Caupolicán","jerarquia":5},"geometry":{"type":"LineString","coordinates":[[-73.24412,-39.81451],[-73.24409,-39.81438]]}},{"type":"Feature","properties":{"nombre":"Caupolicán","jerarquia":5},"geometry":{"type":"LineString","coordinates":[[-73.24409,-39.81438],[-73.24381,-39.81328]]}},{"type":"Feature","properties":{"nombre":"Ruta 206","jerarquia":2},"geometry":{"type":"LineString","coordinates":[[-73.15009,-39.88997],[-73.14968,-39.89038]]}},{"type":"Feature","properties":{"nombre":"Ruta 206","jerarquia":2},"geometry":{"type":"LineString","coordinates":[[-73.13898,-39.90663],[-73.13944,-39.90651]]}},{"type":"Feature","properties":{"nombre":"Ruta 206","jerarquia":2},"geometry":{"type":"LineString","coordinates":[[-73.15009,-39.88997],[-73.15509,-39.88483]]}},{"type":"Feature","properties":{"nombre":"Avenida Ramón Picarte","jerarquia":2},"geometry":{"type":"LineString","coordinates":[[-73.23042,-39.81951],[-73.23013,-39.81983],[-73.22997,-39.82023]]}},{"type":"Feature","properties":{"nombre":"Santiago Bueras","jerarquia":4},"geometry":{"type":"LineString","coordinates":[[-73.22759,-39.82404],[-73.2275,-39.82397]]}},{"type":"Feature","properties":{"nombre":"Santiago Bueras","jerarquia":4},"geometry":{"type":"LineString","coordinates":[[-73.22856,-39.82477],[-73.22771,-39.82413]]}},{"type":"Feature","properties":{"nombre":"Santiago Bueras","jerarquia":4},"geometry":{"type":"LineString","coordinates":[[-73.22771,-39.82413],[-73.22759,-39.82404]]}},{"type":"Feature","properties":{"nombre":"Avenida Arturo Prat","jerarquia":4},"geometry":{"type":"LineString","coordinates":[[-73.22881,-39.81985],[-73.22798,-39.82101],[-73.22725,-39.82254]]}},{"type":"Feature","properties":{"nombre":"Avenida Arturo Prat","jerarquia":4},"geometry":{"type":"LineString","coordinates":[[-73.22725,-39.82254],[-73.22698,-39.82288],[-73.22662,-39.8232]]}},{"type":"Feature","properties":{"nombre":"Avenida Arturo Prat","jerarquia":4},"geometry":{"type":"LineString","coordinates":[[-73.22662,-39.8232],[-73.22622,-39.82344],[-73.22573,-39.82363],[-73.22519,-39.82376],[-73.22439,-39.82382]]}},{"type":"Feature","properties":{"nombre":"Avenida Arturo Prat","jerarquia":4},"geometry":{"type":"LineString","coordinates":[[-73.22439,-39.82382],[-73.22285,-39.8239],[-73.22145,-39.82385]]}},{"type":"Feature","properties":{"nombre":"Ruta T-312","jerarquia":5},"geometry":{"type":"LineString","coordinates":[[-73.19102,-39.77689],[-73.19278,-39.77913]]}},{"type":"Feature","properties":{"nombre":"Cruce Ruta 202 - Aeródromo Las Marías - Río Cau Cau","jerarquia":4},"geometry":{"type":"LineString","coordinates":[[-73.25096,-39.79899],[-73.25114,-39.79931]]}},{"type":"Feature","properties":{"nombre":"Avenida Arturo Prat","jerarquia":4},"geometry":{"type":"LineString","coordinates":[[-73.22881,-39.81985],[-73.23005,-39.81837],[-73.23099,-39.81754]]}},{"type":"Feature","properties":{"nombre":"Avenida Arturo Prat","jerarquia":4},"geometry":{"type":"LineString","coordinates":[[-73.23099,-39.81754],[-73.23418,-39.81511]]}},{"type":"Feature","properties":{"nombre":"Avenida Arturo Prat","jerarquia":4},"geometry":{"type":"LineString","coordinates":[[-73.23418,-39.81511],[-73.23544,-39.81411]]}},{"type":"Feature","properties":{"nombre":"Variante Cuesta de Soto","jerarquia":5},"geometry":{"type":"LineString","coordinates":[[-73.17199,-39.80183],[-73.17267,-39.80128],[-73.17326,-39.80063],[-73.1752,-39.79763],[-73.17581,-39.79701],[-73.1768,-39.79631],[-73.17699,-39.79612],[-73.17713,-39.79581],[-73.17718,-39.79558],[-73.17719,-39.79489],[-73.17729,-39.79424],[-73.17758,-39.79356],[-73.17847,-39.79311],[-73.17902,-39.79259],[-73.17932,-39.79255],[-73.17972,-39.79275],[-73.17997,-39.79275],[-73.18208,-39.79181]]}},{"type":"Feature","properties":{"nombre":"Coronel Santiago Bueras","jerarquia":4},"geometry":{"type":"LineString","coordinates":[[-73.23522,-39.82729],[-73.23485,-39.82706]]}},{"type":"Feature","properties":{"nombre":"Coronel Santiago Bueras","jerarquia":4},"geometry":{"type":"LineString","coordinates":[[-73.23485,-39.82706],[-73.23448,-39.82683]]}},{"type":"Feature","properties":{"nombre":"Coronel Santiago Bueras","jerarquia":4},"geometry":{"type":"LineString","coordinates":[[-73.23448,-39.82683],[-73.23397,-39.82651]]}},{"type":"Feature","properties":{"nombre":"Ángel Muñoz","jerarquia":5},"geometry":{"type":"LineString","coordinates":[[-73.22729,-39.83003],[-73.22719,-39.82946]]}},{"type":"Feature","properties":{"nombre":"Ángel Muñoz","jerarquia":5},"geometry":{"type":"LineString","coordinates":[[-73.22719,-39.82946],[-73.22707,-39.82914],[-73.22684,-39.82891]]}},{"type":"Feature","properties":{"nombre":"Ángel Muñoz","jerarquia":5},"geometry":{"type":"LineString","coordinates":[[-73.22684,-39.82891],[-73.22647,-39.82861]]}},{"type":"Feature","properties":{"nombre":"Ángel Muñoz","jerarquia":5},"geometry":{"type":"LineString","coordinates":[[-73.22647,-39.82861],[-73.22581,-39.82813]]}},{"type":"Feature","properties":{"nombre":"Ángel Muñoz","jerarquia":5},"geometry":{"type":"LineString","coordinates":[[-73.22581,-39.82813],[-73.22575,-39.82809]]}},{"type":"Feature","properties":{"nombre":"Ángel Muñoz","jerarquia":5},"geometry":{"type":"LineString","coordinates":[[-73.22575,-39.82809],[-73.22494,-39.82756]]}},{"type":"Feature","properties":{"nombre":"Ángel Muñoz","jerarquia":5},"geometry":{"type":"LineString","coordinates":[[-73.22494,-39.82756],[-73.22446,-39.82721]]}},{"type":"Feature","properties":{"nombre":"Ángel Muñoz","jerarquia":5},"geometry":{"type":"LineString","coordinates":[[-73.22446,-39.82721],[-73.22388,-39.82673]]}},{"type":"Feature","properties":{"nombre":"Avenida Don Bosco","jerarquia":4},"geometry":{"type":"LineString","coordinates":[[-73.21644,-39.82782],[-73.21579,-39.82837]]}},{"type":"Feature","properties":{"nombre":"Avenida Don Bosco","jerarquia":4},"geometry":{"type":"LineString","coordinates":[[-73.21579,-39.82837],[-73.21535,-39.82874]]}},{"type":"Feature","properties":{"nombre":"Avenida Don Bosco","jerarquia":4},"geometry":{"type":"LineString","coordinates":[[-73.21535,-39.82874],[-73.21503,-39.829]]}},{"type":"Feature","properties":{"nombre":"Avenida Don Bosco","jerarquia":4},"geometry":{"type":"LineString","coordinates":[[-73.21503,-39.829],[-73.21457,-39.82939]]}},{"type":"Feature","properties":{"nombre":"Avenida Don Bosco","jerarquia":4},"geometry":{"type":"LineString","coordinates":[[-73.21457,-39.82939],[-73.2145,-39.82944]]}},{"type":"Feature","properties":{"nombre":"Avenida Don Bosco","jerarquia":4},"geometry":{"type":"LineString","coordinates":[[-73.2145,-39.82944],[-73.21426,-39.82964]]}},{"type":"Feature","properties":{"nombre":"Avenida Don Bosco","jerarquia":4},"geometry":{"type":"LineString","coordinates":[[-73.21426,-39.82964],[-73.2141,-39.82978]]}},{"type":"Feature","properties":{"nombre":"Avenida Don Bosco","jerarquia":4},"geometry":{"type":"LineString","coordinates":[[-73.2141,-39.82978],[-73.21402,-39.82985]]}},{"type":"Feature","properties":{"nombre":"Avenida Don Bosco","jerarquia":4},"geometry":{"type":"LineString","coordinates":[[-73.21402,-39.82985],[-73.21373,-39.83009]]}},{"type":"Feature","properties":{"nombre":"Avenida Don Bosco","jerarquia":4},"geometry":{"type":"LineString","coordinates":[[-73.21373,-39.83009],[-73.21369,-39.83012]]}},{"type":"Feature","properties":{"nombre":"Avenida Don Bosco","jerarquia":4},"geometry":{"type":"LineString","coordinates":[[-73.21369,-39.83012],[-73.21341,-39.83035]]}},{"type":"Feature","properties":{"nombre":"Avenida Don Bosco","jerarquia":4},"geometry":{"type":"LineString","coordinates":[[-73.21341,-39.83035],[-73.21316,-39.83057]]}},{"type":"Feature","properties":{"nombre":"Avenida Don Bosco","jerarquia":4},"geometry":{"type":"LineString","coordinates":[[-73.21316,-39.83057],[-73.21286,-39.83082]]}},{"type":"Feature","properties":{"nombre":"Avenida Don Bosco","jerarquia":4},"geometry":{"type":"LineString","coordinates":[[-73.21286,-39.83082],[-73.21254,-39.83108]]}},{"type":"Feature","properties":{"nombre":"Avenida Don Bosco","jerarquia":4},"geometry":{"type":"LineString","coordinates":[[-73.21254,-39.83108],[-73.21251,-39.83111]]}},{"type":"Feature","properties":{"nombre":"José Victorino Lastarria","jerarquia":5},"geometry":{"type":"LineString","coordinates":[[-73.20636,-39.83261],[-73.20627,-39.83262]]}},{"type":"Feature","properties":{"nombre":"José Victorino Lastarria","jerarquia":5},"geometry":{"type":"LineString","coordinates":[[-73.20627,-39.83262],[-73.20595,-39.83259]]}},{"type":"Feature","properties":{"nombre":"José Victorino Lastarria","jerarquia":5},"geometry":{"type":"LineString","coordinates":[[-73.20595,-39.83259],[-73.20583,-39.83258]]}},{"type":"Feature","properties":{"nombre":"José Victorino Lastarria","jerarquia":5},"geometry":{"type":"LineString","coordinates":[[-73.20583,-39.83258],[-73.20546,-39.83255]]}},{"type":"Feature","properties":{"nombre":"José Victorino Lastarria","jerarquia":5},"geometry":{"type":"LineString","coordinates":[[-73.20546,-39.83255],[-73.20529,-39.83253]]}},{"type":"Feature","properties":{"nombre":"José Victorino Lastarria","jerarquia":5},"geometry":{"type":"LineString","coordinates":[[-73.20529,-39.83253],[-73.20497,-39.83249]]}},{"type":"Feature","properties":{"nombre":"José Victorino Lastarria","jerarquia":5},"geometry":{"type":"LineString","coordinates":[[-73.20497,-39.83249],[-73.20475,-39.83246]]}},{"type":"Feature","properties":{"nombre":"José Victorino Lastarria","jerarquia":5},"geometry":{"type":"LineString","coordinates":[[-73.20475,-39.83246],[-73.2045,-39.83243]]}},{"type":"Feature","properties":{"nombre":"José Victorino Lastarria","jerarquia":5},"geometry":{"type":"LineString","coordinates":[[-73.2045,-39.83243],[-73.20422,-39.8324]]}},{"type":"Feature","properties":{"nombre":"José Victorino Lastarria","jerarquia":5},"geometry":{"type":"LineString","coordinates":[[-73.20422,-39.8324],[-73.204,-39.83238]]}},{"type":"Feature","properties":{"nombre":"José Victorino Lastarria","jerarquia":5},"geometry":{"type":"LineString","coordinates":[[-73.204,-39.83238],[-73.2037,-39.83234]]}},{"type":"Feature","properties":{"nombre":"José Victorino Lastarria","jerarquia":5},"geometry":{"type":"LineString","coordinates":[[-73.2037,-39.83234],[-73.20353,-39.83232]]}},{"type":"Feature","properties":{"nombre":"José Victorino Lastarria","jerarquia":5},"geometry":{"type":"LineString","coordinates":[[-73.20353,-39.83232],[-73.20317,-39.83228]]}},{"type":"Feature","properties":{"nombre":"José Victorino Lastarria","jerarquia":5},"geometry":{"type":"LineString","coordinates":[[-73.20317,-39.83228],[-73.20305,-39.83226]]}},{"type":"Feature","properties":{"nombre":"José Victorino Lastarria","jerarquia":5},"geometry":{"type":"LineString","coordinates":[[-73.20305,-39.83226],[-73.20264,-39.83221]]}},{"type":"Feature","properties":{"nombre":"José Victorino Lastarria","jerarquia":5},"geometry":{"type":"LineString","coordinates":[[-73.20264,-39.83221],[-73.20256,-39.8322]]}},{"type":"Feature","properties":{"nombre":"José Victorino Lastarria","jerarquia":5},"geometry":{"type":"LineString","coordinates":[[-73.20256,-39.8322],[-73.2021,-39.83215]]}},{"type":"Feature","properties":{"nombre":"José Victorino Lastarria","jerarquia":5},"geometry":{"type":"LineString","coordinates":[[-73.2021,-39.83215],[-73.20203,-39.83214]]}},{"type":"Feature","properties":{"nombre":"José Victorino Lastarria","jerarquia":5},"geometry":{"type":"LineString","coordinates":[[-73.20203,-39.83214],[-73.20198,-39.83213]]}},{"type":"Feature","properties":{"nombre":"Ruta T-424","jerarquia":5},"geometry":{"type":"LineString","coordinates":[[-73.24714,-39.85721],[-73.24715,-39.85712]]}},{"type":"Feature","properties":{"nombre":"Ruta T-424","jerarquia":5},"geometry":{"type":"LineString","coordinates":[[-73.24715,-39.85712],[-73.24731,-39.85644]]}},{"type":"Feature","properties":{"nombre":"Ruta T-424","jerarquia":5},"geometry":{"type":"LineString","coordinates":[[-73.24731,-39.85644],[-73.24746,-39.85595]]}},{"type":"Feature","properties":{"nombre":"Ruta T-424","jerarquia":5},"geometry":{"type":"LineString","coordinates":[[-73.24746,-39.85595],[-73.2475,-39.85559]]}},{"type":"Feature","properties":{"nombre":"Ruta T-424","jerarquia":5},"geometry":{"type":"LineString","coordinates":[[-73.2475,-39.85559],[-73.24751,-39.85532],[-73.24741,-39.85498]]}},{"type":"Feature","properties":{"nombre":"Ruta T-424","jerarquia":5},"geometry":{"type":"LineString","coordinates":[[-73.24741,-39.85498],[-73.24655,-39.85381]]}},{"type":"Feature","properties":{"nombre":"Avenida Ramón Picarte","jerarquia":3},"geometry":{"type":"LineString","coordinates":[[-73.23042,-39.81937],[-73.23064,-39.81923]]}},{"type":"Feature","properties":{"nombre":"Avenida Pedro Montt","jerarquia":2},"geometry":{"type":"LineString","coordinates":[[-73.23042,-39.81937],[-73.23051,-39.81945]]}},{"type":"Feature","properties":{"nombre":"Avenida Pedro Montt","jerarquia":2},"geometry":{"type":"LineString","coordinates":[[-73.2303,-39.8194],[-73.2298,-39.81897]]}},{"type":"Feature","properties":{"nombre":"Avenida Ramón Picarte","jerarquia":2},"geometry":{"type":"LineString","coordinates":[[-73.23034,-39.81944],[-73.23042,-39.81937]]}},{"type":"Feature","properties":{"nombre":"Avenida Ramón Picarte","jerarquia":2},"geometry":{"type":"LineString","coordinates":[[-73.23051,-39.81945],[-73.23042,-39.81951]]}},{"type":"Feature","properties":{"nombre":"Avenida Ramón Picarte","jerarquia":3},"geometry":{"type":"LineString","coordinates":[[-73.23064,-39.81923],[-73.2319,-39.81843]]}},{"type":"Feature","properties":{"nombre":"Avenida Ramón Picarte","jerarquia":3},"geometry":{"type":"LineString","coordinates":[[-73.2319,-39.81843],[-73.23195,-39.8184]]}},{"type":"Feature","properties":{"nombre":"Pedro Aguirre Cerda","jerarquia":2},"geometry":{"type":"LineString","coordinates":[[-73.22203,-39.81331],[-73.22218,-39.81343]]}},{"type":"Feature","properties":{"nombre":"Los Lingues","jerarquia":4},"geometry":{"type":"LineString","coordinates":[[-73.25337,-39.8031],[-73.25315,-39.80272]]}},{"type":"Feature","properties":{"nombre":"","jerarquia":4},"geometry":{"type":"LineString","coordinates":[[-73.25128,-39.79926],[-73.25168,-39.79985],[-73.25207,-39.80012],[-73.2521,-39.8003],[-73.25197,-39.80045],[-73.25174,-39.8005],[-73.25149,-39.8004],[-73.25142,-39.80027],[-73.25139,-39.79993],[-73.25104,-39.79933]]}},{"type":"Feature","properties":{"nombre":"Santa Elvira","jerarquia":3},"geometry":{"type":"LineString","coordinates":[[-73.20542,-39.79303],[-73.20285,-39.79507]]}},{"type":"Feature","properties":{"nombre":"Santa Elvira","jerarquia":3},"geometry":{"type":"LineString","coordinates":[[-73.20102,-39.80276],[-73.20086,-39.80017],[-73.20068,-39.79924],[-73.20023,-39.79789],[-73.20019,-39.79748],[-73.20033,-39.79705],[-73.20054,-39.79676],[-73.20146,-39.79607]]}},{"type":"Feature","properties":{"nombre":"","jerarquia":3},"geometry":{"type":"LineString","coordinates":[[-73.25658,-39.81011],[-73.25663,-39.81021]]}},{"type":"Feature","properties":{"nombre":"","jerarquia":3},"geometry":{"type":"LineString","coordinates":[[-73.21615,-39.83412],[-73.21615,-39.83403]]}},{"type":"Feature","properties":{"nombre":"","jerarquia":3},"geometry":{"type":"LineString","coordinates":[[-73.21615,-39.83403],[-73.21618,-39.83401]]}},{"type":"Feature","properties":{"nombre":"","jerarquia":3},"geometry":{"type":"LineString","coordinates":[[-73.21711,-39.83468],[-73.21728,-39.83491]]}},{"type":"Feature","properties":{"nombre":"","jerarquia":3},"geometry":{"type":"LineString","coordinates":[[-73.22075,-39.83665],[-73.2207,-39.83673]]}},{"type":"Feature","properties":{"nombre":"","jerarquia":3},"geometry":{"type":"LineString","coordinates":[[-73.22132,-39.83687],[-73.22129,-39.83693]]}},{"type":"Feature","properties":{"nombre":"Avenida Francia","jerarquia":3},"geometry":{"type":"LineString","coordinates":[[-73.22288,-39.83734],[-73.22285,-39.83743]]}},{"type":"Feature","properties":{"nombre":"Avenida Francia","jerarquia":3},"geometry":{"type":"LineString","coordinates":[[-73.22651,-39.83779],[-73.22757,-39.83788]]}},{"type":"Feature","properties":{"nombre":"Avenida Francia","jerarquia":3},"geometry":{"type":"LineString","coordinates":[[-73.22757,-39.83788],[-73.22898,-39.83798]]}},{"type":"Feature","properties":{"nombre":"Carlos Krahmer Richter","jerarquia":5},"geometry":{"type":"LineString","coordinates":[[-73.22651,-39.83779],[-73.22652,-39.83773]]}},{"type":"Feature","properties":{"nombre":"Carlos Krahmer Richter","jerarquia":5},"geometry":{"type":"LineString","coordinates":[[-73.22652,-39.83773],[-73.22655,-39.83751],[-73.22663,-39.83738],[-73.22731,-39.83699]]}},{"type":"Feature","properties":{"nombre":"Carlos Krahmer Richter","jerarquia":5},"geometry":{"type":"LineString","coordinates":[[-73.22731,-39.83699],[-73.22779,-39.83668]]}},{"type":"Feature","properties":{"nombre":"Carlos Krahmer Richter","jerarquia":5},"geometry":{"type":"LineString","coordinates":[[-73.22779,-39.83668],[-73.22823,-39.83642]]}},{"type":"Feature","properties":{"nombre":"","jerarquia":3},"geometry":{"type":"LineString","coordinates":[[-73.22757,-39.83788],[-73.22755,-39.83797]]}},{"type":"Feature","properties":{"nombre":"","jerarquia":3},"geometry":{"type":"LineString","coordinates":[[-73.23149,-39.83781],[-73.2315,-39.83792]]}},{"type":"Feature","properties":{"nombre":"","jerarquia":3},"geometry":{"type":"LineString","coordinates":[[-73.23257,-39.83771],[-73.23258,-39.83781]]}},{"type":"Feature","properties":{"nombre":"Avenida Ramón Picarte","jerarquia":2},"geometry":{"type":"LineString","coordinates":[[-73.21544,-39.83365],[-73.21384,-39.83495]]}},{"type":"Feature","properties":{"nombre":"Avenida General Mackenna","jerarquia":3},"geometry":{"type":"LineString","coordinates":[[-73.21539,-39.83362],[-73.21535,-39.8336]]}},{"type":"Feature","properties":{"nombre":"Avenida Ramón Picarte","jerarquia":2},"geometry":{"type":"LineString","coordinates":[[-73.21535,-39.8336],[-73.21546,-39.83352]]}},{"type":"Feature","properties":{"nombre":"Avenida Ramón Picarte","jerarquia":2},"geometry":{"type":"LineString","coordinates":[[-73.21546,-39.83352],[-73.2164,-39.83274]]}},{"type":"Feature","properties":{"nombre":"Avenida Francia","jerarquia":3},"geometry":{"type":"LineString","coordinates":[[-73.21546,-39.83352],[-73.21554,-39.83357]]}},{"type":"Feature","properties":{"nombre":"Avenida General Mackenna","jerarquia":3},"geometry":{"type":"LineString","coordinates":[[-73.21535,-39.8336],[-73.21488,-39.83333]]}},{"type":"Feature","properties":{"nombre":"Avenida General Mackenna","jerarquia":3},"geometry":{"type":"LineString","coordinates":[[-73.21488,-39.83333],[-73.21405,-39.83278]]}},{"type":"Feature","properties":{"nombre":"Avenida General Mackenna","jerarquia":3},"geometry":{"type":"LineString","coordinates":[[-73.21405,-39.83278],[-73.21321,-39.83213]]}},{"type":"Feature","properties":{"nombre":"Avenida General Mackenna","jerarquia":3},"geometry":{"type":"LineString","coordinates":[[-73.21321,-39.83213],[-73.21239,-39.83157]]}},{"type":"Feature","properties":{"nombre":"Avenida Francia","jerarquia":3},"geometry":{"type":"LineString","coordinates":[[-73.21544,-39.83365],[-73.21539,-39.83362]]}},{"type":"Feature","properties":{"nombre":"Avenida Don Bosco","jerarquia":4},"geometry":{"type":"LineString","coordinates":[[-73.2122,-39.83137],[-73.21209,-39.83146]]}},{"type":"Feature","properties":{"nombre":"Avenida Doctor Clemente Holzapfel","jerarquia":3},"geometry":{"type":"LineString","coordinates":[[-73.21015,-39.83015],[-73.20982,-39.82985]]}},{"type":"Feature","properties":{"nombre":"José Victorino Lastarria","jerarquia":5},"geometry":{"type":"LineString","coordinates":[[-73.21015,-39.83015],[-73.20975,-39.83042]]}},{"type":"Feature","properties":{"nombre":"José Victorino Lastarria","jerarquia":5},"geometry":{"type":"LineString","coordinates":[[-73.20975,-39.83042],[-73.2097,-39.83045]]}},{"type":"Feature","properties":{"nombre":"José Victorino Lastarria","jerarquia":5},"geometry":{"type":"LineString","coordinates":[[-73.2097,-39.83045],[-73.20939,-39.83066]]}},{"type":"Feature","properties":{"nombre":"José Victorino Lastarria","jerarquia":5},"geometry":{"type":"LineString","coordinates":[[-73.20939,-39.83066],[-73.2093,-39.83071]]}},{"type":"Feature","properties":{"nombre":"José Victorino Lastarria","jerarquia":5},"geometry":{"type":"LineString","coordinates":[[-73.2093,-39.83071],[-73.20901,-39.8309]]}},{"type":"Feature","properties":{"nombre":"José Victorino Lastarria","jerarquia":5},"geometry":{"type":"LineString","coordinates":[[-73.20901,-39.8309],[-73.20882,-39.83103]]}},{"type":"Feature","properties":{"nombre":"José Victorino Lastarria","jerarquia":5},"geometry":{"type":"LineString","coordinates":[[-73.20882,-39.83103],[-73.20862,-39.83116]]}},{"type":"Feature","properties":{"nombre":"José Victorino Lastarria","jerarquia":5},"geometry":{"type":"LineString","coordinates":[[-73.20862,-39.83116],[-73.20838,-39.83132]]}},{"type":"Feature","properties":{"nombre":"José Victorino Lastarria","jerarquia":5},"geometry":{"type":"LineString","coordinates":[[-73.20838,-39.83132],[-73.20826,-39.83139]]}},{"type":"Feature","properties":{"nombre":"José Victorino Lastarria","jerarquia":5},"geometry":{"type":"LineString","coordinates":[[-73.20826,-39.83139],[-73.20795,-39.83159]]}},{"type":"Feature","properties":{"nombre":"José Victorino Lastarria","jerarquia":5},"geometry":{"type":"LineString","coordinates":[[-73.20795,-39.83159],[-73.2079,-39.83163]]}},{"type":"Feature","properties":{"nombre":"José Victorino Lastarria","jerarquia":5},"geometry":{"type":"LineString","coordinates":[[-73.2079,-39.83163],[-73.20753,-39.83189]]}},{"type":"Feature","properties":{"nombre":"José Victorino Lastarria","jerarquia":5},"geometry":{"type":"LineString","coordinates":[[-73.20753,-39.83189],[-73.20737,-39.83196]]}},{"type":"Feature","properties":{"nombre":"José Victorino Lastarria","jerarquia":5},"geometry":{"type":"LineString","coordinates":[[-73.20737,-39.83196],[-73.20713,-39.83211]]}},{"type":"Feature","properties":{"nombre":"José Victorino Lastarria","jerarquia":5},"geometry":{"type":"LineString","coordinates":[[-73.20713,-39.83211],[-73.20695,-39.83222]]}},{"type":"Feature","properties":{"nombre":"José Victorino Lastarria","jerarquia":5},"geometry":{"type":"LineString","coordinates":[[-73.20695,-39.83222],[-73.20672,-39.83236]]}},{"type":"Feature","properties":{"nombre":"José Victorino Lastarria","jerarquia":5},"geometry":{"type":"LineString","coordinates":[[-73.20672,-39.83236],[-73.20647,-39.83253]]}},{"type":"Feature","properties":{"nombre":"José Victorino Lastarria","jerarquia":5},"geometry":{"type":"LineString","coordinates":[[-73.20647,-39.83253],[-73.20636,-39.83261]]}},{"type":"Feature","properties":{"nombre":"José Victorino Lastarria","jerarquia":5},"geometry":{"type":"LineString","coordinates":[[-73.21024,-39.8301],[-73.21015,-39.83015]]}},{"type":"Feature","properties":{"nombre":"Avenida Doctor Clemente Holzapfel","jerarquia":3},"geometry":{"type":"LineString","coordinates":[[-73.21024,-39.8301],[-73.2112,-39.83093],[-73.21179,-39.83124]]}},{"type":"Feature","properties":{"nombre":"Avenida Francia","jerarquia":3},"geometry":{"type":"LineString","coordinates":[[-73.2302,-39.83794],[-73.23149,-39.83781]]}},{"type":"Feature","properties":{"nombre":"Avenida Francia","jerarquia":3},"geometry":{"type":"LineString","coordinates":[[-73.23149,-39.83781],[-73.23192,-39.83777]]}},{"type":"Feature","properties":{"nombre":"Avenida Francia","jerarquia":3},"geometry":{"type":"LineString","coordinates":[[-73.23192,-39.83777],[-73.23248,-39.83772]]}},{"type":"Feature","properties":{"nombre":"Avenida Francia","jerarquia":3},"geometry":{"type":"LineString","coordinates":[[-73.23248,-39.83772],[-73.23257,-39.83771]]}},{"type":"Feature","properties":{"nombre":"Avenida Francia","jerarquia":3},"geometry":{"type":"LineString","coordinates":[[-73.23257,-39.83771],[-73.23324,-39.83765]]}},{"type":"Feature","properties":{"nombre":"San Luis","jerarquia":5},"geometry":{"type":"LineString","coordinates":[[-73.22251,-39.83596],[-73.22251,-39.83593]]}},{"type":"Feature","properties":{"nombre":"San Luis","jerarquia":5},"geometry":{"type":"LineString","coordinates":[[-73.22251,-39.83593],[-73.22258,-39.83545]]}},{"type":"Feature","properties":{"nombre":"San Luis","jerarquia":5},"geometry":{"type":"LineString","coordinates":[[-73.22258,-39.83545],[-73.22258,-39.83541]]}},{"type":"Feature","properties":{"nombre":"San Luis","jerarquia":5},"geometry":{"type":"LineString","coordinates":[[-73.22258,-39.83541],[-73.22264,-39.835]]}},{"type":"Feature","properties":{"nombre":"San Luis","jerarquia":5},"geometry":{"type":"LineString","coordinates":[[-73.22264,-39.835],[-73.22276,-39.83403]]}},{"type":"Feature","properties":{"nombre":"San Luis","jerarquia":5},"geometry":{"type":"LineString","coordinates":[[-73.22276,-39.83403],[-73.22276,-39.834]]}},{"type":"Feature","properties":{"nombre":"Avenida Francia","jerarquia":3},"geometry":{"type":"LineString","coordinates":[[-73.22201,-39.8371],[-73.22288,-39.83734]]}},{"type":"Feature","properties":{"nombre":"Avenida Francia","jerarquia":3},"geometry":{"type":"LineString","coordinates":[[-73.22198,-39.83718],[-73.22129,-39.83693]]}},{"type":"Feature","properties":{"nombre":"Avenida Francia","jerarquia":3},"geometry":{"type":"LineString","coordinates":[[-73.22129,-39.83693],[-73.2207,-39.83673]]}},{"type":"Feature","properties":{"nombre":"Avenida Francia","jerarquia":3},"geometry":{"type":"LineString","coordinates":[[-73.2207,-39.83673],[-73.21998,-39.83648]]}},{"type":"Feature","properties":{"nombre":"Avenida Francia","jerarquia":3},"geometry":{"type":"LineString","coordinates":[[-73.21998,-39.83648],[-73.2198,-39.83641]]}},{"type":"Feature","properties":{"nombre":"Avenida Francia","jerarquia":3},"geometry":{"type":"LineString","coordinates":[[-73.22897,-39.83808],[-73.22755,-39.83797]]}},{"type":"Feature","properties":{"nombre":"Avenida Francia","jerarquia":3},"geometry":{"type":"LineString","coordinates":[[-73.22755,-39.83797],[-73.22649,-39.83788]]}},{"type":"Feature","properties":{"nombre":"Avenida Francia","jerarquia":3},"geometry":{"type":"LineString","coordinates":[[-73.2337,-39.8377],[-73.23258,-39.83781]]}},{"type":"Feature","properties":{"nombre":"Avenida Francia","jerarquia":3},"geometry":{"type":"LineString","coordinates":[[-73.23258,-39.83781],[-73.23166,-39.8379]]}},{"type":"Feature","properties":{"nombre":"Avenida Francia","jerarquia":3},"geometry":{"type":"LineString","coordinates":[[-73.23166,-39.8379],[-73.2315,-39.83792]]}},{"type":"Feature","properties":{"nombre":"Avenida Francia","jerarquia":3},"geometry":{"type":"LineString","coordinates":[[-73.2315,-39.83792],[-73.23019,-39.83805]]}},{"type":"Feature","properties":{"nombre":"Avenida Pedro Montt","jerarquia":3},"geometry":{"type":"LineString","coordinates":[[-73.2337,-39.8377],[-73.23373,-39.8376]]}},{"type":"Feature","properties":{"nombre":"Avenida Pedro Montt","jerarquia":4},"geometry":{"type":"LineString","coordinates":[[-73.2336,-39.83864],[-73.23338,-39.8395]]}},{"type":"Feature","properties":{"nombre":"Avenida Pedro Montt","jerarquia":4},"geometry":{"type":"LineString","coordinates":[[-73.23338,-39.8395],[-73.23311,-39.84056]]}},{"type":"Feature","properties":{"nombre":"Avenida Pedro Montt","jerarquia":4},"geometry":{"type":"LineString","coordinates":[[-73.23311,-39.84056],[-73.23275,-39.84201],[-73.2327,-39.84261]]}},{"type":"Feature","properties":{"nombre":"Avenida Pedro Montt","jerarquia":4},"geometry":{"type":"LineString","coordinates":[[-73.2327,-39.84261],[-73.23269,-39.84298]]}},{"type":"Feature","properties":{"nombre":"Avenida Francia","jerarquia":3},"geometry":{"type":"LineString","coordinates":[[-73.23385,-39.83769],[-73.2337,-39.8377]]}},{"type":"Feature","properties":{"nombre":"Avenida Pedro Montt","jerarquia":3},"geometry":{"type":"LineString","coordinates":[[-73.23476,-39.82973],[-73.23485,-39.8292],[-73.23528,-39.82783],[-73.2354,-39.82761]]}},{"type":"Feature","properties":{"nombre":"Avenida Pedro Montt","jerarquia":3},"geometry":{"type":"LineString","coordinates":[[-73.2354,-39.82761],[-73.23549,-39.82751]]}},{"type":"Feature","properties":{"nombre":"Avenida Simpson","jerarquia":4},"geometry":{"type":"LineString","coordinates":[[-73.23487,-39.82975],[-73.23509,-39.82979],[-73.23541,-39.82996],[-73.23595,-39.8303]]}},{"type":"Feature","properties":{"nombre":"San Martín","jerarquia":5},"geometry":{"type":"LineString","coordinates":[[-73.22423,-39.82469],[-73.22439,-39.82382]]}},{"type":"Feature","properties":{"nombre":"Avenida Ramón Picarte","jerarquia":5},"geometry":{"type":"LineString","coordinates":[[-73.2356,-39.81637],[-73.23652,-39.81598]]}},{"type":"Feature","properties":{"nombre":"Avenida Ramón Picarte","jerarquia":5},"geometry":{"type":"LineString","coordinates":[[-73.23652,-39.81598],[-73.2367,-39.81596]]}},{"type":"Feature","properties":{"nombre":"Yungay","jerarquia":4},"geometry":{"type":"LineString","coordinates":[[-73.24822,-39.81598],[-73.24873,-39.81757]]}},{"type":"Feature","properties":{"nombre":"Avenida Ramón Picarte","jerarquia":2},"geometry":{"type":"LineString","coordinates":[[-73.2269,-39.82451],[-73.22662,-39.8247]]}},{"type":"Feature","properties":{"nombre":"Avenida Ramón Picarte","jerarquia":2},"geometry":{"type":"LineString","coordinates":[[-73.22662,-39.8247],[-73.2256,-39.82538]]}},{"type":"Feature","properties":{"nombre":"Santiago Bueras","jerarquia":4},"geometry":{"type":"LineString","coordinates":[[-73.2275,-39.82397],[-73.22731,-39.82382]]}},{"type":"Feature","properties":{"nombre":"Avenida Ramón Picarte","jerarquia":2},"geometry":{"type":"LineString","coordinates":[[-73.2275,-39.82397],[-73.22815,-39.82343]]}},{"type":"Feature","properties":{"nombre":"","jerarquia":2},"geometry":{"type":"LineString","coordinates":[[-73.2226,-39.82781],[-73.22238,-39.82791]]}},{"type":"Feature","properties":{"nombre":"","jerarquia":2},"geometry":{"type":"LineString","coordinates":[[-73.22238,-39.82791],[-73.2223,-39.82792]]}},{"type":"Feature","properties":{"nombre":"Avenida Ramón Picarte","jerarquia":2},"geometry":{"type":"LineString","coordinates":[[-73.22311,-39.82723],[-73.22339,-39.827]]}},{"type":"Feature","properties":{"nombre":"Avenida Ramón Picarte","jerarquia":2},"geometry":{"type":"LineString","coordinates":[[-73.22339,-39.827],[-73.22456,-39.82604]]}},{"type":"Feature","properties":{"nombre":"Avenida Simpson","jerarquia":4},"geometry":{"type":"LineString","coordinates":[[-73.22147,-39.82874],[-73.2226,-39.82945]]}},{"type":"Feature","properties":{"nombre":"Avenida Ramón Picarte","jerarquia":2},"geometry":{"type":"LineString","coordinates":[[-73.22147,-39.82874],[-73.22136,-39.82884]]}},{"type":"Feature","properties":{"nombre":"Avenida Ramón Picarte","jerarquia":2},"geometry":{"type":"LineString","coordinates":[[-73.22136,-39.82884],[-73.22096,-39.82916]]}},{"type":"Feature","properties":{"nombre":"Avenida Ramón Picarte","jerarquia":2},"geometry":{"type":"LineString","coordinates":[[-73.22096,-39.82916],[-73.22071,-39.82935]]}},{"type":"Feature","properties":{"nombre":"Avenida René Schneider","jerarquia":4},"geometry":{"type":"LineString","coordinates":[[-73.22058,-39.83085],[-73.22057,-39.83091]]}},{"type":"Feature","properties":{"nombre":"Errázuriz","jerarquia":4},"geometry":{"type":"LineString","coordinates":[[-73.22117,-39.83098],[-73.22057,-39.83131]]}},{"type":"Feature","properties":{"nombre":"Errázuriz","jerarquia":4},"geometry":{"type":"LineString","coordinates":[[-73.22057,-39.83131],[-73.2205,-39.83135]]}},{"type":"Feature","properties":{"nombre":"Avenida Francia","jerarquia":3},"geometry":{"type":"LineString","coordinates":[[-73.2198,-39.83641],[-73.21954,-39.83632]]}},{"type":"Feature","properties":{"nombre":"Avenida René Schneider","jerarquia":4},"geometry":{"type":"LineString","coordinates":[[-73.2198,-39.83641],[-73.2197,-39.8365]]}},{"type":"Feature","properties":{"nombre":"Avenida René Schneider","jerarquia":4},"geometry":{"type":"LineString","coordinates":[[-73.2197,-39.8365],[-73.21963,-39.83655]]}},{"type":"Feature","properties":{"nombre":"General A. Montecino Caro","jerarquia":5},"geometry":{"type":"LineString","coordinates":[[-73.22946,-39.83808],[-73.22945,-39.83798]]}},{"type":"Feature","properties":{"nombre":"Avenida Ramón Picarte","jerarquia":3},"geometry":{"type":"LineString","coordinates":[[-73.2367,-39.81596],[-73.23553,-39.81652]]}},{"type":"Feature","properties":{"nombre":"Ruta T-350","jerarquia":5},"geometry":{"type":"LineString","coordinates":[[-73.38901,-39.75354],[-73.38925,-39.75314]]}},{"type":"Feature","properties":{"nombre":"Ruta T-350","jerarquia":5},"geometry":{"type":"LineString","coordinates":[[-73.38925,-39.75314],[-73.38961,-39.75232]]}},{"type":"Feature","properties":{"nombre":"Ruta T-350","jerarquia":5},"geometry":{"type":"LineString","coordinates":[[-73.38961,-39.75232],[-73.39013,-39.75054]]}},{"type":"Feature","properties":{"nombre":"Ruta T-350","jerarquia":5},"geometry":{"type":"LineString","coordinates":[[-73.39013,-39.75054],[-73.39022,-39.75008]]}},{"type":"Feature","properties":{"nombre":"Ruta T-350","jerarquia":5},"geometry":{"type":"LineString","coordinates":[[-73.39022,-39.75008],[-73.3912,-39.74565],[-73.39116,-39.74555],[-73.39106,-39.74549],[-73.39039,-39.74539]]}},{"type":"Feature","properties":{"nombre":"Ruta T-350","jerarquia":5},"geometry":{"type":"LineString","coordinates":[[-73.39039,-39.74539],[-73.38573,-39.74509],[-73.3856,-39.74504]]}},{"type":"Feature","properties":{"nombre":"Ruta T-350","jerarquia":5},"geometry":{"type":"LineString","coordinates":[[-73.3856,-39.74504],[-73.38554,-39.74497]]}},{"type":"Feature","properties":{"nombre":"Ruta T-350","jerarquia":5},"geometry":{"type":"LineString","coordinates":[[-73.38554,-39.74497],[-73.38569,-39.74456],[-73.38615,-39.74395],[-73.38656,-39.74306],[-73.387,-39.74174],[-73.38717,-39.74081]]}},{"type":"Feature","properties":{"nombre":"Ruta T-350","jerarquia":5},"geometry":{"type":"LineString","coordinates":[[-73.38717,-39.74081],[-73.38747,-39.73977]]}},{"type":"Feature","properties":{"nombre":"Ruta T-350","jerarquia":5},"geometry":{"type":"LineString","coordinates":[[-73.38747,-39.73977],[-73.38771,-39.739]]}},{"type":"Feature","properties":{"nombre":"Ruta T-350","jerarquia":5},"geometry":{"type":"LineString","coordinates":[[-73.38771,-39.739],[-73.38799,-39.73821]]}},{"type":"Feature","properties":{"nombre":"Ruta T-350","jerarquia":5},"geometry":{"type":"LineString","coordinates":[[-73.38799,-39.73821],[-73.38863,-39.73659]]}},{"type":"Feature","properties":{"nombre":"Ruta T-350","jerarquia":5},"geometry":{"type":"LineString","coordinates":[[-73.38863,-39.73659],[-73.38906,-39.73563]]}},{"type":"Feature","properties":{"nombre":"Ruta T-350","jerarquia":5},"geometry":{"type":"LineString","coordinates":[[-73.38906,-39.73563],[-73.38947,-39.73478]]}},{"type":"Feature","properties":{"nombre":"Ruta T-350","jerarquia":5},"geometry":{"type":"LineString","coordinates":[[-73.38947,-39.73478],[-73.38984,-39.73406]]}},{"type":"Feature","properties":{"nombre":"Ruta T-350","jerarquia":5},"geometry":{"type":"LineString","coordinates":[[-73.38984,-39.73406],[-73.39001,-39.73361],[-73.3901,-39.73316]]}},{"type":"Feature","properties":{"nombre":"Ruta T-350","jerarquia":5},"geometry":{"type":"LineString","coordinates":[[-73.3901,-39.73316],[-73.39015,-39.73295]]}},{"type":"Feature","properties":{"nombre":"Ruta T-350","jerarquia":5},"geometry":{"type":"LineString","coordinates":[[-73.39015,-39.73295],[-73.39031,-39.73226]]}},{"type":"Feature","properties":{"nombre":"Ruta T-350","jerarquia":5},"geometry":{"type":"LineString","coordinates":[[-73.39031,-39.73226],[-73.39041,-39.73184],[-73.39059,-39.73145]]}},{"type":"Feature","properties":{"nombre":"Ruta T-350","jerarquia":5},"geometry":{"type":"LineString","coordinates":[[-73.39059,-39.73145],[-73.39082,-39.73111]]}},{"type":"Feature","properties":{"nombre":"Ruta T-350","jerarquia":5},"geometry":{"type":"LineString","coordinates":[[-73.39082,-39.73111],[-73.39109,-39.73082]]}},{"type":"Feature","properties":{"nombre":"Ruta T-350","jerarquia":5},"geometry":{"type":"LineString","coordinates":[[-73.39109,-39.73082],[-73.39156,-39.73012],[-73.39199,-39.72968]]}},{"type":"Feature","properties":{"nombre":"Ruta T-350","jerarquia":5},"geometry":{"type":"LineString","coordinates":[[-73.39199,-39.72968],[-73.39241,-39.72918]]}},{"type":"Feature","properties":{"nombre":"Ruta T-350","jerarquia":5},"geometry":{"type":"LineString","coordinates":[[-73.39241,-39.72918],[-73.39259,-39.72889],[-73.39332,-39.72718],[-73.39396,-39.72617],[-73.39467,-39.7242],[-73.39547,-39.72253]]}},{"type":"Feature","properties":{"nombre":"","jerarquia":4},"geometry":{"type":"LineString","coordinates":[[-73.39516,-39.84492],[-73.3946,-39.84514]]}},{"type":"Feature","properties":{"nombre":"","jerarquia":4},"geometry":{"type":"LineString","coordinates":[[-73.3946,-39.84514],[-73.39444,-39.84519]]}},{"type":"Feature","properties":{"nombre":"","jerarquia":4},"geometry":{"type":"LineString","coordinates":[[-73.21508,-39.82403],[-73.21501,-39.82413],[-73.21506,-39.82423]]}},{"type":"Feature","properties":{"nombre":"","jerarquia":2},"geometry":{"type":"LineString","coordinates":[[-73.21442,-39.80598],[-73.21495,-39.80619]]}},{"type":"Feature","properties":{"nombre":"","jerarquia":2},"geometry":{"type":"LineString","coordinates":[[-73.2152,-39.80625],[-73.21502,-39.80642],[-73.21499,-39.80656]]}},{"type":"Feature","properties":{"nombre":"","jerarquia":2},"geometry":{"type":"LineString","coordinates":[[-73.21722,-39.80916],[-73.2174,-39.80917]]}},{"type":"Feature","properties":{"nombre":"","jerarquia":2},"geometry":{"type":"LineString","coordinates":[[-73.21154,-39.79022],[-73.21139,-39.78968],[-73.21115,-39.78916]]}},{"type":"Feature","properties":{"nombre":"","jerarquia":2},"geometry":{"type":"LineString","coordinates":[[-73.21115,-39.78916],[-73.21113,-39.78912]]}},{"type":"Feature","properties":{"nombre":"Ruta T-312","jerarquia":2},"geometry":{"type":"LineString","coordinates":[[-73.21113,-39.78912],[-73.2112,-39.78912]]}},{"type":"Feature","properties":{"nombre":"Ruta T-312","jerarquia":2},"geometry":{"type":"LineString","coordinates":[[-73.2112,-39.78912],[-73.2114,-39.78912]]}},{"type":"Feature","properties":{"nombre":"Ruta T-312","jerarquia":2},"geometry":{"type":"LineString","coordinates":[[-73.2114,-39.78912],[-73.21147,-39.78912]]}},{"type":"Feature","properties":{"nombre":"","jerarquia":2},"geometry":{"type":"LineString","coordinates":[[-73.2258,-39.81606],[-73.22592,-39.81608]]}},{"type":"Feature","properties":{"nombre":"","jerarquia":2},"geometry":{"type":"LineString","coordinates":[[-73.22592,-39.81608],[-73.22614,-39.81607]]}},{"type":"Feature","properties":{"nombre":"Avenida Simpson","jerarquia":4},"geometry":{"type":"LineString","coordinates":[[-73.22082,-39.82442],[-73.22072,-39.82508]]}},{"type":"Feature","properties":{"nombre":"Avenida Simpson","jerarquia":4},"geometry":{"type":"LineString","coordinates":[[-73.22072,-39.82508],[-73.22066,-39.8244]]}},{"type":"Feature","properties":{"nombre":"Avenida Arturo Prat","jerarquia":4},"geometry":{"type":"LineString","coordinates":[[-73.22066,-39.8244],[-73.2207,-39.82422]]}},{"type":"Feature","properties":{"nombre":"Avenida Arturo Prat","jerarquia":4},"geometry":{"type":"LineString","coordinates":[[-73.22145,-39.82385],[-73.22116,-39.8239],[-73.22094,-39.824],[-73.22087,-39.82412],[-73.22082,-39.82442]]}},{"type":"Feature","properties":{"nombre":"Avenida Francia","jerarquia":3},"geometry":{"type":"LineString","coordinates":[[-73.21554,-39.83357],[-73.21618,-39.83401]]}},{"type":"Feature","properties":{"nombre":"Avenida Francia","jerarquia":3},"geometry":{"type":"LineString","coordinates":[[-73.21618,-39.83401],[-73.21669,-39.83436]]}},{"type":"Feature","properties":{"nombre":"Avenida Ramón Picarte","jerarquia":2},"geometry":{"type":"LineString","coordinates":[[-73.21554,-39.83357],[-73.21544,-39.83365]]}},{"type":"Feature","properties":{"nombre":"Camilo Henríquez","jerarquia":5},"geometry":{"type":"LineString","coordinates":[[-73.24583,-39.81522],[-73.24584,-39.81533]]}},{"type":"Feature","properties":{"nombre":"Camilo Henríquez","jerarquia":5},"geometry":{"type":"LineString","coordinates":[[-73.24584,-39.81533],[-73.24507,-39.81704]]}},{"type":"Feature","properties":{"nombre":"Camilo Henríquez","jerarquia":5},"geometry":{"type":"LineString","coordinates":[[-73.24507,-39.81704],[-73.24495,-39.81731]]}},{"type":"Feature","properties":{"nombre":"Camilo Henríquez","jerarquia":5},"geometry":{"type":"LineString","coordinates":[[-73.24495,-39.81731],[-73.24462,-39.81801]]}},{"type":"Feature","properties":{"nombre":"Ruta 202","jerarquia":2},"geometry":{"type":"LineString","coordinates":[[-73.17596,-39.73062],[-73.17728,-39.73025],[-73.17809,-39.73013],[-73.17891,-39.73006],[-73.18256,-39.73013],[-73.1851,-39.73012],[-73.19156,-39.72996]]}},{"type":"Feature","properties":{"nombre":"Ruta 202","jerarquia":2},"geometry":{"type":"LineString","coordinates":[[-73.19156,-39.72996],[-73.1939,-39.72989]]}},{"type":"Feature","properties":{"nombre":"Ruta T-302","jerarquia":5},"geometry":{"type":"LineString","coordinates":[[-73.16173,-39.80005],[-73.15821,-39.80149],[-73.15687,-39.80192],[-73.15479,-39.80234],[-73.1538,-39.80246],[-73.15304,-39.80248],[-73.15148,-39.80241],[-73.15089,-39.80231],[-73.15054,-39.80217],[-73.14789,-39.80068],[-73.14531,-39.79931],[-73.14005,-39.79668],[-73.13798,-39.79545],[-73.13627,-39.79475],[-73.13529,-39.79411],[-73.1343,-39.7932],[-73.13378,-39.79283],[-73.13012,-39.7912],[-73.12854,-39.79022],[-73.12824,-39.78999],[-73.12798,-39.78968],[-73.12736,-39.78855],[-73.12664,-39.78796],[-73.12661,-39.78763],[-73.12654,-39.78741]]}},{"type":"Feature","properties":{"nombre":"Los Lingues","jerarquia":4},"geometry":{"type":"LineString","coordinates":[[-73.25733,-39.80975],[-73.25695,-39.80914],[-73.25654,-39.80865]]}},{"type":"Feature","properties":{"nombre":"Camino Costero","jerarquia":4},"geometry":{"type":"LineString","coordinates":[[-73.3906,-39.85012],[-73.39088,-39.84882]]}},{"type":"Feature","properties":{"nombre":"Camino Costero","jerarquia":4},"geometry":{"type":"LineString","coordinates":[[-73.39088,-39.84882],[-73.39106,-39.84833],[-73.39127,-39.84742],[-73.39148,-39.84684],[-73.39188,-39.84629],[-73.39242,-39.84578]]}},{"type":"Feature","properties":{"nombre":"Camino Costero","jerarquia":4},"geometry":{"type":"LineString","coordinates":[[-73.39242,-39.84578],[-73.39345,-39.84517],[-73.39411,-39.84484],[-73.39432,-39.8448],[-73.39461,-39.84489]]}},{"type":"Feature","properties":{"nombre":"Los Lingues","jerarquia":3},"geometry":{"type":"LineString","coordinates":[[-73.25769,-39.81001],[-73.25846,-39.81155]]}},{"type":"Feature","properties":{"nombre":"Avenida René Schneider","jerarquia":5},"geometry":{"type":"LineString","coordinates":[[-73.23045,-39.85697],[-73.2317,-39.85804]]}},{"type":"Feature","properties":{"nombre":"Avenida René Schneider","jerarquia":5},"geometry":{"type":"LineString","coordinates":[[-73.2317,-39.85804],[-73.23194,-39.85829],[-73.23222,-39.85871],[-73.2324,-39.85917],[-73.23247,-39.85963],[-73.23243,-39.8601],[-73.23225,-39.86081],[-73.23194,-39.86164],[-73.23177,-39.86239],[-73.2317,-39.86373],[-73.23179,-39.86428],[-73.23197,-39.86468],[-73.23225,-39.86506],[-73.23473,-39.86737]]}},{"type":"Feature","properties":{"nombre":"","jerarquia":3},"geometry":{"type":"LineString","coordinates":[[-73.21029,-39.78869],[-73.21033,-39.7886],[-73.2103,-39.78841]]}},{"type":"Feature","properties":{"nombre":"","jerarquia":3},"geometry":{"type":"LineString","coordinates":[[-73.2103,-39.78841],[-73.21019,-39.78831]]}},{"type":"Feature","properties":{"nombre":"","jerarquia":2},"geometry":{"type":"LineString","coordinates":[[-73.21179,-39.78722],[-73.21169,-39.78739]]}},{"type":"Feature","properties":{"nombre":"","jerarquia":2},"geometry":{"type":"LineString","coordinates":[[-73.21169,-39.78739],[-73.21161,-39.78752]]}},{"type":"Feature","properties":{"nombre":"Santa Elvira","jerarquia":3},"geometry":{"type":"LineString","coordinates":[[-73.21049,-39.7885],[-73.2107,-39.7883]]}},{"type":"Feature","properties":{"nombre":"","jerarquia":3},"geometry":{"type":"LineString","coordinates":[[-73.21083,-39.78876],[-73.21059,-39.78869]]}},{"type":"Feature","properties":{"nombre":"","jerarquia":3},"geometry":{"type":"LineString","coordinates":[[-73.21059,-39.78869],[-73.21039,-39.7887]]}},{"type":"Feature","properties":{"nombre":"Santa Elvira","jerarquia":3},"geometry":{"type":"LineString","coordinates":[[-73.21114,-39.7879],[-73.21142,-39.7876],[-73.21165,-39.78724]]}},{"type":"Feature","properties":{"nombre":"Santa Elvira","jerarquia":3},"geometry":{"type":"LineString","coordinates":[[-73.21165,-39.78724],[-73.21175,-39.78697]]}},{"type":"Feature","properties":{"nombre":"","jerarquia":2},"geometry":{"type":"LineString","coordinates":[[-73.21151,-39.78808],[-73.21134,-39.78797],[-73.21116,-39.788]]}},{"type":"Feature","properties":{"nombre":"Puente Santa Elvira","jerarquia":3},"geometry":{"type":"LineString","coordinates":[[-73.20542,-39.79303],[-73.20822,-39.79052]]}},{"type":"Feature","properties":{"nombre":"","jerarquia":2},"geometry":{"type":"LineString","coordinates":[[-73.21171,-39.79033],[-73.21158,-39.79022],[-73.21154,-39.79009]]}},{"type":"Feature","properties":{"nombre":"Circunvalación Nueva Región","jerarquia":4},"geometry":{"type":"LineString","coordinates":[[-73.2518,-39.84959],[-73.25248,-39.84915],[-73.25297,-39.8486]]}},{"type":"Feature","properties":{"nombre":"Circunvalación Nueva Región","jerarquia":4},"geometry":{"type":"LineString","coordinates":[[-73.25326,-39.84797],[-73.25354,-39.84745],[-73.25392,-39.84701],[-73.25508,-39.84632],[-73.25531,-39.84611],[-73.25568,-39.84558],[-73.25606,-39.84471]]}},{"type":"Feature","properties":{"nombre":"Avenida Circunvalación Sur","jerarquia":4},"geometry":{"type":"LineString","coordinates":[[-73.2026,-39.84448],[-73.20351,-39.84513]]}},{"type":"Feature","properties":{"nombre":"Avenida Circunvalación Sur","jerarquia":4},"geometry":{"type":"LineString","coordinates":[[-73.20351,-39.84513],[-73.20483,-39.84612]]}},{"type":"Feature","properties":{"nombre":"Avenida Circunvalación Sur","jerarquia":4},"geometry":{"type":"LineString","coordinates":[[-73.20483,-39.84612],[-73.20514,-39.84635]]}},{"type":"Feature","properties":{"nombre":"Avenida Circunvalación Sur","jerarquia":4},"geometry":{"type":"LineString","coordinates":[[-73.20514,-39.84635],[-73.20639,-39.84724]]}},{"type":"Feature","properties":{"nombre":"Avenida Circunvalación Sur","jerarquia":4},"geometry":{"type":"LineString","coordinates":[[-73.20639,-39.84724],[-73.2067,-39.84747]]}},{"type":"Feature","properties":{"nombre":"Avenida Circunvalación Sur","jerarquia":4},"geometry":{"type":"LineString","coordinates":[[-73.2067,-39.84747],[-73.20804,-39.84836]]}},{"type":"Feature","properties":{"nombre":"Avenida Circunvalación Sur","jerarquia":4},"geometry":{"type":"LineString","coordinates":[[-73.20804,-39.84836],[-73.20935,-39.8488]]}},{"type":"Feature","properties":{"nombre":"Avenida Circunvalación Sur","jerarquia":4},"geometry":{"type":"LineString","coordinates":[[-73.20935,-39.8488],[-73.20978,-39.84894]]}},{"type":"Feature","properties":{"nombre":"Avenida Circunvalación Sur","jerarquia":4},"geometry":{"type":"LineString","coordinates":[[-73.20978,-39.84894],[-73.21039,-39.84914],[-73.21089,-39.84936]]}},{"type":"Feature","properties":{"nombre":"Avenida Ramón Picarte","jerarquia":2},"geometry":{"type":"LineString","coordinates":[[-73.22833,-39.82328],[-73.22882,-39.82275]]}},{"type":"Feature","properties":{"nombre":"Puente Pedro de Valdivia","jerarquia":3},"geometry":{"type":"LineString","coordinates":[[-73.25046,-39.81124],[-73.24747,-39.81179]]}},{"type":"Feature","properties":{"nombre":"","jerarquia":3},"geometry":{"type":"LineString","coordinates":[[-73.23582,-39.8274],[-73.23581,-39.82764]]}},{"type":"Feature","properties":{"nombre":"Intendente Luis Damann Asenjo","jerarquia":4},"geometry":{"type":"LineString","coordinates":[[-73.24629,-39.85081],[-73.24572,-39.85025],[-73.24539,-39.85005]]}},{"type":"Feature","properties":{"nombre":"Arica","jerarquia":4},"geometry":{"type":"LineString","coordinates":[[-73.25378,-39.83276],[-73.25386,-39.83278],[-73.25413,-39.83309]]}},{"type":"Feature","properties":{"nombre":"","jerarquia":3},"geometry":{"type":"LineString","coordinates":[[-73.23491,-39.82351],[-73.23505,-39.82334]]}},{"type":"Feature","properties":{"nombre":"","jerarquia":3},"geometry":{"type":"LineString","coordinates":[[-73.23505,-39.82334],[-73.23504,-39.82321]]}},{"type":"Feature","properties":{"nombre":"Avenida Los Robles","jerarquia":3},"geometry":{"type":"LineString","coordinates":[[-73.25749,-39.81005],[-73.25663,-39.81021]]}},{"type":"Feature","properties":{"nombre":"Nueva San Luis","jerarquia":5},"geometry":{"type":"LineString","coordinates":[[-73.22079,-39.8395],[-73.22047,-39.83965]]}},{"type":"Feature","properties":{"nombre":"Nueva San Luis","jerarquia":5},"geometry":{"type":"LineString","coordinates":[[-73.22047,-39.83965],[-73.22029,-39.83991]]}},{"type":"Feature","properties":{"nombre":"Nueva San Luis","jerarquia":5},"geometry":{"type":"LineString","coordinates":[[-73.22029,-39.83991],[-73.22017,-39.84035]]}},{"type":"Feature","properties":{"nombre":"Nueva San Luis","jerarquia":5},"geometry":{"type":"LineString","coordinates":[[-73.22017,-39.84035],[-73.22005,-39.84079]]}},{"type":"Feature","properties":{"nombre":"Nueva San Luis","jerarquia":5},"geometry":{"type":"LineString","coordinates":[[-73.22005,-39.84079],[-73.22003,-39.84086]]}},{"type":"Feature","properties":{"nombre":"Nueva San Luis","jerarquia":5},"geometry":{"type":"LineString","coordinates":[[-73.22003,-39.84086],[-73.2199,-39.84134]]}},{"type":"Feature","properties":{"nombre":"Del Castillo","jerarquia":4},"geometry":{"type":"LineString","coordinates":[[-73.39242,-39.86264],[-73.3925,-39.86272]]}},{"type":"Feature","properties":{"nombre":"Del Castillo","jerarquia":4},"geometry":{"type":"LineString","coordinates":[[-73.3925,-39.86272],[-73.39323,-39.86375]]}},{"type":"Feature","properties":{"nombre":"Avenida Ramón Picarte","jerarquia":2},"geometry":{"type":"LineString","coordinates":[[-73.22844,-39.82335],[-73.22774,-39.82392]]}},{"type":"Feature","properties":{"nombre":"Avenida Ramón Picarte","jerarquia":2},"geometry":{"type":"LineString","coordinates":[[-73.22774,-39.82392],[-73.22759,-39.82404]]}},{"type":"Feature","properties":{"nombre":"Intendente Luis Damann Asenjo","jerarquia":5},"geometry":{"type":"LineString","coordinates":[[-73.23151,-39.85122],[-73.2311,-39.85125]]}},{"type":"Feature","properties":{"nombre":"Intendente Luis Damann Asenjo","jerarquia":5},"geometry":{"type":"LineString","coordinates":[[-73.2311,-39.85125],[-73.23073,-39.85137],[-73.23032,-39.85164]]}},{"type":"Feature","properties":{"nombre":"","jerarquia":3},"geometry":{"type":"LineString","coordinates":[[-73.27051,-39.83374],[-73.27037,-39.83332]]}},{"type":"Feature","properties":{"nombre":"","jerarquia":3},"geometry":{"type":"LineString","coordinates":[[-73.22354,-39.83749],[-73.22351,-39.83758]]}},{"type":"Feature","properties":{"nombre":"","jerarquia":5},"geometry":{"type":"LineString","coordinates":[[-73.25266,-39.81175],[-73.25253,-39.81177]]}},{"type":"Feature","properties":{"nombre":"","jerarquia":5},"geometry":{"type":"LineString","coordinates":[[-73.25253,-39.81139],[-73.2524,-39.81142]]}},{"type":"Feature","properties":{"nombre":"Avenida General Mackenna","jerarquia":3},"geometry":{"type":"LineString","coordinates":[[-73.21239,-39.83157],[-73.21209,-39.83146]]}},{"type":"Feature","properties":{"nombre":"Avenida General Mackenna","jerarquia":3},"geometry":{"type":"LineString","coordinates":[[-73.21252,-39.83151],[-73.21328,-39.83207]]}},{"type":"Feature","properties":{"nombre":"Avenida General Mackenna","jerarquia":3},"geometry":{"type":"LineString","coordinates":[[-73.21328,-39.83207],[-73.21452,-39.83299],[-73.21535,-39.83346]]}},{"type":"Feature","properties":{"nombre":"Avenida General Mackenna","jerarquia":3},"geometry":{"type":"LineString","coordinates":[[-73.21535,-39.83346],[-73.21546,-39.83352]]}},{"type":"Feature","properties":{"nombre":"Las Azucenas","jerarquia":3},"geometry":{"type":"LineString","coordinates":[[-73.20809,-39.82364],[-73.20834,-39.82401]]}},{"type":"Feature","properties":{"nombre":"Las Azucenas","jerarquia":3},"geometry":{"type":"LineString","coordinates":[[-73.20834,-39.82401],[-73.20864,-39.82445]]}},{"type":"Feature","properties":{"nombre":"Las Azucenas","jerarquia":3},"geometry":{"type":"LineString","coordinates":[[-73.20864,-39.82445],[-73.20925,-39.82537],[-73.20927,-39.82563]]}},{"type":"Feature","properties":{"nombre":"Las Azucenas","jerarquia":3},"geometry":{"type":"LineString","coordinates":[[-73.20927,-39.82563],[-73.20931,-39.82571]]}},{"type":"Feature","properties":{"nombre":"Los Girasoles","jerarquia":3},"geometry":{"type":"LineString","coordinates":[[-73.20755,-39.82278],[-73.2078,-39.82319]]}},{"type":"Feature","properties":{"nombre":"Los Girasoles","jerarquia":3},"geometry":{"type":"LineString","coordinates":[[-73.2078,-39.82319],[-73.20804,-39.82356]]}},{"type":"Feature","properties":{"nombre":"Ruta 204","jerarquia":3},"geometry":{"type":"LineString","coordinates":[[-73.20666,-39.81995],[-73.20698,-39.82048],[-73.20717,-39.82095]]}},{"type":"Feature","properties":{"nombre":"Ruta 204","jerarquia":3},"geometry":{"type":"LineString","coordinates":[[-73.20717,-39.82095],[-73.20724,-39.82117]]}},{"type":"Feature","properties":{"nombre":"Avenida Ramón Picarte","jerarquia":3},"geometry":{"type":"LineString","coordinates":[[-73.23553,-39.81652],[-73.23485,-39.81682]]}},{"type":"Feature","properties":{"nombre":"Avenida Ramón Picarte","jerarquia":3},"geometry":{"type":"LineString","coordinates":[[-73.23485,-39.81682],[-73.23478,-39.81687]]}},{"type":"Feature","properties":{"nombre":"Beauchef","jerarquia":4},"geometry":{"type":"LineString","coordinates":[[-73.23478,-39.81687],[-73.23474,-39.8168]]}},{"type":"Feature","properties":{"nombre":"Avenida Ramón Picarte","jerarquia":3},"geometry":{"type":"LineString","coordinates":[[-73.23195,-39.8184],[-73.23206,-39.81833]]}},{"type":"Feature","properties":{"nombre":"Avenida Carlos Condell","jerarquia":4},"geometry":{"type":"LineString","coordinates":[[-73.23206,-39.81833],[-73.23211,-39.81841]]}},{"type":"Feature","properties":{"nombre":"Avenida Carlos Condell","jerarquia":4},"geometry":{"type":"LineString","coordinates":[[-73.23211,-39.81841],[-73.2324,-39.81901]]}},{"type":"Feature","properties":{"nombre":"Avenida Carlos Condell","jerarquia":4},"geometry":{"type":"LineString","coordinates":[[-73.2324,-39.81901],[-73.23251,-39.8192]]}},{"type":"Feature","properties":{"nombre":"Avenida Ramón Picarte","jerarquia":3},"geometry":{"type":"LineString","coordinates":[[-73.23211,-39.81841],[-73.23201,-39.81849]]}},{"type":"Feature","properties":{"nombre":"Avenida Los Robles","jerarquia":3},"geometry":{"type":"LineString","coordinates":[[-73.25733,-39.80975],[-73.25757,-39.80975]]}},{"type":"Feature","properties":{"nombre":"Avenida Los Robles","jerarquia":3},"geometry":{"type":"LineString","coordinates":[[-73.25769,-39.81001],[-73.25749,-39.81005]]}},{"type":"Feature","properties":{"nombre":"Los Lingues","jerarquia":3},"geometry":{"type":"LineString","coordinates":[[-73.25757,-39.80975],[-73.25769,-39.81001]]}},{"type":"Feature","properties":{"nombre":"Los Lingues","jerarquia":3},"geometry":{"type":"LineString","coordinates":[[-73.25749,-39.81005],[-73.25733,-39.80975]]}},{"type":"Feature","properties":{"nombre":"Ruta T-344","jerarquia":4},"geometry":{"type":"LineString","coordinates":[[-73.24106,-39.78365],[-73.24087,-39.78401],[-73.24059,-39.78436],[-73.23847,-39.78636]]}},{"type":"Feature","properties":{"nombre":"Ruta T-344","jerarquia":4},"geometry":{"type":"LineString","coordinates":[[-73.23847,-39.78636],[-73.23759,-39.78721],[-73.23728,-39.78765],[-73.23708,-39.78814],[-73.23703,-39.78872],[-73.2373,-39.78972]]}},{"type":"Feature","properties":{"nombre":"Ruta T-344","jerarquia":4},"geometry":{"type":"LineString","coordinates":[[-73.2373,-39.78972],[-73.23739,-39.78998]]}},{"type":"Feature","properties":{"nombre":"Ingeniero Federico Wiese","jerarquia":5},"geometry":{"type":"LineString","coordinates":[[-73.25069,-39.84802],[-73.25123,-39.84769]]}},{"type":"Feature","properties":{"nombre":"Ingeniero Federico Wiese","jerarquia":5},"geometry":{"type":"LineString","coordinates":[[-73.25123,-39.84769],[-73.25127,-39.84759]]}},{"type":"Feature","properties":{"nombre":"Ingeniero Federico Wiese","jerarquia":5},"geometry":{"type":"LineString","coordinates":[[-73.24948,-39.84887],[-73.24932,-39.84899]]}},{"type":"Feature","properties":{"nombre":"Ingeniero Federico Wiese","jerarquia":5},"geometry":{"type":"LineString","coordinates":[[-73.24932,-39.84899],[-73.24889,-39.84926]]}},{"type":"Feature","properties":{"nombre":"Ingeniero Federico Wiese","jerarquia":5},"geometry":{"type":"LineString","coordinates":[[-73.24889,-39.84926],[-73.24854,-39.84946]]}},{"type":"Feature","properties":{"nombre":"Ingeniero Federico Wiese","jerarquia":5},"geometry":{"type":"LineString","coordinates":[[-73.24854,-39.84946],[-73.24732,-39.85005]]}},{"type":"Feature","properties":{"nombre":"Beauchef","jerarquia":4},"geometry":{"type":"LineString","coordinates":[[-73.24257,-39.81737],[-73.2425,-39.8174]]}},{"type":"Feature","properties":{"nombre":"Beauchef","jerarquia":4},"geometry":{"type":"LineString","coordinates":[[-73.2425,-39.8174],[-73.242,-39.81756],[-73.24103,-39.81776]]}},{"type":"Feature","properties":{"nombre":"Beauchef","jerarquia":4},"geometry":{"type":"LineString","coordinates":[[-73.24103,-39.81776],[-73.23857,-39.81784],[-73.23759,-39.8177]]}},{"type":"Feature","properties":{"nombre":"Avenida René Schneider","jerarquia":4},"geometry":{"type":"LineString","coordinates":[[-73.21698,-39.84321],[-73.21711,-39.84455]]}},{"type":"Feature","properties":{"nombre":"Rubén Darío","jerarquia":5},"geometry":{"type":"LineString","coordinates":[[-73.21753,-39.84097],[-73.2163,-39.8408]]}},{"type":"Feature","properties":{"nombre":"Rubén Darío","jerarquia":5},"geometry":{"type":"LineString","coordinates":[[-73.2163,-39.8408],[-73.21573,-39.84071]]}},{"type":"Feature","properties":{"nombre":"Rubén Darío","jerarquia":5},"geometry":{"type":"LineString","coordinates":[[-73.21573,-39.84071],[-73.21518,-39.84063]]}},{"type":"Feature","properties":{"nombre":"Rubén Darío","jerarquia":5},"geometry":{"type":"LineString","coordinates":[[-73.21518,-39.84063],[-73.21434,-39.84051]]}},{"type":"Feature","properties":{"nombre":"Rubén Darío","jerarquia":5},"geometry":{"type":"LineString","coordinates":[[-73.21434,-39.84051],[-73.21379,-39.84042]]}},{"type":"Feature","properties":{"nombre":"Rubén Darío","jerarquia":5},"geometry":{"type":"LineString","coordinates":[[-73.2094,-39.83775],[-73.20895,-39.83743]]}},{"type":"Feature","properties":{"nombre":"Rubén Darío","jerarquia":5},"geometry":{"type":"LineString","coordinates":[[-73.20895,-39.83743],[-73.20857,-39.83716]]}},{"type":"Feature","properties":{"nombre":"Ruta T-350","jerarquia":3},"geometry":{"type":"LineString","coordinates":[[-73.38561,-39.87516],[-73.38599,-39.87566],[-73.38622,-39.87574],[-73.38649,-39.87572]]}},{"type":"Feature","properties":{"nombre":"Bilbao","jerarquia":4},"geometry":{"type":"LineString","coordinates":[[-73.25167,-39.83388],[-73.25279,-39.8333]]}},{"type":"Feature","properties":{"nombre":"Bilbao","jerarquia":4},"geometry":{"type":"LineString","coordinates":[[-73.25279,-39.8333],[-73.25378,-39.83276]]}},{"type":"Feature","properties":{"nombre":"","jerarquia":3},"geometry":{"type":"LineString","coordinates":[[-73.27293,-39.83582],[-73.27247,-39.83582]]}},{"type":"Feature","properties":{"nombre":"","jerarquia":3},"geometry":{"type":"LineString","coordinates":[[-73.27247,-39.83582],[-73.27235,-39.83585]]}},{"type":"Feature","properties":{"nombre":"Arica","jerarquia":4},"geometry":{"type":"LineString","coordinates":[[-73.25708,-39.84053],[-73.25709,-39.84059]]}},{"type":"Feature","properties":{"nombre":"Arica","jerarquia":4},"geometry":{"type":"LineString","coordinates":[[-73.25709,-39.84059],[-73.25719,-39.84086]]}},{"type":"Feature","properties":{"nombre":"Arica","jerarquia":4},"geometry":{"type":"LineString","coordinates":[[-73.25719,-39.84086],[-73.25719,-39.84099]]}},{"type":"Feature","properties":{"nombre":"Arica","jerarquia":4},"geometry":{"type":"LineString","coordinates":[[-73.25719,-39.84099],[-73.25677,-39.84142],[-73.25664,-39.84171],[-73.2565,-39.84312],[-73.25628,-39.84445],[-73.2562,-39.84472]]}},{"type":"Feature","properties":{"nombre":"Circunvalación Nueva Región","jerarquia":4},"geometry":{"type":"LineString","coordinates":[[-73.25568,-39.84585],[-73.25517,-39.84639],[-73.25402,-39.8471]]}},{"type":"Feature","properties":{"nombre":"Circunvalación Nueva Región","jerarquia":5},"geometry":{"type":"LineString","coordinates":[[-73.24788,-39.85226],[-73.2474,-39.85261],[-73.24704,-39.85297],[-73.24655,-39.85381]]}},{"type":"Feature","properties":{"nombre":"Nueva San Martín","jerarquia":5},"geometry":{"type":"LineString","coordinates":[[-73.22551,-39.84233],[-73.2255,-39.84243]]}},{"type":"Feature","properties":{"nombre":"Nueva San Martín","jerarquia":5},"geometry":{"type":"LineString","coordinates":[[-73.2255,-39.84243],[-73.22518,-39.84272]]}},{"type":"Feature","properties":{"nombre":"Nueva San Martín","jerarquia":5},"geometry":{"type":"LineString","coordinates":[[-73.22518,-39.84272],[-73.22487,-39.84292],[-73.22476,-39.84302],[-73.22472,-39.84317]]}},{"type":"Feature","properties":{"nombre":"Nueva San Martín","jerarquia":5},"geometry":{"type":"LineString","coordinates":[[-73.22472,-39.84317],[-73.22463,-39.84346]]}},{"type":"Feature","properties":{"nombre":"Nueva San Martín","jerarquia":5},"geometry":{"type":"LineString","coordinates":[[-73.22463,-39.84346],[-73.2246,-39.84356]]}},{"type":"Feature","properties":{"nombre":"José María Muñoz Hermosilla","jerarquia":5},"geometry":{"type":"LineString","coordinates":[[-73.23481,-39.83336],[-73.23495,-39.83338]]}},{"type":"Feature","properties":{"nombre":"José María Muñoz Hermosilla","jerarquia":5},"geometry":{"type":"LineString","coordinates":[[-73.23495,-39.83338],[-73.23502,-39.83338]]}},{"type":"Feature","properties":{"nombre":"José María Muñoz Hermosilla","jerarquia":5},"geometry":{"type":"LineString","coordinates":[[-73.23502,-39.83338],[-73.23579,-39.83344]]}},{"type":"Feature","properties":{"nombre":"José María Muñoz Hermosilla","jerarquia":5},"geometry":{"type":"LineString","coordinates":[[-73.23579,-39.83344],[-73.23814,-39.83361],[-73.2383,-39.83366]]}},{"type":"Feature","properties":{"nombre":"San Luis","jerarquia":5},"geometry":{"type":"LineString","coordinates":[[-73.22428,-39.8487],[-73.22401,-39.84837]]}},{"type":"Feature","properties":{"nombre":"San Luis","jerarquia":5},"geometry":{"type":"LineString","coordinates":[[-73.22401,-39.84837],[-73.22382,-39.84803]]}},{"type":"Feature","properties":{"nombre":"San Luis","jerarquia":5},"geometry":{"type":"LineString","coordinates":[[-73.22382,-39.84803],[-73.22371,-39.84782],[-73.22359,-39.8477]]}},{"type":"Feature","properties":{"nombre":"Nueva San Luis","jerarquia":5},"geometry":{"type":"LineString","coordinates":[[-73.2199,-39.84134],[-73.21979,-39.84181]]}},{"type":"Feature","properties":{"nombre":"Nueva San Luis","jerarquia":5},"geometry":{"type":"LineString","coordinates":[[-73.21979,-39.84181],[-73.21968,-39.84224]]}},{"type":"Feature","properties":{"nombre":"Nueva San Luis","jerarquia":5},"geometry":{"type":"LineString","coordinates":[[-73.21968,-39.84224],[-73.21958,-39.84259]]}},{"type":"Feature","properties":{"nombre":"Avenida Francia","jerarquia":3},"geometry":{"type":"LineString","coordinates":[[-73.21669,-39.83436],[-73.21674,-39.8344]]}},{"type":"Feature","properties":{"nombre":"Avenida Francia","jerarquia":3},"geometry":{"type":"LineString","coordinates":[[-73.21674,-39.8344],[-73.21711,-39.83468]]}},{"type":"Feature","properties":{"nombre":"Avenida Francia","jerarquia":3},"geometry":{"type":"LineString","coordinates":[[-73.21711,-39.83468],[-73.21764,-39.83504]]}},{"type":"Feature","properties":{"nombre":"Avenida Francia","jerarquia":3},"geometry":{"type":"LineString","coordinates":[[-73.21764,-39.83504],[-73.21896,-39.83592],[-73.21975,-39.83628]]}},{"type":"Feature","properties":{"nombre":"Avenida Francia","jerarquia":3},"geometry":{"type":"LineString","coordinates":[[-73.21975,-39.83628],[-73.21988,-39.83634]]}},{"type":"Feature","properties":{"nombre":"Donald Canter","jerarquia":4},"geometry":{"type":"LineString","coordinates":[[-73.20015,-39.83609],[-73.19954,-39.83688]]}},{"type":"Feature","properties":{"nombre":"Donald Canter","jerarquia":4},"geometry":{"type":"LineString","coordinates":[[-73.19954,-39.83688],[-73.19935,-39.83711]]}},{"type":"Feature","properties":{"nombre":"Avenida Doctor Clemente Holzapfel","jerarquia":5},"geometry":{"type":"LineString","coordinates":[[-73.20516,-39.82654],[-73.20661,-39.82704]]}},{"type":"Feature","properties":{"nombre":"Martínez de Rosas","jerarquia":5},"geometry":{"type":"LineString","coordinates":[[-73.20181,-39.83875],[-73.20185,-39.83871]]}},{"type":"Feature","properties":{"nombre":"Martínez de Rosas","jerarquia":5},"geometry":{"type":"LineString","coordinates":[[-73.20185,-39.83871],[-73.20206,-39.83854]]}},{"type":"Feature","properties":{"nombre":"Martínez de Rosas","jerarquia":5},"geometry":{"type":"LineString","coordinates":[[-73.20206,-39.83854],[-73.20239,-39.83825]]}},{"type":"Feature","properties":{"nombre":"Martínez de Rosas","jerarquia":5},"geometry":{"type":"LineString","coordinates":[[-73.20239,-39.83825],[-73.20274,-39.83796]]}},{"type":"Feature","properties":{"nombre":"Martínez de Rosas","jerarquia":5},"geometry":{"type":"LineString","coordinates":[[-73.20274,-39.83796],[-73.20282,-39.83789]]}},{"type":"Feature","properties":{"nombre":"Martínez de Rosas","jerarquia":5},"geometry":{"type":"LineString","coordinates":[[-73.20282,-39.83789],[-73.20312,-39.83763]]}},{"type":"Feature","properties":{"nombre":"Martínez de Rosas","jerarquia":5},"geometry":{"type":"LineString","coordinates":[[-73.20312,-39.83763],[-73.20342,-39.83738]]}},{"type":"Feature","properties":{"nombre":"Martínez de Rosas","jerarquia":5},"geometry":{"type":"LineString","coordinates":[[-73.20342,-39.83738],[-73.20348,-39.83733]]}},{"type":"Feature","properties":{"nombre":"Martínez de Rosas","jerarquia":5},"geometry":{"type":"LineString","coordinates":[[-73.20348,-39.83733],[-73.20353,-39.83728]]}},{"type":"Feature","properties":{"nombre":"Martínez de Rosas","jerarquia":5},"geometry":{"type":"LineString","coordinates":[[-73.20353,-39.83728],[-73.20444,-39.8365]]}},{"type":"Feature","properties":{"nombre":"Martínez de Rosas","jerarquia":5},"geometry":{"type":"LineString","coordinates":[[-73.20444,-39.8365],[-73.20503,-39.83599]]}},{"type":"Feature","properties":{"nombre":"Martínez de Rosas","jerarquia":5},"geometry":{"type":"LineString","coordinates":[[-73.20503,-39.83599],[-73.20584,-39.83529]]}},{"type":"Feature","properties":{"nombre":"Martínez de Rosas","jerarquia":5},"geometry":{"type":"LineString","coordinates":[[-73.20584,-39.83529],[-73.20587,-39.83526]]}},{"type":"Feature","properties":{"nombre":"Martínez de Rosas","jerarquia":5},"geometry":{"type":"LineString","coordinates":[[-73.20587,-39.83526],[-73.20588,-39.83522]]}},{"type":"Feature","properties":{"nombre":"Martínez de Rosas","jerarquia":5},"geometry":{"type":"LineString","coordinates":[[-73.20588,-39.83522],[-73.20602,-39.83449]]}},{"type":"Feature","properties":{"nombre":"Martínez de Rosas","jerarquia":5},"geometry":{"type":"LineString","coordinates":[[-73.20602,-39.83449],[-73.20606,-39.83432]]}},{"type":"Feature","properties":{"nombre":"Martínez de Rosas","jerarquia":5},"geometry":{"type":"LineString","coordinates":[[-73.20606,-39.83432],[-73.20622,-39.83349]]}},{"type":"Feature","properties":{"nombre":"Martínez de Rosas","jerarquia":5},"geometry":{"type":"LineString","coordinates":[[-73.20622,-39.83349],[-73.20636,-39.83261]]}},{"type":"Feature","properties":{"nombre":"Ignacio de la Carrera","jerarquia":5},"geometry":{"type":"LineString","coordinates":[[-73.20181,-39.83875],[-73.20246,-39.83917]]}},{"type":"Feature","properties":{"nombre":"Ignacio de la Carrera","jerarquia":5},"geometry":{"type":"LineString","coordinates":[[-73.20246,-39.83917],[-73.2025,-39.83919]]}},{"type":"Feature","properties":{"nombre":"Ignacio de la Carrera","jerarquia":5},"geometry":{"type":"LineString","coordinates":[[-73.2025,-39.83919],[-73.20299,-39.83952]]}},{"type":"Feature","properties":{"nombre":"Ignacio de la Carrera","jerarquia":5},"geometry":{"type":"LineString","coordinates":[[-73.20299,-39.83952],[-73.20304,-39.83956]]}},{"type":"Feature","properties":{"nombre":"Ignacio de la Carrera","jerarquia":5},"geometry":{"type":"LineString","coordinates":[[-73.20304,-39.83956],[-73.20352,-39.83988]]}},{"type":"Feature","properties":{"nombre":"Ignacio de la Carrera","jerarquia":5},"geometry":{"type":"LineString","coordinates":[[-73.20352,-39.83988],[-73.20356,-39.83991]]}},{"type":"Feature","properties":{"nombre":"Ignacio de la Carrera","jerarquia":5},"geometry":{"type":"LineString","coordinates":[[-73.20356,-39.83991],[-73.20409,-39.84027]]}},{"type":"Feature","properties":{"nombre":"Ignacio de la Carrera","jerarquia":5},"geometry":{"type":"LineString","coordinates":[[-73.20409,-39.84027],[-73.20458,-39.84059]]}},{"type":"Feature","properties":{"nombre":"Ignacio de la Carrera","jerarquia":5},"geometry":{"type":"LineString","coordinates":[[-73.20458,-39.84059],[-73.20504,-39.84091]]}},{"type":"Feature","properties":{"nombre":"Ignacio de la Carrera","jerarquia":5},"geometry":{"type":"LineString","coordinates":[[-73.20504,-39.84091],[-73.20557,-39.84127]]}},{"type":"Feature","properties":{"nombre":"Ignacio de la Carrera","jerarquia":5},"geometry":{"type":"LineString","coordinates":[[-73.20557,-39.84127],[-73.20569,-39.84135]]}},{"type":"Feature","properties":{"nombre":"Ignacio de la Carrera","jerarquia":5},"geometry":{"type":"LineString","coordinates":[[-73.20569,-39.84135],[-73.20576,-39.8414]]}},{"type":"Feature","properties":{"nombre":"Las Heras","jerarquia":5},"geometry":{"type":"LineString","coordinates":[[-73.20403,-39.83408],[-73.2039,-39.83405]]}},{"type":"Feature","properties":{"nombre":"Las Heras","jerarquia":5},"geometry":{"type":"LineString","coordinates":[[-73.2039,-39.83405],[-73.20373,-39.83397]]}},{"type":"Feature","properties":{"nombre":"Las Heras","jerarquia":5},"geometry":{"type":"LineString","coordinates":[[-73.20373,-39.83397],[-73.20342,-39.83375]]}},{"type":"Feature","properties":{"nombre":"Las Heras","jerarquia":5},"geometry":{"type":"LineString","coordinates":[[-73.20342,-39.83375],[-73.20334,-39.83369]]}},{"type":"Feature","properties":{"nombre":"Las Heras","jerarquia":5},"geometry":{"type":"LineString","coordinates":[[-73.20334,-39.83369],[-73.20294,-39.83341]]}},{"type":"Feature","properties":{"nombre":"Las Heras","jerarquia":5},"geometry":{"type":"LineString","coordinates":[[-73.20294,-39.83341],[-73.20254,-39.83314]]}},{"type":"Feature","properties":{"nombre":"Las Heras","jerarquia":5},"geometry":{"type":"LineString","coordinates":[[-73.20254,-39.83314],[-73.20246,-39.83308]]}},{"type":"Feature","properties":{"nombre":"Las Heras","jerarquia":5},"geometry":{"type":"LineString","coordinates":[[-73.20246,-39.83308],[-73.20199,-39.83278]]}},{"type":"Feature","properties":{"nombre":"Las Heras","jerarquia":5},"geometry":{"type":"LineString","coordinates":[[-73.20199,-39.83278],[-73.20187,-39.83275]]}},{"type":"Feature","properties":{"nombre":"Ruta T-350","jerarquia":5},"geometry":{"type":"LineString","coordinates":[[-73.38878,-39.75376],[-73.38901,-39.75354]]}},{"type":"Feature","properties":{"nombre":"Avenida Simpson","jerarquia":4},"geometry":{"type":"LineString","coordinates":[[-73.24642,-39.84185],[-73.2465,-39.842]]}},{"type":"Feature","properties":{"nombre":"Avenida Circunvalación Sur","jerarquia":4},"geometry":{"type":"LineString","coordinates":[[-73.24636,-39.84203],[-73.24569,-39.84219]]}},{"type":"Feature","properties":{"nombre":"Avenida Circunvalación Sur","jerarquia":4},"geometry":{"type":"LineString","coordinates":[[-73.24569,-39.84219],[-73.24526,-39.8423]]}},{"type":"Feature","properties":{"nombre":"Avenida Circunvalación Sur","jerarquia":4},"geometry":{"type":"LineString","coordinates":[[-73.24526,-39.8423],[-73.24464,-39.84243]]}},{"type":"Feature","properties":{"nombre":"Avenida Circunvalación Sur","jerarquia":4},"geometry":{"type":"LineString","coordinates":[[-73.24464,-39.84243],[-73.24355,-39.84271]]}},{"type":"Feature","properties":{"nombre":"Avenida Circunvalación Sur","jerarquia":4},"geometry":{"type":"LineString","coordinates":[[-73.24355,-39.84271],[-73.24292,-39.84286]]}},{"type":"Feature","properties":{"nombre":"Avenida Circunvalación Sur","jerarquia":4},"geometry":{"type":"LineString","coordinates":[[-73.24292,-39.84286],[-73.24247,-39.84297]]}},{"type":"Feature","properties":{"nombre":"Avenida Circunvalación Sur","jerarquia":4},"geometry":{"type":"LineString","coordinates":[[-73.24247,-39.84297],[-73.24233,-39.84301]]}},{"type":"Feature","properties":{"nombre":"Avenida Circunvalación Sur","jerarquia":4},"geometry":{"type":"LineString","coordinates":[[-73.24233,-39.84301],[-73.24092,-39.84335]]}},{"type":"Feature","properties":{"nombre":"Avenida Circunvalación Sur","jerarquia":4},"geometry":{"type":"LineString","coordinates":[[-73.24092,-39.84335],[-73.24021,-39.84352]]}},{"type":"Feature","properties":{"nombre":"Avenida Circunvalación Sur","jerarquia":4},"geometry":{"type":"LineString","coordinates":[[-73.24021,-39.84352],[-73.23899,-39.84382]]}},{"type":"Feature","properties":{"nombre":"Avenida Circunvalación Sur","jerarquia":4},"geometry":{"type":"LineString","coordinates":[[-73.23899,-39.84382],[-73.23887,-39.84385]]}},{"type":"Feature","properties":{"nombre":"Avenida Circunvalación Sur","jerarquia":4},"geometry":{"type":"LineString","coordinates":[[-73.23887,-39.84385],[-73.23754,-39.84417]]}},{"type":"Feature","properties":{"nombre":"Avenida Circunvalación Sur","jerarquia":4},"geometry":{"type":"LineString","coordinates":[[-73.23754,-39.84417],[-73.23689,-39.84433]]}},{"type":"Feature","properties":{"nombre":"Avenida Simpson","jerarquia":4},"geometry":{"type":"LineString","coordinates":[[-73.2465,-39.842],[-73.24677,-39.84249]]}},{"type":"Feature","properties":{"nombre":"Avenida Simpson","jerarquia":4},"geometry":{"type":"LineString","coordinates":[[-73.24677,-39.84249],[-73.24704,-39.84296]]}},{"type":"Feature","properties":{"nombre":"Circunvalación Nueva Región","jerarquia":4},"geometry":{"type":"LineString","coordinates":[[-73.25337,-39.84809],[-73.25317,-39.84851],[-73.25292,-39.84887],[-73.25262,-39.84919],[-73.25229,-39.84942]]}},{"type":"Feature","properties":{"nombre":"Circunvalación Nueva Región","jerarquia":4},"geometry":{"type":"LineString","coordinates":[[-73.25229,-39.84942],[-73.25141,-39.84998]]}},{"type":"Feature","properties":{"nombre":"Circunvalación Nueva Región","jerarquia":4},"geometry":{"type":"LineString","coordinates":[[-73.25141,-39.84998],[-73.25064,-39.85044]]}},{"type":"Feature","properties":{"nombre":"Avenida Simpson","jerarquia":4},"geometry":{"type":"LineString","coordinates":[[-73.24595,-39.84101],[-73.24557,-39.84004],[-73.24563,-39.83965],[-73.24557,-39.8388],[-73.24561,-39.83848],[-73.24569,-39.83826],[-73.24612,-39.83734],[-73.24609,-39.83715],[-73.24598,-39.837]]}},{"type":"Feature","properties":{"nombre":"Circunvalación Nueva Región","jerarquia":4},"geometry":{"type":"LineString","coordinates":[[-73.25341,-39.84799],[-73.25337,-39.84809]]}},{"type":"Feature","properties":{"nombre":"Coronel Santiago Bueras","jerarquia":4},"geometry":{"type":"LineString","coordinates":[[-73.22856,-39.82477],[-73.22882,-39.82498],[-73.22904,-39.82508],[-73.23078,-39.82529]]}},{"type":"Feature","properties":{"nombre":"Coronel Santiago Bueras","jerarquia":4},"geometry":{"type":"LineString","coordinates":[[-73.23078,-39.82529],[-73.23215,-39.82545]]}},{"type":"Feature","properties":{"nombre":"Coronel Santiago Bueras","jerarquia":4},"geometry":{"type":"LineString","coordinates":[[-73.23215,-39.82545],[-73.23241,-39.82554],[-73.23301,-39.82588]]}},{"type":"Feature","properties":{"nombre":"Coronel Santiago Bueras","jerarquia":4},"geometry":{"type":"LineString","coordinates":[[-73.23301,-39.82588],[-73.23397,-39.82651]]}},{"type":"Feature","properties":{"nombre":"Carampangue","jerarquia":3},"geometry":{"type":"LineString","coordinates":[[-73.24628,-39.81191],[-73.24678,-39.81189]]}},{"type":"Feature","properties":{"nombre":"Avenida Pedro Montt","jerarquia":3},"geometry":{"type":"LineString","coordinates":[[-73.23125,-39.8202],[-73.23054,-39.8196]]}},{"type":"Feature","properties":{"nombre":"Avenida Pedro Montt","jerarquia":3},"geometry":{"type":"LineString","coordinates":[[-73.23054,-39.8196],[-73.2305,-39.81957]]}},{"type":"Feature","properties":{"nombre":"Avenida Pedro Montt","jerarquia":3},"geometry":{"type":"LineString","coordinates":[[-73.23222,-39.8209],[-73.23125,-39.8202]]}},{"type":"Feature","properties":{"nombre":"Errázuriz","jerarquia":4},"geometry":{"type":"LineString","coordinates":[[-73.23125,-39.8202],[-73.23098,-39.82076]]}},{"type":"Feature","properties":{"nombre":"Bombero Hernández","jerarquia":5},"geometry":{"type":"LineString","coordinates":[[-73.22784,-39.81417],[-73.22739,-39.81384]]}},{"type":"Feature","properties":{"nombre":"Bombero Hernández","jerarquia":5},"geometry":{"type":"LineString","coordinates":[[-73.22739,-39.81384],[-73.22616,-39.81287]]}},{"type":"Feature","properties":{"nombre":"Bombero Hernández","jerarquia":5},"geometry":{"type":"LineString","coordinates":[[-73.22616,-39.81287],[-73.2258,-39.81258]]}},{"type":"Feature","properties":{"nombre":"Bombero Hernández","jerarquia":5},"geometry":{"type":"LineString","coordinates":[[-73.2258,-39.81258],[-73.22552,-39.81237]]}},{"type":"Feature","properties":{"nombre":"Bombero Hernández","jerarquia":5},"geometry":{"type":"LineString","coordinates":[[-73.22552,-39.81237],[-73.22411,-39.81135]]}},{"type":"Feature","properties":{"nombre":"Bombero Hernández","jerarquia":5},"geometry":{"type":"LineString","coordinates":[[-73.22411,-39.81135],[-73.22322,-39.81077],[-73.22278,-39.81073]]}},{"type":"Feature","properties":{"nombre":"Bombero Hernández","jerarquia":5},"geometry":{"type":"LineString","coordinates":[[-73.22278,-39.81073],[-73.22251,-39.81072],[-73.22221,-39.81041]]}},{"type":"Feature","properties":{"nombre":"Bombero Hernández","jerarquia":5},"geometry":{"type":"LineString","coordinates":[[-73.22221,-39.81041],[-73.22215,-39.81034]]}},{"type":"Feature","properties":{"nombre":"Intendente Luis Damann Asenjo","jerarquia":4},"geometry":{"type":"LineString","coordinates":[[-73.24788,-39.85226],[-73.24777,-39.85215]]}},{"type":"Feature","properties":{"nombre":"Intendente Luis Damann Asenjo","jerarquia":4},"geometry":{"type":"LineString","coordinates":[[-73.24787,-39.85209],[-73.24798,-39.85219]]}},{"type":"Feature","properties":{"nombre":"","jerarquia":4},"geometry":{"type":"LineString","coordinates":[[-73.25709,-39.84059],[-73.25723,-39.84074],[-73.2574,-39.84077]]}},{"type":"Feature","properties":{"nombre":"","jerarquia":4},"geometry":{"type":"LineString","coordinates":[[-73.25298,-39.80266],[-73.25276,-39.80237],[-73.2524,-39.80204],[-73.25239,-39.80187],[-73.25253,-39.80173],[-73.25281,-39.8017],[-73.25299,-39.8018],[-73.25306,-39.80194],[-73.25309,-39.80232],[-73.25323,-39.80263]]}},{"type":"Feature","properties":{"nombre":"","jerarquia":4},"geometry":{"type":"LineString","coordinates":[[-73.25323,-39.80263],[-73.25325,-39.80268]]}},{"type":"Feature","properties":{"nombre":"Ecuador","jerarquia":4},"geometry":{"type":"LineString","coordinates":[[-73.21654,-39.82398],[-73.2163,-39.82396]]}},{"type":"Feature","properties":{"nombre":"Ecuador","jerarquia":4},"geometry":{"type":"LineString","coordinates":[[-73.2163,-39.82396],[-73.21608,-39.82396]]}},{"type":"Feature","properties":{"nombre":"Avenida Argentina","jerarquia":4},"geometry":{"type":"LineString","coordinates":[[-73.21428,-39.82379],[-73.21395,-39.8238]]}},{"type":"Feature","properties":{"nombre":"Avenida Doctor Clemente Holzapfel","jerarquia":3},"geometry":{"type":"LineString","coordinates":[[-73.20714,-39.82727],[-73.20766,-39.82776]]}},{"type":"Feature","properties":{"nombre":"Avenida Doctor Clemente Holzapfel","jerarquia":3},"geometry":{"type":"LineString","coordinates":[[-73.20766,-39.82776],[-73.20815,-39.8282]]}},{"type":"Feature","properties":{"nombre":"Avenida Doctor Clemente Holzapfel","jerarquia":3},"geometry":{"type":"LineString","coordinates":[[-73.20815,-39.8282],[-73.20843,-39.82845]]}},{"type":"Feature","properties":{"nombre":"Avenida Doctor Clemente Holzapfel","jerarquia":3},"geometry":{"type":"LineString","coordinates":[[-73.20843,-39.82845],[-73.20924,-39.82918]]}},{"type":"Feature","properties":{"nombre":"","jerarquia":4},"geometry":{"type":"LineString","coordinates":[[-73.25061,-39.82775],[-73.2505,-39.82762],[-73.25042,-39.82758]]}},{"type":"Feature","properties":{"nombre":"Aníbal Pinto","jerarquia":4},"geometry":{"type":"LineString","coordinates":[[-73.24268,-39.8199],[-73.24279,-39.81885]]}},{"type":"Feature","properties":{"nombre":"Ruta 204","jerarquia":3},"geometry":{"type":"LineString","coordinates":[[-73.20173,-39.80644],[-73.20321,-39.80946],[-73.20408,-39.81141]]}},{"type":"Feature","properties":{"nombre":"Ruta 204","jerarquia":3},"geometry":{"type":"LineString","coordinates":[[-73.20408,-39.81141],[-73.20464,-39.81268],[-73.20479,-39.81315],[-73.20485,-39.81359],[-73.20484,-39.81476]]}},{"type":"Feature","properties":{"nombre":"Ruta 204","jerarquia":3},"geometry":{"type":"LineString","coordinates":[[-73.20484,-39.81476],[-73.20481,-39.81614],[-73.20485,-39.81664],[-73.20503,-39.8173],[-73.20539,-39.81793]]}},{"type":"Feature","properties":{"nombre":"Avenida Circunvalación Sur","jerarquia":4},"geometry":{"type":"LineString","coordinates":[[-73.22193,-39.844],[-73.22203,-39.84411]]}},{"type":"Feature","properties":{"nombre":"San Luis","jerarquia":5},"geometry":{"type":"LineString","coordinates":[[-73.22079,-39.8395],[-73.22135,-39.83938]]}},{"type":"Feature","properties":{"nombre":"San Luis","jerarquia":5},"geometry":{"type":"LineString","coordinates":[[-73.22135,-39.83938],[-73.22147,-39.83932]]}},{"type":"Feature","properties":{"nombre":"San Luis","jerarquia":5},"geometry":{"type":"LineString","coordinates":[[-73.22147,-39.83932],[-73.22165,-39.83907],[-73.22167,-39.8389]]}},{"type":"Feature","properties":{"nombre":"San Luis","jerarquia":5},"geometry":{"type":"LineString","coordinates":[[-73.22167,-39.8389],[-73.22172,-39.83849]]}},{"type":"Feature","properties":{"nombre":"San Luis","jerarquia":5},"geometry":{"type":"LineString","coordinates":[[-73.22172,-39.83849],[-73.22177,-39.83807]]}},{"type":"Feature","properties":{"nombre":"San Luis","jerarquia":5},"geometry":{"type":"LineString","coordinates":[[-73.22177,-39.83807],[-73.22181,-39.83787]]}},{"type":"Feature","properties":{"nombre":"San Luis","jerarquia":5},"geometry":{"type":"LineString","coordinates":[[-73.22181,-39.83787],[-73.22198,-39.83718]]}},{"type":"Feature","properties":{"nombre":"San Luis","jerarquia":5},"geometry":{"type":"LineString","coordinates":[[-73.22198,-39.83718],[-73.22201,-39.8371]]}},{"type":"Feature","properties":{"nombre":"Avenida Circunvalación Sur","jerarquia":4},"geometry":{"type":"LineString","coordinates":[[-73.22309,-39.84352],[-73.22316,-39.84365]]}},{"type":"Feature","properties":{"nombre":"Avenida Italia","jerarquia":5},"geometry":{"type":"LineString","coordinates":[[-73.23746,-39.83598],[-73.2379,-39.83477]]}},{"type":"Feature","properties":{"nombre":"Avenida Italia","jerarquia":5},"geometry":{"type":"LineString","coordinates":[[-73.2379,-39.83477],[-73.23805,-39.8343]]}},{"type":"Feature","properties":{"nombre":"Avenida Italia","jerarquia":5},"geometry":{"type":"LineString","coordinates":[[-73.23805,-39.8343],[-73.2382,-39.83383],[-73.2383,-39.83366]]}},{"type":"Feature","properties":{"nombre":"Avenida Los Laureles","jerarquia":5},"geometry":{"type":"LineString","coordinates":[[-73.25236,-39.81093],[-73.25253,-39.81139]]}},{"type":"Feature","properties":{"nombre":"Avenida Los Laureles","jerarquia":5},"geometry":{"type":"LineString","coordinates":[[-73.25253,-39.81139],[-73.25266,-39.81175]]}},{"type":"Feature","properties":{"nombre":"Avenida Los Laureles","jerarquia":5},"geometry":{"type":"LineString","coordinates":[[-73.25266,-39.81175],[-73.25281,-39.81215]]}},{"type":"Feature","properties":{"nombre":"Avenida Patricio Lynch","jerarquia":5},"geometry":{"type":"LineString","coordinates":[[-73.21289,-39.82099],[-73.21317,-39.82152]]}},{"type":"Feature","properties":{"nombre":"Avenida Patricio Lynch","jerarquia":5},"geometry":{"type":"LineString","coordinates":[[-73.21317,-39.82152],[-73.21321,-39.82159]]}},{"type":"Feature","properties":{"nombre":"Avenida Patricio Lynch","jerarquia":5},"geometry":{"type":"LineString","coordinates":[[-73.21321,-39.82159],[-73.21367,-39.82247]]}},{"type":"Feature","properties":{"nombre":"Avenida Patricio Lynch","jerarquia":5},"geometry":{"type":"LineString","coordinates":[[-73.21367,-39.82247],[-73.21422,-39.82352]]}},{"type":"Feature","properties":{"nombre":"Los Pelúes","jerarquia":5},"geometry":{"type":"LineString","coordinates":[[-73.25595,-39.81587],[-73.25602,-39.81585]]}},{"type":"Feature","properties":{"nombre":"Los Pelúes","jerarquia":5},"geometry":{"type":"LineString","coordinates":[[-73.25602,-39.81585],[-73.25664,-39.81564]]}},{"type":"Feature","properties":{"nombre":"Los Pelúes","jerarquia":5},"geometry":{"type":"LineString","coordinates":[[-73.25664,-39.81564],[-73.25705,-39.8155]]}},{"type":"Feature","properties":{"nombre":"Los Pelúes","jerarquia":5},"geometry":{"type":"LineString","coordinates":[[-73.25705,-39.8155],[-73.25798,-39.81518]]}},{"type":"Feature","properties":{"nombre":"Los Pelúes","jerarquia":5},"geometry":{"type":"LineString","coordinates":[[-73.25798,-39.81518],[-73.25861,-39.81496]]}},{"type":"Feature","properties":{"nombre":"Los Pelúes","jerarquia":5},"geometry":{"type":"LineString","coordinates":[[-73.25861,-39.81496],[-73.25932,-39.81472]]}},{"type":"Feature","properties":{"nombre":"Los Pelúes","jerarquia":5},"geometry":{"type":"LineString","coordinates":[[-73.25932,-39.81472],[-73.25992,-39.81451]]}},{"type":"Feature","properties":{"nombre":"Avenida Los Laureles","jerarquia":5},"geometry":{"type":"LineString","coordinates":[[-73.25595,-39.81587],[-73.25568,-39.81535]]}},{"type":"Feature","properties":{"nombre":"Avenida Los Laureles","jerarquia":5},"geometry":{"type":"LineString","coordinates":[[-73.25568,-39.81535],[-73.25521,-39.81458]]}},{"type":"Feature","properties":{"nombre":"Avenida Los Laureles","jerarquia":5},"geometry":{"type":"LineString","coordinates":[[-73.25521,-39.81458],[-73.25496,-39.81417],[-73.25481,-39.81404],[-73.2536,-39.81327]]}},{"type":"Feature","properties":{"nombre":"Avenida Bolivia","jerarquia":5},"geometry":{"type":"LineString","coordinates":[[-73.211,-39.82238],[-73.21139,-39.82222]]}},{"type":"Feature","properties":{"nombre":"Avenida Bolivia","jerarquia":5},"geometry":{"type":"LineString","coordinates":[[-73.21139,-39.82222],[-73.21189,-39.82202]]}},{"type":"Feature","properties":{"nombre":"Avenida Bolivia","jerarquia":5},"geometry":{"type":"LineString","coordinates":[[-73.21189,-39.82202],[-73.21226,-39.82188]]}},{"type":"Feature","properties":{"nombre":"Avenida Bolivia","jerarquia":5},"geometry":{"type":"LineString","coordinates":[[-73.21226,-39.82188],[-73.21263,-39.82173]]}},{"type":"Feature","properties":{"nombre":"Avenida Bolivia","jerarquia":5},"geometry":{"type":"LineString","coordinates":[[-73.21263,-39.82173],[-73.21297,-39.8216]]}},{"type":"Feature","properties":{"nombre":"Avenida Bolivia","jerarquia":5},"geometry":{"type":"LineString","coordinates":[[-73.21297,-39.8216],[-73.21313,-39.82154]]}},{"type":"Feature","properties":{"nombre":"Avenida Bolivia","jerarquia":5},"geometry":{"type":"LineString","coordinates":[[-73.21313,-39.82154],[-73.21317,-39.82152]]}},{"type":"Feature","properties":{"nombre":"Avenida Los Robles","jerarquia":3},"geometry":{"type":"LineString","coordinates":[[-73.25235,-39.81087],[-73.25351,-39.81066]]}},{"type":"Feature","properties":{"nombre":"Avenida Los Robles","jerarquia":3},"geometry":{"type":"LineString","coordinates":[[-73.25351,-39.81066],[-73.25434,-39.81051]]}},{"type":"Feature","properties":{"nombre":"Avenida Los Robles","jerarquia":3},"geometry":{"type":"LineString","coordinates":[[-73.25434,-39.81051],[-73.25511,-39.81038]]}},{"type":"Feature","properties":{"nombre":"Avenida Los Robles","jerarquia":3},"geometry":{"type":"LineString","coordinates":[[-73.25511,-39.81038],[-73.25658,-39.81011]]}},{"type":"Feature","properties":{"nombre":"Avenida Los Robles","jerarquia":3},"geometry":{"type":"LineString","coordinates":[[-73.25663,-39.81021],[-73.25514,-39.81047]]}},{"type":"Feature","properties":{"nombre":"Avenida Los Robles","jerarquia":3},"geometry":{"type":"LineString","coordinates":[[-73.25514,-39.81047],[-73.25439,-39.8106]]}},{"type":"Feature","properties":{"nombre":"Avenida Los Robles","jerarquia":3},"geometry":{"type":"LineString","coordinates":[[-73.25439,-39.8106],[-73.25356,-39.81073]]}},{"type":"Feature","properties":{"nombre":"Avenida Los Robles","jerarquia":3},"geometry":{"type":"LineString","coordinates":[[-73.25356,-39.81073],[-73.25247,-39.81091]]}},{"type":"Feature","properties":{"nombre":"Avenida Los Robles","jerarquia":3},"geometry":{"type":"LineString","coordinates":[[-73.25658,-39.81011],[-73.25694,-39.81003],[-73.25733,-39.80975]]}},{"type":"Feature","properties":{"nombre":"Avenida Argentina","jerarquia":3},"geometry":{"type":"LineString","coordinates":[[-73.20719,-39.8269],[-73.2071,-39.82711],[-73.20714,-39.82727]]}},{"type":"Feature","properties":{"nombre":"Coronel Santiago Bueras","jerarquia":4},"geometry":{"type":"LineString","coordinates":[[-73.23561,-39.82758],[-73.23549,-39.82751]]}},{"type":"Feature","properties":{"nombre":"Sargento Bueras","jerarquia":4},"geometry":{"type":"LineString","coordinates":[[-73.23845,-39.82928],[-73.23852,-39.82935]]}},{"type":"Feature","properties":{"nombre":"Coronel Santiago Bueras","jerarquia":4},"geometry":{"type":"LineString","coordinates":[[-73.23565,-39.82754],[-73.23581,-39.82764]]}},{"type":"Feature","properties":{"nombre":"Coronel Santiago Bueras","jerarquia":4},"geometry":{"type":"LineString","coordinates":[[-73.23756,-39.82878],[-73.23658,-39.82818]]}},{"type":"Feature","properties":{"nombre":"Coronel Santiago Bueras","jerarquia":4},"geometry":{"type":"LineString","coordinates":[[-73.23658,-39.82818],[-73.23571,-39.82764]]}},{"type":"Feature","properties":{"nombre":"Coronel Santiago Bueras","jerarquia":4},"geometry":{"type":"LineString","coordinates":[[-73.23571,-39.82764],[-73.23561,-39.82758]]}},{"type":"Feature","properties":{"nombre":"Avenida España","jerarquia":4},"geometry":{"type":"LineString","coordinates":[[-73.23604,-39.80714],[-73.23673,-39.80643]]}},{"type":"Feature","properties":{"nombre":"Avenida España","jerarquia":4},"geometry":{"type":"LineString","coordinates":[[-73.23488,-39.80822],[-73.23604,-39.80714]]}},{"type":"Feature","properties":{"nombre":"Avenida España","jerarquia":4},"geometry":{"type":"LineString","coordinates":[[-73.23382,-39.80934],[-73.23488,-39.80822]]}},{"type":"Feature","properties":{"nombre":"San Miguel","jerarquia":4},"geometry":{"type":"LineString","coordinates":[[-73.22093,-39.84462],[-73.22041,-39.84486]]}},{"type":"Feature","properties":{"nombre":"San Miguel","jerarquia":4},"geometry":{"type":"LineString","coordinates":[[-73.22041,-39.84486],[-73.21976,-39.84515]]}},{"type":"Feature","properties":{"nombre":"San Miguel","jerarquia":4},"geometry":{"type":"LineString","coordinates":[[-73.21976,-39.84515],[-73.21914,-39.84543]]}},{"type":"Feature","properties":{"nombre":"San Miguel","jerarquia":4},"geometry":{"type":"LineString","coordinates":[[-73.21914,-39.84543],[-73.21852,-39.84571]]}},{"type":"Feature","properties":{"nombre":"San Miguel","jerarquia":4},"geometry":{"type":"LineString","coordinates":[[-73.21852,-39.84571],[-73.21803,-39.84594]]}},{"type":"Feature","properties":{"nombre":"San Miguel","jerarquia":4},"geometry":{"type":"LineString","coordinates":[[-73.21803,-39.84594],[-73.21782,-39.84602]]}},{"type":"Feature","properties":{"nombre":"Avenida Circunvalación Sur","jerarquia":4},"geometry":{"type":"LineString","coordinates":[[-73.22083,-39.8445],[-73.22193,-39.844]]}},{"type":"Feature","properties":{"nombre":"Avenida Circunvalación Sur","jerarquia":4},"geometry":{"type":"LineString","coordinates":[[-73.22193,-39.844],[-73.2228,-39.8436],[-73.22309,-39.84352]]}},{"type":"Feature","properties":{"nombre":"Avenida España","jerarquia":4},"geometry":{"type":"LineString","coordinates":[[-73.23673,-39.80643],[-73.23772,-39.80545],[-73.23796,-39.80527],[-73.23869,-39.80491],[-73.23966,-39.8046]]}},{"type":"Feature","properties":{"nombre":"Avenida Ramón Picarte","jerarquia":2},"geometry":{"type":"LineString","coordinates":[[-73.2256,-39.82538],[-73.2246,-39.82617]]}},{"type":"Feature","properties":{"nombre":"Avenida Ramón Picarte","jerarquia":2},"geometry":{"type":"LineString","coordinates":[[-73.22589,-39.82506],[-73.22739,-39.82404]]}},{"type":"Feature","properties":{"nombre":"Avenida Ramón Picarte","jerarquia":2},"geometry":{"type":"LineString","coordinates":[[-73.22739,-39.82404],[-73.2275,-39.82397]]}},{"type":"Feature","properties":{"nombre":"Camino Costero","jerarquia":4},"geometry":{"type":"LineString","coordinates":[[-73.39054,-39.85041],[-73.3906,-39.85012]]}},{"type":"Feature","properties":{"nombre":"Arica","jerarquia":4},"geometry":{"type":"LineString","coordinates":[[-73.25606,-39.84471],[-73.25615,-39.84443],[-73.25632,-39.84338],[-73.25647,-39.84177],[-73.25661,-39.84141],[-73.2569,-39.84103]]}},{"type":"Feature","properties":{"nombre":"Circunvalación Nueva Región","jerarquia":4},"geometry":{"type":"LineString","coordinates":[[-73.2562,-39.84472],[-73.25568,-39.84585]]}},{"type":"Feature","properties":{"nombre":"Ruta 204","jerarquia":3},"geometry":{"type":"LineString","coordinates":[[-73.20173,-39.80644],[-73.20155,-39.80616],[-73.2013,-39.80563],[-73.20119,-39.80529],[-73.20113,-39.80487]]}},{"type":"Feature","properties":{"nombre":"Ruta 204","jerarquia":3},"geometry":{"type":"LineString","coordinates":[[-73.20113,-39.80487],[-73.2011,-39.80467]]}},{"type":"Feature","properties":{"nombre":"Santa Elvira","jerarquia":3},"geometry":{"type":"LineString","coordinates":[[-73.21161,-39.78752],[-73.21116,-39.788]]}},{"type":"Feature","properties":{"nombre":"Pasaje Doce (Pantanal)","jerarquia":5},"geometry":{"type":"LineString","coordinates":[[-73.21876,-39.8077],[-73.21825,-39.80799]]}},{"type":"Feature","properties":{"nombre":"Pasaje Doce (Pantanal)","jerarquia":5},"geometry":{"type":"LineString","coordinates":[[-73.21825,-39.80799],[-73.21748,-39.80841]]}},{"type":"Feature","properties":{"nombre":"Pasaje Doce (Pantanal)","jerarquia":5},"geometry":{"type":"LineString","coordinates":[[-73.21748,-39.80841],[-73.21705,-39.80864]]}},{"type":"Feature","properties":{"nombre":"Pasaje Doce (Pantanal)","jerarquia":5},"geometry":{"type":"LineString","coordinates":[[-73.21705,-39.80864],[-73.21697,-39.80869]]}},{"type":"Feature","properties":{"nombre":"Circunvalación Nueva Región","jerarquia":5},"geometry":{"type":"LineString","coordinates":[[-73.24646,-39.8536],[-73.24653,-39.85346]]}},{"type":"Feature","properties":{"nombre":"Circunvalación Nueva Región","jerarquia":5},"geometry":{"type":"LineString","coordinates":[[-73.24653,-39.85346],[-73.24672,-39.85312]]}},{"type":"Feature","properties":{"nombre":"Circunvalación Nueva Región","jerarquia":5},"geometry":{"type":"LineString","coordinates":[[-73.24672,-39.85312],[-73.24725,-39.85254]]}},{"type":"Feature","properties":{"nombre":"Avenida Carlos Condell","jerarquia":4},"geometry":{"type":"LineString","coordinates":[[-73.23152,-39.81793],[-73.23143,-39.81784]]}},{"type":"Feature","properties":{"nombre":"Avenida Carlos Condell","jerarquia":4},"geometry":{"type":"LineString","coordinates":[[-73.23143,-39.81784],[-73.23103,-39.81757]]}},{"type":"Feature","properties":{"nombre":"Avenida Carlos Condell","jerarquia":4},"geometry":{"type":"LineString","coordinates":[[-73.23103,-39.81757],[-73.23099,-39.81754]]}},{"type":"Feature","properties":{"nombre":"Avenida Carlos Condell","jerarquia":4},"geometry":{"type":"LineString","coordinates":[[-73.23152,-39.81793],[-73.23205,-39.81831]]}},{"type":"Feature","properties":{"nombre":"Avenida Carlos Condell","jerarquia":4},"geometry":{"type":"LineString","coordinates":[[-73.23205,-39.81831],[-73.23206,-39.81833]]}},{"type":"Feature","properties":{"nombre":"","jerarquia":4},"geometry":{"type":"LineString","coordinates":[[-73.22038,-39.82437],[-73.22062,-39.8243],[-73.2207,-39.82422]]}},{"type":"Feature","properties":{"nombre":"","jerarquia":2},"geometry":{"type":"LineString","coordinates":[[-73.22209,-39.8281],[-73.2221,-39.82791]]}},{"type":"Feature","properties":{"nombre":"","jerarquia":2},"geometry":{"type":"LineString","coordinates":[[-73.2221,-39.82791],[-73.22206,-39.82785]]}},{"type":"Feature","properties":{"nombre":"San Martín","jerarquia":5},"geometry":{"type":"LineString","coordinates":[[-73.2286,-39.82999],[-73.22856,-39.82987]]}},{"type":"Feature","properties":{"nombre":"","jerarquia":4},"geometry":{"type":"LineString","coordinates":[[-73.24363,-39.83525],[-73.24352,-39.83533]]}},{"type":"Feature","properties":{"nombre":"","jerarquia":4},"geometry":{"type":"LineString","coordinates":[[-73.24352,-39.83533],[-73.2435,-39.83536]]}},{"type":"Feature","properties":{"nombre":"Avenida Ramón Picarte","jerarquia":5},"geometry":{"type":"LineString","coordinates":[[-73.2367,-39.81596],[-73.23687,-39.8159]]}},{"type":"Feature","properties":{"nombre":"Avenida Ramón Picarte","jerarquia":5},"geometry":{"type":"LineString","coordinates":[[-73.23687,-39.8159],[-73.23848,-39.81537]]}},{"type":"Feature","properties":{"nombre":"Clemente Escobar","jerarquia":4},"geometry":{"type":"LineString","coordinates":[[-73.24331,-39.81892],[-73.24328,-39.81977]]}},{"type":"Feature","properties":{"nombre":"Balmaceda","jerarquia":5},"geometry":{"type":"LineString","coordinates":[[-73.19744,-39.79192],[-73.19788,-39.79212],[-73.19833,-39.7924],[-73.19954,-39.79348]]}},{"type":"Feature","properties":{"nombre":"Yungay","jerarquia":4},"geometry":{"type":"LineString","coordinates":[[-73.24769,-39.81362],[-73.24787,-39.81443]]}},{"type":"Feature","properties":{"nombre":"Valdivia - Guacamayo","jerarquia":4},"geometry":{"type":"LineString","coordinates":[[-73.25402,-39.8471],[-73.25401,-39.8473],[-73.2545,-39.84828]]}},{"type":"Feature","properties":{"nombre":"Avenida Argentina","jerarquia":3},"geometry":{"type":"LineString","coordinates":[[-73.20719,-39.8269],[-73.20766,-39.82665]]}},{"type":"Feature","properties":{"nombre":"Avenida Argentina","jerarquia":3},"geometry":{"type":"LineString","coordinates":[[-73.20766,-39.82665],[-73.20814,-39.82634]]}},{"type":"Feature","properties":{"nombre":"Avenida Argentina","jerarquia":3},"geometry":{"type":"LineString","coordinates":[[-73.20814,-39.82634],[-73.20852,-39.8261]]}},{"type":"Feature","properties":{"nombre":"Avenida Argentina","jerarquia":3},"geometry":{"type":"LineString","coordinates":[[-73.20852,-39.8261],[-73.2089,-39.82589]]}},{"type":"Feature","properties":{"nombre":"Avenida Argentina","jerarquia":3},"geometry":{"type":"LineString","coordinates":[[-73.2089,-39.82589],[-73.2092,-39.82575]]}},{"type":"Feature","properties":{"nombre":"Avenida Argentina","jerarquia":3},"geometry":{"type":"LineString","coordinates":[[-73.2092,-39.82575],[-73.20931,-39.82571]]}},{"type":"Feature","properties":{"nombre":"Avenida Francia","jerarquia":4},"geometry":{"type":"LineString","coordinates":[[-73.23459,-39.83752],[-73.23521,-39.83736]]}},{"type":"Feature","properties":{"nombre":"Avenida Francia","jerarquia":4},"geometry":{"type":"LineString","coordinates":[[-73.23521,-39.83736],[-73.23562,-39.8372]]}},{"type":"Feature","properties":{"nombre":"Camino a Curiñanco","jerarquia":5},"geometry":{"type":"LineString","coordinates":[[-73.27058,-39.83215],[-73.27061,-39.83233],[-73.27052,-39.8325]]}},{"type":"Feature","properties":{"nombre":"Camino a Curiñanco","jerarquia":5},"geometry":{"type":"LineString","coordinates":[[-73.27052,-39.8325],[-73.27043,-39.83255]]}},{"type":"Feature","properties":{"nombre":"Ruta 202","jerarquia":2},"geometry":{"type":"LineString","coordinates":[[-73.13257,-39.73819],[-73.1309,-39.73688]]}},{"type":"Feature","properties":{"nombre":"","jerarquia":2},"geometry":{"type":"LineString","coordinates":[[-73.21162,-39.78982],[-73.2121,-39.79019]]}},{"type":"Feature","properties":{"nombre":"","jerarquia":3},"geometry":{"type":"LineString","coordinates":[[-73.27235,-39.83585],[-73.27229,-39.8357],[-73.2721,-39.8355]]}},{"type":"Feature","properties":{"nombre":"Avenida Ramón Picarte","jerarquia":2},"geometry":{"type":"LineString","coordinates":[[-73.20163,-39.84484],[-73.20185,-39.84462]]}},{"type":"Feature","properties":{"nombre":"Ruta 206","jerarquia":2},"geometry":{"type":"LineString","coordinates":[[-73.19738,-39.84829],[-73.19757,-39.84813]]}},{"type":"Feature","properties":{"nombre":"Avenida España","jerarquia":4},"geometry":{"type":"LineString","coordinates":[[-73.24047,-39.80428],[-73.24084,-39.80415]]}},{"type":"Feature","properties":{"nombre":"Los Lingues","jerarquia":4},"geometry":{"type":"LineString","coordinates":[[-73.25315,-39.80272],[-73.25259,-39.80176]]}},{"type":"Feature","properties":{"nombre":"Ruta T-344","jerarquia":4},"geometry":{"type":"LineString","coordinates":[[-73.24097,-39.80326],[-73.2408,-39.80258]]}},{"type":"Feature","properties":{"nombre":"Avenida España","jerarquia":4},"geometry":{"type":"LineString","coordinates":[[-73.23966,-39.8046],[-73.24047,-39.80428]]}},{"type":"Feature","properties":{"nombre":"Cruce Ruta 202 - Aeródromo Las Marías - Río Cau Cau","jerarquia":4},"geometry":{"type":"LineString","coordinates":[[-73.24209,-39.8037],[-73.24392,-39.80308]]}},{"type":"Feature","properties":{"nombre":"Ruta T-344","jerarquia":4},"geometry":{"type":"LineString","coordinates":[[-73.24098,-39.80307],[-73.24117,-39.80369]]}},{"type":"Feature","properties":{"nombre":"Avenida España","jerarquia":4},"geometry":{"type":"LineString","coordinates":[[-73.24084,-39.80415],[-73.24124,-39.80401]]}},{"type":"Feature","properties":{"nombre":"Cruce Ruta 202 - Aeródromo Las Marías - Río Cau Cau","jerarquia":4},"geometry":{"type":"LineString","coordinates":[[-73.24249,-39.80367],[-73.24127,-39.80409]]}},{"type":"Feature","properties":{"nombre":"Avenida España","jerarquia":4},"geometry":{"type":"LineString","coordinates":[[-73.24043,-39.80439],[-73.23966,-39.8046]]}},{"type":"Feature","properties":{"nombre":"Ruta T-344","jerarquia":4},"geometry":{"type":"LineString","coordinates":[[-73.24117,-39.80369],[-73.2412,-39.80392]]}},{"type":"Feature","properties":{"nombre":"Ruta T-344","jerarquia":4},"geometry":{"type":"LineString","coordinates":[[-73.2412,-39.80392],[-73.24111,-39.80375]]}},{"type":"Feature","properties":{"nombre":"","jerarquia":4},"geometry":{"type":"LineString","coordinates":[[-73.25104,-39.79933],[-73.25096,-39.79899]]}},{"type":"Feature","properties":{"nombre":"","jerarquia":4},"geometry":{"type":"LineString","coordinates":[[-73.24117,-39.80369],[-73.24131,-39.80381],[-73.24148,-39.80387]]}},{"type":"Feature","properties":{"nombre":"","jerarquia":4},"geometry":{"type":"LineString","coordinates":[[-73.24148,-39.80387],[-73.2416,-39.80389]]}},{"type":"Feature","properties":{"nombre":"Avenida España","jerarquia":4},"geometry":{"type":"LineString","coordinates":[[-73.24127,-39.80409],[-73.24043,-39.80439]]}},{"type":"Feature","properties":{"nombre":"Ruta T-344","jerarquia":4},"geometry":{"type":"LineString","coordinates":[[-73.23739,-39.78998],[-73.23982,-39.79884],[-73.2408,-39.80258]]}},{"type":"Feature","properties":{"nombre":"Cruce Ruta 202 - Aeródromo Las Marías - Río Cau Cau","jerarquia":4},"geometry":{"type":"LineString","coordinates":[[-73.24124,-39.80401],[-73.2416,-39.80389]]}},{"type":"Feature","properties":{"nombre":"","jerarquia":4},"geometry":{"type":"LineString","coordinates":[[-73.25325,-39.80268],[-73.25337,-39.8031]]}},{"type":"Feature","properties":{"nombre":"Ruta T-344","jerarquia":4},"geometry":{"type":"LineString","coordinates":[[-73.2408,-39.80258],[-73.24098,-39.80307]]}},{"type":"Feature","properties":{"nombre":"Cruce Ruta 202 - Aeródromo Las Marías - Río Cau Cau","jerarquia":4},"geometry":{"type":"LineString","coordinates":[[-73.24392,-39.80308],[-73.24948,-39.79878],[-73.2499,-39.79855]]}},{"type":"Feature","properties":{"nombre":"Cruce Ruta 202 - Aeródromo Las Marías - Río Cau Cau","jerarquia":4},"geometry":{"type":"LineString","coordinates":[[-73.2499,-39.79855],[-73.25016,-39.79851],[-73.25049,-39.79857],[-73.25069,-39.79869],[-73.25096,-39.79899]]}},{"type":"Feature","properties":{"nombre":"Cruce Ruta 202 - Aeródromo Las Marías - Río Cau Cau","jerarquia":4},"geometry":{"type":"LineString","coordinates":[[-73.2416,-39.80389],[-73.24209,-39.8037]]}},{"type":"Feature","properties":{"nombre":"","jerarquia":4},"geometry":{"type":"LineString","coordinates":[[-73.24084,-39.80415],[-73.24106,-39.80389]]}},{"type":"Feature","properties":{"nombre":"","jerarquia":4},"geometry":{"type":"LineString","coordinates":[[-73.24106,-39.80389],[-73.24111,-39.80375]]}},{"type":"Feature","properties":{"nombre":"Los Lingues","jerarquia":4},"geometry":{"type":"LineString","coordinates":[[-73.2575,-39.80961],[-73.25753,-39.80968]]}},{"type":"Feature","properties":{"nombre":"Los Lingues","jerarquia":4},"geometry":{"type":"LineString","coordinates":[[-73.25753,-39.80968],[-73.25757,-39.80975]]}},{"type":"Feature","properties":{"nombre":"Ruta T-344","jerarquia":4},"geometry":{"type":"LineString","coordinates":[[-73.24111,-39.80375],[-73.24097,-39.80326]]}},{"type":"Feature","properties":{"nombre":"Cruce Ruta 202 - Aeródromo Las Marías - Río Cau Cau","jerarquia":4},"geometry":{"type":"LineString","coordinates":[[-73.25114,-39.79931],[-73.25179,-39.8004]]}},{"type":"Feature","properties":{"nombre":"Ruta T-344","jerarquia":4},"geometry":{"type":"LineString","coordinates":[[-73.24161,-39.78059],[-73.24161,-39.78068]]}},{"type":"Feature","properties":{"nombre":"Ruta T-344","jerarquia":4},"geometry":{"type":"LineString","coordinates":[[-73.24161,-39.78068],[-73.24164,-39.78154],[-73.24156,-39.78222],[-73.24138,-39.78293],[-73.24106,-39.78365]]}},{"type":"Feature","properties":{"nombre":"Ruta T-344","jerarquia":4},"geometry":{"type":"LineString","coordinates":[[-73.22843,-39.76168],[-73.22912,-39.76191],[-73.23004,-39.7623],[-73.2317,-39.7631],[-73.23204,-39.76332],[-73.23236,-39.76368],[-73.23253,-39.76408],[-73.23328,-39.76703],[-73.235,-39.77166],[-73.23549,-39.77255],[-73.23649,-39.77374]]}},{"type":"Feature","properties":{"nombre":"Ruta T-344","jerarquia":4},"geometry":{"type":"LineString","coordinates":[[-73.23981,-39.77743],[-73.23992,-39.77756]]}},{"type":"Feature","properties":{"nombre":"Ruta T-344","jerarquia":4},"geometry":{"type":"LineString","coordinates":[[-73.23992,-39.77756],[-73.24057,-39.77813]]}},{"type":"Feature","properties":{"nombre":"Ruta 202","jerarquia":2},"geometry":{"type":"LineString","coordinates":[[-73.227,-39.76606],[-73.22633,-39.76668],[-73.22276,-39.76952]]}},{"type":"Feature","properties":{"nombre":"Ruta 202","jerarquia":2},"geometry":{"type":"LineString","coordinates":[[-73.227,-39.76606],[-73.22753,-39.76527],[-73.22787,-39.76456],[-73.22809,-39.76387],[-73.2282,-39.76319]]}},{"type":"Feature","properties":{"nombre":"Ruta 202","jerarquia":2},"geometry":{"type":"LineString","coordinates":[[-73.21128,-39.7334],[-73.21407,-39.73403]]}},{"type":"Feature","properties":{"nombre":"Ruta 202","jerarquia":2},"geometry":{"type":"LineString","coordinates":[[-73.21407,-39.73403],[-73.21534,-39.73431]]}},{"type":"Feature","properties":{"nombre":"Ruta 202","jerarquia":2},"geometry":{"type":"LineString","coordinates":[[-73.21879,-39.73515],[-73.21684,-39.73475]]}},{"type":"Feature","properties":{"nombre":"Ruta 202","jerarquia":2},"geometry":{"type":"LineString","coordinates":[[-73.21879,-39.73515],[-73.22,-39.73554],[-73.22077,-39.73586],[-73.22172,-39.73634],[-73.22244,-39.73675],[-73.22306,-39.73719],[-73.22376,-39.73776],[-73.22437,-39.73835],[-73.22511,-39.73924],[-73.22573,-39.74022],[-73.22617,-39.74121],[-73.22692,-39.74332]]}},{"type":"Feature","properties":{"nombre":"Ruta 202","jerarquia":2},"geometry":{"type":"LineString","coordinates":[[-73.21531,-39.73439],[-73.2122,-39.73367]]}},{"type":"Feature","properties":{"nombre":"Ruta 202","jerarquia":2},"geometry":{"type":"LineString","coordinates":[[-73.2122,-39.73367],[-73.21128,-39.7334]]}},{"type":"Feature","properties":{"nombre":"Ruta 202","jerarquia":2},"geometry":{"type":"LineString","coordinates":[[-73.2162,-39.73451],[-73.21879,-39.73515]]}},{"type":"Feature","properties":{"nombre":"Ruta 202","jerarquia":2},"geometry":{"type":"LineString","coordinates":[[-73.21684,-39.73475],[-73.21531,-39.73439]]}},{"type":"Feature","properties":{"nombre":"Ruta 202","jerarquia":2},"geometry":{"type":"LineString","coordinates":[[-73.21534,-39.73431],[-73.2162,-39.73451]]}},{"type":"Feature","properties":{"nombre":"Ruta 202","jerarquia":2},"geometry":{"type":"LineString","coordinates":[[-73.13033,-39.73636],[-73.12951,-39.73565]]}},{"type":"Feature","properties":{"nombre":"Ruta 202","jerarquia":2},"geometry":{"type":"LineString","coordinates":[[-73.12906,-39.73524],[-73.12855,-39.73478]]}},{"type":"Feature","properties":{"nombre":"Ruta 202","jerarquia":2},"geometry":{"type":"LineString","coordinates":[[-73.13093,-39.7367],[-73.13167,-39.73737]]}},{"type":"Feature","properties":{"nombre":"Ruta 202","jerarquia":2},"geometry":{"type":"LineString","coordinates":[[-73.12951,-39.73565],[-73.12906,-39.73524]]}},{"type":"Feature","properties":{"nombre":"Ruta 202","jerarquia":2},"geometry":{"type":"LineString","coordinates":[[-73.12817,-39.73427],[-73.12916,-39.73515]]}},{"type":"Feature","properties":{"nombre":"Ruta 202","jerarquia":2},"geometry":{"type":"LineString","coordinates":[[-73.12965,-39.73557],[-73.1304,-39.73624]]}},{"type":"Feature","properties":{"nombre":"Ruta 202","jerarquia":2},"geometry":{"type":"LineString","coordinates":[[-73.1309,-39.73688],[-73.13033,-39.73636]]}},{"type":"Feature","properties":{"nombre":"Ruta 202","jerarquia":2},"geometry":{"type":"LineString","coordinates":[[-73.1304,-39.73624],[-73.13093,-39.7367]]}},{"type":"Feature","properties":{"nombre":"Ruta 202","jerarquia":2},"geometry":{"type":"LineString","coordinates":[[-73.12916,-39.73515],[-73.12965,-39.73557]]}},{"type":"Feature","properties":{"nombre":"Ruta T-312","jerarquia":5},"geometry":{"type":"LineString","coordinates":[[-73.19278,-39.77913],[-73.19463,-39.78143],[-73.19489,-39.78168],[-73.1953,-39.78195],[-73.20968,-39.78808]]}},{"type":"Feature","properties":{"nombre":"Balmaceda","jerarquia":4},"geometry":{"type":"LineString","coordinates":[[-73.2096,-39.81652],[-73.20989,-39.81697]]}},{"type":"Feature","properties":{"nombre":"Balmaceda","jerarquia":4},"geometry":{"type":"LineString","coordinates":[[-73.20989,-39.81697],[-73.21051,-39.81775],[-73.21166,-39.81885],[-73.2117,-39.81898],[-73.21164,-39.8192],[-73.21215,-39.81962]]}},{"type":"Feature","properties":{"nombre":"","jerarquia":4},"geometry":{"type":"LineString","coordinates":[[-73.2139,-39.82372],[-73.21414,-39.82359]]}},{"type":"Feature","properties":{"nombre":"","jerarquia":4},"geometry":{"type":"LineString","coordinates":[[-73.21414,-39.82359],[-73.21422,-39.82352]]}},{"type":"Feature","properties":{"nombre":"Avenida Argentina","jerarquia":4},"geometry":{"type":"LineString","coordinates":[[-73.21489,-39.82405],[-73.21428,-39.82379]]}},{"type":"Feature","properties":{"nombre":"Avenida Argentina","jerarquia":4},"geometry":{"type":"LineString","coordinates":[[-73.21429,-39.82371],[-73.21463,-39.82389]]}},{"type":"Feature","properties":{"nombre":"Ecuador","jerarquia":4},"geometry":{"type":"LineString","coordinates":[[-73.22038,-39.82437],[-73.22066,-39.8244]]}},{"type":"Feature","properties":{"nombre":"Avenida Argentina","jerarquia":4},"geometry":{"type":"LineString","coordinates":[[-73.21489,-39.82397],[-73.21568,-39.82393]]}},{"type":"Feature","properties":{"nombre":"","jerarquia":4},"geometry":{"type":"LineString","coordinates":[[-73.21568,-39.82393],[-73.2158,-39.82382]]}},{"type":"Feature","properties":{"nombre":"Avenida Patricio Lynch","jerarquia":5},"geometry":{"type":"LineString","coordinates":[[-73.21506,-39.82423],[-73.21491,-39.82411]]}},{"type":"Feature","properties":{"nombre":"Avenida Patricio Lynch","jerarquia":5},"geometry":{"type":"LineString","coordinates":[[-73.21491,-39.82411],[-73.21489,-39.82405]]}},{"type":"Feature","properties":{"nombre":"Avenida Patricio Lynch","jerarquia":5},"geometry":{"type":"LineString","coordinates":[[-73.21554,-39.82457],[-73.21506,-39.82423]]}},{"type":"Feature","properties":{"nombre":"Ecuador","jerarquia":4},"geometry":{"type":"LineString","coordinates":[[-73.21572,-39.82361],[-73.21598,-39.82381]]}},{"type":"Feature","properties":{"nombre":"Ecuador","jerarquia":4},"geometry":{"type":"LineString","coordinates":[[-73.21598,-39.82381],[-73.21608,-39.82391]]}},{"type":"Feature","properties":{"nombre":"Ecuador","jerarquia":4},"geometry":{"type":"LineString","coordinates":[[-73.21595,-39.82397],[-73.21587,-39.82392]]}},{"type":"Feature","properties":{"nombre":"Avenida Argentina","jerarquia":4},"geometry":{"type":"LineString","coordinates":[[-73.2139,-39.82372],[-73.21429,-39.82371]]}},{"type":"Feature","properties":{"nombre":"Avenida Argentina","jerarquia":4},"geometry":{"type":"LineString","coordinates":[[-73.21241,-39.82449],[-73.21293,-39.82427]]}},{"type":"Feature","properties":{"nombre":"Avenida Argentina","jerarquia":4},"geometry":{"type":"LineString","coordinates":[[-73.21293,-39.82427],[-73.21332,-39.82407]]}},{"type":"Feature","properties":{"nombre":"Avenida Argentina","jerarquia":4},"geometry":{"type":"LineString","coordinates":[[-73.21332,-39.82407],[-73.21351,-39.82396]]}},{"type":"Feature","properties":{"nombre":"Avenida Argentina","jerarquia":4},"geometry":{"type":"LineString","coordinates":[[-73.20931,-39.82571],[-73.20942,-39.82566]]}},{"type":"Feature","properties":{"nombre":"Avenida Argentina","jerarquia":4},"geometry":{"type":"LineString","coordinates":[[-73.20942,-39.82566],[-73.20974,-39.82553]]}},{"type":"Feature","properties":{"nombre":"Avenida Argentina","jerarquia":4},"geometry":{"type":"LineString","coordinates":[[-73.20974,-39.82553],[-73.21015,-39.82537]]}},{"type":"Feature","properties":{"nombre":"Avenida Argentina","jerarquia":4},"geometry":{"type":"LineString","coordinates":[[-73.21015,-39.82537],[-73.21061,-39.82519]]}},{"type":"Feature","properties":{"nombre":"Avenida Argentina","jerarquia":4},"geometry":{"type":"LineString","coordinates":[[-73.21061,-39.82519],[-73.21102,-39.82503]]}},{"type":"Feature","properties":{"nombre":"Avenida Argentina","jerarquia":4},"geometry":{"type":"LineString","coordinates":[[-73.21102,-39.82503],[-73.21144,-39.82487]]}},{"type":"Feature","properties":{"nombre":"Avenida Argentina","jerarquia":4},"geometry":{"type":"LineString","coordinates":[[-73.21144,-39.82487],[-73.21241,-39.82449]]}},{"type":"Feature","properties":{"nombre":"Lientur","jerarquia":5},"geometry":{"type":"LineString","coordinates":[[-73.21544,-39.82464],[-73.21554,-39.82457]]}},{"type":"Feature","properties":{"nombre":"Avenida Patricio Lynch","jerarquia":4},"geometry":{"type":"LineString","coordinates":[[-73.22072,-39.82743],[-73.21916,-39.82694]]}},{"type":"Feature","properties":{"nombre":"Avenida Simpson","jerarquia":4},"geometry":{"type":"LineString","coordinates":[[-73.2223,-39.82792],[-73.2222,-39.8279]]}},{"type":"Feature","properties":{"nombre":"Avenida Simpson","jerarquia":4},"geometry":{"type":"LineString","coordinates":[[-73.2222,-39.8279],[-73.22206,-39.82785]]}},{"type":"Feature","properties":{"nombre":"Avenida Simpson","jerarquia":4},"geometry":{"type":"LineString","coordinates":[[-73.22206,-39.82785],[-73.2212,-39.82758]]}},{"type":"Feature","properties":{"nombre":"Avenida Simpson","jerarquia":4},"geometry":{"type":"LineString","coordinates":[[-73.2212,-39.82758],[-73.22072,-39.82743]]}},{"type":"Feature","properties":{"nombre":"Avenida Pedro Montt","jerarquia":2},"geometry":{"type":"LineString","coordinates":[[-73.23024,-39.81921],[-73.23037,-39.81933]]}},{"type":"Feature","properties":{"nombre":"Avenida Pedro Montt","jerarquia":2},"geometry":{"type":"LineString","coordinates":[[-73.23037,-39.81933],[-73.23042,-39.81937]]}},{"type":"Feature","properties":{"nombre":"Avenida Ramón Picarte","jerarquia":3},"geometry":{"type":"LineString","coordinates":[[-73.23536,-39.8165],[-73.2356,-39.81637]]}},{"type":"Feature","properties":{"nombre":"Ruta T-350","jerarquia":3},"geometry":{"type":"LineString","coordinates":[[-73.33677,-39.85777],[-73.34177,-39.85959]]}},{"type":"Feature","properties":{"nombre":"Ruta T-350","jerarquia":3},"geometry":{"type":"LineString","coordinates":[[-73.34177,-39.85959],[-73.34302,-39.86002],[-73.34432,-39.86036],[-73.34552,-39.86058],[-73.34713,-39.86077]]}},{"type":"Feature","properties":{"nombre":"Ruta T-350","jerarquia":3},"geometry":{"type":"LineString","coordinates":[[-73.34713,-39.86077],[-73.34879,-39.86085]]}},{"type":"Feature","properties":{"nombre":"Ruta T-350","jerarquia":3},"geometry":{"type":"LineString","coordinates":[[-73.34879,-39.86085],[-73.34979,-39.86091]]}},{"type":"Feature","properties":{"nombre":"Ruta T-350","jerarquia":3},"geometry":{"type":"LineString","coordinates":[[-73.34979,-39.86091],[-73.34988,-39.86092]]}},{"type":"Feature","properties":{"nombre":"Ruta T-350","jerarquia":3},"geometry":{"type":"LineString","coordinates":[[-73.34988,-39.86092],[-73.35138,-39.86099]]}},{"type":"Feature","properties":{"nombre":"Ruta T-350","jerarquia":3},"geometry":{"type":"LineString","coordinates":[[-73.35138,-39.86099],[-73.35205,-39.86103]]}},{"type":"Feature","properties":{"nombre":"Ruta T-350","jerarquia":3},"geometry":{"type":"LineString","coordinates":[[-73.35205,-39.86103],[-73.3527,-39.86113],[-73.35345,-39.86131],[-73.3564,-39.86241],[-73.35777,-39.86273],[-73.35889,-39.86287],[-73.36064,-39.86279]]}},{"type":"Feature","properties":{"nombre":"Ruta T-350","jerarquia":3},"geometry":{"type":"LineString","coordinates":[[-73.36064,-39.86279],[-73.36099,-39.86278]]}},{"type":"Feature","properties":{"nombre":"Avenida Arturo Prat","jerarquia":4},"geometry":{"type":"LineString","coordinates":[[-73.24665,-39.81054],[-73.24721,-39.81107],[-73.24766,-39.81159]]}},{"type":"Feature","properties":{"nombre":"San Martín","jerarquia":5},"geometry":{"type":"LineString","coordinates":[[-73.22929,-39.83733],[-73.22926,-39.8373]]}},{"type":"Feature","properties":{"nombre":"San Martín","jerarquia":5},"geometry":{"type":"LineString","coordinates":[[-73.22926,-39.8373],[-73.22827,-39.83646]]}},{"type":"Feature","properties":{"nombre":"San Martín","jerarquia":5},"geometry":{"type":"LineString","coordinates":[[-73.22827,-39.83646],[-73.22823,-39.83642]]}},{"type":"Feature","properties":{"nombre":"San Martín","jerarquia":5},"geometry":{"type":"LineString","coordinates":[[-73.22823,-39.83642],[-73.22817,-39.83637]]}},{"type":"Feature","properties":{"nombre":"San Martín","jerarquia":5},"geometry":{"type":"LineString","coordinates":[[-73.22817,-39.83637],[-73.22751,-39.83578]]}},{"type":"Feature","properties":{"nombre":"Avenida Ramón Picarte","jerarquia":2},"geometry":{"type":"LineString","coordinates":[[-73.2299,-39.82009],[-73.23004,-39.81979],[-73.23024,-39.81952]]}},{"type":"Feature","properties":{"nombre":"Avenida Ramón Picarte","jerarquia":2},"geometry":{"type":"LineString","coordinates":[[-73.23024,-39.81952],[-73.23034,-39.81944]]}},{"type":"Feature","properties":{"nombre":"Avenida Ramón Picarte","jerarquia":2},"geometry":{"type":"LineString","coordinates":[[-73.22974,-39.82092],[-73.22953,-39.82143]]}},{"type":"Feature","properties":{"nombre":"Avenida Ramón Picarte","jerarquia":2},"geometry":{"type":"LineString","coordinates":[[-73.22953,-39.82143],[-73.22941,-39.82181]]}},{"type":"Feature","properties":{"nombre":"Avenida Ramón Picarte","jerarquia":2},"geometry":{"type":"LineString","coordinates":[[-73.22941,-39.82181],[-73.22919,-39.82231]]}},{"type":"Feature","properties":{"nombre":"Avenida Ramón Picarte","jerarquia":2},"geometry":{"type":"LineString","coordinates":[[-73.22976,-39.82054],[-73.22977,-39.8205]]}},{"type":"Feature","properties":{"nombre":"Avenida Ramón Picarte","jerarquia":2},"geometry":{"type":"LineString","coordinates":[[-73.22977,-39.8205],[-73.2298,-39.82041]]}},{"type":"Feature","properties":{"nombre":"","jerarquia":2},"geometry":{"type":"LineString","coordinates":[[-73.2298,-39.82041],[-73.22987,-39.82057]]}},{"type":"Feature","properties":{"nombre":"Avenida Ramón Picarte","jerarquia":2},"geometry":{"type":"LineString","coordinates":[[-73.2298,-39.82041],[-73.22986,-39.82021]]}},{"type":"Feature","properties":{"nombre":"Carampangue","jerarquia":3},"geometry":{"type":"LineString","coordinates":[[-73.24678,-39.81189],[-73.24703,-39.81188]]}},{"type":"Feature","properties":{"nombre":"Avenida Los Robles","jerarquia":3},"geometry":{"type":"LineString","coordinates":[[-73.25087,-39.81115],[-73.25207,-39.81092]]}},{"type":"Feature","properties":{"nombre":"Avenida Los Robles","jerarquia":3},"geometry":{"type":"LineString","coordinates":[[-73.25207,-39.81092],[-73.25222,-39.81089]]}},{"type":"Feature","properties":{"nombre":"Avenida Carlos Condell","jerarquia":4},"geometry":{"type":"LineString","coordinates":[[-73.23201,-39.81849],[-73.23195,-39.8184]]}},{"type":"Feature","properties":{"nombre":"Avenida Carlos Condell","jerarquia":4},"geometry":{"type":"LineString","coordinates":[[-73.23195,-39.8184],[-73.23152,-39.81793]]}},{"type":"Feature","properties":{"nombre":"General Alfonso Cañas","jerarquia":4},"geometry":{"type":"LineString","coordinates":[[-73.22912,-39.82002],[-73.22881,-39.81985]]}},{"type":"Feature","properties":{"nombre":"Avenida Ramón Picarte","jerarquia":2},"geometry":{"type":"LineString","coordinates":[[-73.21767,-39.83169],[-73.21912,-39.83049]]}},{"type":"Feature","properties":{"nombre":"Avenida Ramón Picarte","jerarquia":2},"geometry":{"type":"LineString","coordinates":[[-73.21912,-39.83049],[-73.21924,-39.83039]]}},{"type":"Feature","properties":{"nombre":"Avenida Ramón Picarte","jerarquia":2},"geometry":{"type":"LineString","coordinates":[[-73.21594,-39.83323],[-73.21557,-39.83355]]}},{"type":"Feature","properties":{"nombre":"Avenida Ramón Picarte","jerarquia":2},"geometry":{"type":"LineString","coordinates":[[-73.21557,-39.83355],[-73.21554,-39.83357]]}},{"type":"Feature","properties":{"nombre":"Avenida Ramón Picarte","jerarquia":2},"geometry":{"type":"LineString","coordinates":[[-73.21326,-39.83541],[-73.21184,-39.83656]]}},{"type":"Feature","properties":{"nombre":"Avenida Ramón Picarte","jerarquia":2},"geometry":{"type":"LineString","coordinates":[[-73.21184,-39.83656],[-73.2106,-39.83756]]}},{"type":"Feature","properties":{"nombre":"Avenida Ramón Picarte","jerarquia":2},"geometry":{"type":"LineString","coordinates":[[-73.2106,-39.83756],[-73.20993,-39.8381]]}},{"type":"Feature","properties":{"nombre":"Rubén Darío","jerarquia":5},"geometry":{"type":"LineString","coordinates":[[-73.20993,-39.8381],[-73.20985,-39.83804]]}},{"type":"Feature","properties":{"nombre":"Avenida Ramón Picarte","jerarquia":2},"geometry":{"type":"LineString","coordinates":[[-73.20898,-39.83889],[-73.20777,-39.83984]]}},{"type":"Feature","properties":{"nombre":"Avenida Ramón Picarte","jerarquia":2},"geometry":{"type":"LineString","coordinates":[[-73.20777,-39.83984],[-73.20685,-39.84064]]}},{"type":"Feature","properties":{"nombre":"Avenida Ramón Picarte","jerarquia":2},"geometry":{"type":"LineString","coordinates":[[-73.21076,-39.8373],[-73.21119,-39.83696]]}},{"type":"Feature","properties":{"nombre":"Avenida Ramón Picarte","jerarquia":2},"geometry":{"type":"LineString","coordinates":[[-73.21119,-39.83696],[-73.21275,-39.8357]]}},{"type":"Feature","properties":{"nombre":"Avenida Ramón Picarte","jerarquia":2},"geometry":{"type":"LineString","coordinates":[[-73.21275,-39.8357],[-73.21389,-39.83478]]}},{"type":"Feature","properties":{"nombre":"Rubén Darío","jerarquia":5},"geometry":{"type":"LineString","coordinates":[[-73.20985,-39.83804],[-73.20974,-39.83798]]}},{"type":"Feature","properties":{"nombre":"Rubén Darío","jerarquia":5},"geometry":{"type":"LineString","coordinates":[[-73.20974,-39.83798],[-73.2094,-39.83775]]}},{"type":"Feature","properties":{"nombre":"Avenida Ramón Picarte","jerarquia":2},"geometry":{"type":"LineString","coordinates":[[-73.20411,-39.8429],[-73.2037,-39.84324]]}},{"type":"Feature","properties":{"nombre":"Avenida Ramón Picarte","jerarquia":2},"geometry":{"type":"LineString","coordinates":[[-73.2037,-39.84324],[-73.20328,-39.84358]]}},{"type":"Feature","properties":{"nombre":"Avenida Ramón Picarte","jerarquia":2},"geometry":{"type":"LineString","coordinates":[[-73.20328,-39.84358],[-73.20311,-39.84372]]}},{"type":"Feature","properties":{"nombre":"Avenida Ramón Picarte","jerarquia":2},"geometry":{"type":"LineString","coordinates":[[-73.20446,-39.84248],[-73.20567,-39.84147]]}},{"type":"Feature","properties":{"nombre":"Avenida Ramón Picarte","jerarquia":2},"geometry":{"type":"LineString","coordinates":[[-73.20567,-39.84147],[-73.20576,-39.8414]]}},{"type":"Feature","properties":{"nombre":"Avenida Circunvalación Sur","jerarquia":4},"geometry":{"type":"LineString","coordinates":[[-73.211,-39.84963],[-73.21059,-39.84933],[-73.20972,-39.84905]]}},{"type":"Feature","properties":{"nombre":"Avenida Circunvalación Sur","jerarquia":4},"geometry":{"type":"LineString","coordinates":[[-73.20972,-39.84905],[-73.20929,-39.8489]]}},{"type":"Feature","properties":{"nombre":"Avenida Circunvalación Sur","jerarquia":4},"geometry":{"type":"LineString","coordinates":[[-73.20929,-39.8489],[-73.20816,-39.84856]]}},{"type":"Feature","properties":{"nombre":"Avenida Circunvalación Sur","jerarquia":4},"geometry":{"type":"LineString","coordinates":[[-73.20816,-39.84856],[-73.20797,-39.84849]]}},{"type":"Feature","properties":{"nombre":"Avenida Circunvalación Sur","jerarquia":4},"geometry":{"type":"LineString","coordinates":[[-73.20797,-39.84849],[-73.2075,-39.84822],[-73.2066,-39.84755]]}},{"type":"Feature","properties":{"nombre":"Avenida Circunvalación Sur","jerarquia":4},"geometry":{"type":"LineString","coordinates":[[-73.2066,-39.84755],[-73.20504,-39.84643]]}},{"type":"Feature","properties":{"nombre":"Avenida Circunvalación Sur","jerarquia":4},"geometry":{"type":"LineString","coordinates":[[-73.20504,-39.84643],[-73.20473,-39.8462]]}},{"type":"Feature","properties":{"nombre":"Avenida Circunvalación Sur","jerarquia":4},"geometry":{"type":"LineString","coordinates":[[-73.20473,-39.8462],[-73.20339,-39.84523]]}},{"type":"Feature","properties":{"nombre":"Avenida Circunvalación Sur","jerarquia":4},"geometry":{"type":"LineString","coordinates":[[-73.20339,-39.84523],[-73.20248,-39.84457]]}},{"type":"Feature","properties":{"nombre":"Avenida Ramón Picarte","jerarquia":2},"geometry":{"type":"LineString","coordinates":[[-73.20213,-39.84452],[-73.20181,-39.84478],[-73.20163,-39.84484]]}},{"type":"Feature","properties":{"nombre":"Avenida Ramón Picarte","jerarquia":2},"geometry":{"type":"LineString","coordinates":[[-73.20229,-39.84425],[-73.20261,-39.844]]}},{"type":"Feature","properties":{"nombre":"Avenida Ramón Picarte","jerarquia":2},"geometry":{"type":"LineString","coordinates":[[-73.20261,-39.844],[-73.20344,-39.84331]]}},{"type":"Feature","properties":{"nombre":"Ruta 206","jerarquia":2},"geometry":{"type":"LineString","coordinates":[[-73.20093,-39.84541],[-73.201,-39.84535]]}},{"type":"Feature","properties":{"nombre":"Ruta 206","jerarquia":2},"geometry":{"type":"LineString","coordinates":[[-73.201,-39.84535],[-73.20137,-39.84506]]}},{"type":"Feature","properties":{"nombre":"Ruta 206","jerarquia":2},"geometry":{"type":"LineString","coordinates":[[-73.20137,-39.84506],[-73.20163,-39.84484]]}},{"type":"Feature","properties":{"nombre":"Avenida Doctor Clemente Holzapfel","jerarquia":5},"geometry":{"type":"LineString","coordinates":[[-73.20661,-39.82704],[-73.20682,-39.82705]]}},{"type":"Feature","properties":{"nombre":"Avenida Doctor Clemente Holzapfel","jerarquia":3},"geometry":{"type":"LineString","coordinates":[[-73.20982,-39.82985],[-73.20928,-39.82936]]}},{"type":"Feature","properties":{"nombre":"Avenida Doctor Clemente Holzapfel","jerarquia":3},"geometry":{"type":"LineString","coordinates":[[-73.20991,-39.82979],[-73.21024,-39.8301]]}},{"type":"Feature","properties":{"nombre":"Avenida Doctor Clemente Holzapfel","jerarquia":3},"geometry":{"type":"LineString","coordinates":[[-73.20915,-39.82924],[-73.20886,-39.82898]]}},{"type":"Feature","properties":{"nombre":"Avenida Doctor Clemente Holzapfel","jerarquia":3},"geometry":{"type":"LineString","coordinates":[[-73.20886,-39.82898],[-73.20833,-39.8285]]}},{"type":"Feature","properties":{"nombre":"Avenida Doctor Clemente Holzapfel","jerarquia":3},"geometry":{"type":"LineString","coordinates":[[-73.20833,-39.8285],[-73.20805,-39.82826]]}},{"type":"Feature","properties":{"nombre":"Avenida Doctor Clemente Holzapfel","jerarquia":3},"geometry":{"type":"LineString","coordinates":[[-73.20805,-39.82826],[-73.20757,-39.82782]]}},{"type":"Feature","properties":{"nombre":"Avenida Doctor Clemente Holzapfel","jerarquia":3},"geometry":{"type":"LineString","coordinates":[[-73.20757,-39.82782],[-73.20723,-39.82752]]}},{"type":"Feature","properties":{"nombre":"Avenida Doctor Clemente Holzapfel","jerarquia":3},"geometry":{"type":"LineString","coordinates":[[-73.20723,-39.82752],[-73.207,-39.82731]]}},{"type":"Feature","properties":{"nombre":"Avenida Doctor Clemente Holzapfel","jerarquia":3},"geometry":{"type":"LineString","coordinates":[[-73.20928,-39.82936],[-73.20915,-39.82924]]}},{"type":"Feature","properties":{"nombre":"Avenida Doctor Clemente Holzapfel","jerarquia":3},"geometry":{"type":"LineString","coordinates":[[-73.20924,-39.82918],[-73.20991,-39.82979]]}},{"type":"Feature","properties":{"nombre":"Avenida Patricio Lynch","jerarquia":5},"geometry":{"type":"LineString","coordinates":[[-73.21429,-39.82371],[-73.21428,-39.82379]]}},{"type":"Feature","properties":{"nombre":"Avenida Patricio Lynch","jerarquia":5},"geometry":{"type":"LineString","coordinates":[[-73.21422,-39.82352],[-73.21425,-39.82357]]}},{"type":"Feature","properties":{"nombre":"Avenida Patricio Lynch","jerarquia":5},"geometry":{"type":"LineString","coordinates":[[-73.21425,-39.82357],[-73.21429,-39.82371]]}},{"type":"Feature","properties":{"nombre":"Avenida Ecuador","jerarquia":4},"geometry":{"type":"LineString","coordinates":[[-73.21608,-39.82391],[-73.21655,-39.82393],[-73.21735,-39.82406]]}},{"type":"Feature","properties":{"nombre":"Ecuador","jerarquia":4},"geometry":{"type":"LineString","coordinates":[[-73.21608,-39.82391],[-73.21608,-39.82396]]}},{"type":"Feature","properties":{"nombre":"Ecuador","jerarquia":4},"geometry":{"type":"LineString","coordinates":[[-73.21608,-39.82396],[-73.21595,-39.82397]]}},{"type":"Feature","properties":{"nombre":"Avenida Argentina","jerarquia":4},"geometry":{"type":"LineString","coordinates":[[-73.21595,-39.82397],[-73.21547,-39.82401]]}},{"type":"Feature","properties":{"nombre":"Ecuador","jerarquia":4},"geometry":{"type":"LineString","coordinates":[[-73.2158,-39.82382],[-73.21572,-39.82361]]}},{"type":"Feature","properties":{"nombre":"Ecuador","jerarquia":4},"geometry":{"type":"LineString","coordinates":[[-73.21587,-39.82392],[-73.21608,-39.82391]]}},{"type":"Feature","properties":{"nombre":"Ecuador","jerarquia":4},"geometry":{"type":"LineString","coordinates":[[-73.21587,-39.82392],[-73.2158,-39.82382]]}},{"type":"Feature","properties":{"nombre":"Avenida Argentina","jerarquia":4},"geometry":{"type":"LineString","coordinates":[[-73.21568,-39.82393],[-73.2158,-39.82392]]}},{"type":"Feature","properties":{"nombre":"Avenida Argentina","jerarquia":4},"geometry":{"type":"LineString","coordinates":[[-73.2158,-39.82392],[-73.21587,-39.82392]]}},{"type":"Feature","properties":{"nombre":"Avenida Ecuador","jerarquia":4},"geometry":{"type":"LineString","coordinates":[[-73.21735,-39.82406],[-73.21776,-39.82411]]}},{"type":"Feature","properties":{"nombre":"Avenida Ecuador","jerarquia":4},"geometry":{"type":"LineString","coordinates":[[-73.21776,-39.82411],[-73.22038,-39.82437]]}},{"type":"Feature","properties":{"nombre":"Avenida Arturo Prat","jerarquia":4},"geometry":{"type":"LineString","coordinates":[[-73.2207,-39.82422],[-73.22076,-39.82406],[-73.22093,-39.82391],[-73.22115,-39.82385],[-73.22145,-39.82385]]}},{"type":"Feature","properties":{"nombre":"Ecuador","jerarquia":4},"geometry":{"type":"LineString","coordinates":[[-73.22066,-39.8244],[-73.22082,-39.82442]]}},{"type":"Feature","properties":{"nombre":"Avenida Ecuador","jerarquia":4},"geometry":{"type":"LineString","coordinates":[[-73.22082,-39.82442],[-73.22202,-39.82456]]}},{"type":"Feature","properties":{"nombre":"Avenida Ecuador","jerarquia":4},"geometry":{"type":"LineString","coordinates":[[-73.22202,-39.82456],[-73.22423,-39.82469]]}},{"type":"Feature","properties":{"nombre":"San Martín","jerarquia":5},"geometry":{"type":"LineString","coordinates":[[-73.2242,-39.82486],[-73.22423,-39.82469]]}},{"type":"Feature","properties":{"nombre":"Avenida Pedro Montt","jerarquia":3},"geometry":{"type":"LineString","coordinates":[[-73.23554,-39.82747],[-73.23595,-39.82715],[-73.23613,-39.82678]]}},{"type":"Feature","properties":{"nombre":"Avenida Pedro Montt","jerarquia":3},"geometry":{"type":"LineString","coordinates":[[-73.23613,-39.82678],[-73.23622,-39.82646],[-73.23622,-39.82614]]}},{"type":"Feature","properties":{"nombre":"Avenida Pedro Montt","jerarquia":3},"geometry":{"type":"LineString","coordinates":[[-73.23622,-39.82614],[-73.23619,-39.82594]]}},{"type":"Feature","properties":{"nombre":"Avenida Pedro Montt","jerarquia":3},"geometry":{"type":"LineString","coordinates":[[-73.23619,-39.82594],[-73.23611,-39.82576]]}},{"type":"Feature","properties":{"nombre":"Avenida Pedro Montt","jerarquia":3},"geometry":{"type":"LineString","coordinates":[[-73.23611,-39.82576],[-73.23568,-39.8247]]}},{"type":"Feature","properties":{"nombre":"Avenida Pedro Montt","jerarquia":3},"geometry":{"type":"LineString","coordinates":[[-73.23568,-39.8247],[-73.23526,-39.82361]]}},{"type":"Feature","properties":{"nombre":"Avenida Pedro Montt","jerarquia":3},"geometry":{"type":"LineString","coordinates":[[-73.23526,-39.82361],[-73.23521,-39.8235]]}},{"type":"Feature","properties":{"nombre":"Avenida Pedro Montt","jerarquia":3},"geometry":{"type":"LineString","coordinates":[[-73.23521,-39.8235],[-73.23504,-39.82321]]}},{"type":"Feature","properties":{"nombre":"Avenida Pedro Montt","jerarquia":3},"geometry":{"type":"LineString","coordinates":[[-73.23504,-39.82321],[-73.23468,-39.82284]]}},{"type":"Feature","properties":{"nombre":"Coronel Santiago Bueras","jerarquia":4},"geometry":{"type":"LineString","coordinates":[[-73.23554,-39.82747],[-73.23565,-39.82754]]}},{"type":"Feature","properties":{"nombre":"Avenida Pedro Montt","jerarquia":3},"geometry":{"type":"LineString","coordinates":[[-73.23565,-39.82754],[-73.23561,-39.82758]]}},{"type":"Feature","properties":{"nombre":"Coronel Santiago Bueras","jerarquia":4},"geometry":{"type":"LineString","coordinates":[[-73.23581,-39.82764],[-73.23759,-39.82875]]}},{"type":"Feature","properties":{"nombre":"Avenida Pedro Montt","jerarquia":3},"geometry":{"type":"LineString","coordinates":[[-73.23561,-39.82758],[-73.23538,-39.82789],[-73.23517,-39.82856]]}},{"type":"Feature","properties":{"nombre":"Avenida Pedro Montt","jerarquia":3},"geometry":{"type":"LineString","coordinates":[[-73.23517,-39.82856],[-73.23503,-39.82898]]}},{"type":"Feature","properties":{"nombre":"Avenida Pedro Montt","jerarquia":3},"geometry":{"type":"LineString","coordinates":[[-73.23503,-39.82898],[-73.23495,-39.82932]]}},{"type":"Feature","properties":{"nombre":"Avenida Pedro Montt","jerarquia":3},"geometry":{"type":"LineString","coordinates":[[-73.23582,-39.8274],[-73.23572,-39.82748]]}},{"type":"Feature","properties":{"nombre":"Avenida Pedro Montt","jerarquia":3},"geometry":{"type":"LineString","coordinates":[[-73.23572,-39.82748],[-73.23565,-39.82754]]}},{"type":"Feature","properties":{"nombre":"Avenida Pedro Montt","jerarquia":3},"geometry":{"type":"LineString","coordinates":[[-73.23549,-39.82751],[-73.23554,-39.82747]]}},{"type":"Feature","properties":{"nombre":"Coronel Santiago Bueras","jerarquia":4},"geometry":{"type":"LineString","coordinates":[[-73.23549,-39.82751],[-73.23522,-39.82729]]}},{"type":"Feature","properties":{"nombre":"Aníbal Pinto","jerarquia":4},"geometry":{"type":"LineString","coordinates":[[-73.24007,-39.8281],[-73.2403,-39.82862]]}},{"type":"Feature","properties":{"nombre":"Aníbal Pinto","jerarquia":4},"geometry":{"type":"LineString","coordinates":[[-73.2403,-39.82862],[-73.24056,-39.82922]]}},{"type":"Feature","properties":{"nombre":"Aníbal Pinto","jerarquia":4},"geometry":{"type":"LineString","coordinates":[[-73.23993,-39.82777],[-73.24007,-39.8281]]}},{"type":"Feature","properties":{"nombre":"Aníbal Pinto","jerarquia":4},"geometry":{"type":"LineString","coordinates":[[-73.23985,-39.82756],[-73.23993,-39.82777]]}},{"type":"Feature","properties":{"nombre":"Aníbal Pinto","jerarquia":4},"geometry":{"type":"LineString","coordinates":[[-73.24056,-39.82922],[-73.2408,-39.82979]]}},{"type":"Feature","properties":{"nombre":"Avenida Francia","jerarquia":3},"geometry":{"type":"LineString","coordinates":[[-73.23373,-39.8376],[-73.23388,-39.83758]]}},{"type":"Feature","properties":{"nombre":"Nueva San Martín","jerarquia":5},"geometry":{"type":"LineString","coordinates":[[-73.22649,-39.83788],[-73.22651,-39.83779]]}},{"type":"Feature","properties":{"nombre":"Avenida Francia","jerarquia":3},"geometry":{"type":"LineString","coordinates":[[-73.22479,-39.83774],[-73.22368,-39.83761]]}},{"type":"Feature","properties":{"nombre":"Avenida Francia","jerarquia":3},"geometry":{"type":"LineString","coordinates":[[-73.22368,-39.83761],[-73.22351,-39.83758]]}},{"type":"Feature","properties":{"nombre":"Avenida Francia","jerarquia":3},"geometry":{"type":"LineString","coordinates":[[-73.22351,-39.83758],[-73.22285,-39.83743]]}},{"type":"Feature","properties":{"nombre":"Avenida René Schneider","jerarquia":4},"geometry":{"type":"LineString","coordinates":[[-73.2185,-39.83782],[-73.21836,-39.83828]]}},{"type":"Feature","properties":{"nombre":"Avenida René Schneider","jerarquia":4},"geometry":{"type":"LineString","coordinates":[[-73.21836,-39.83828],[-73.21822,-39.83872]]}},{"type":"Feature","properties":{"nombre":"Avenida René Schneider","jerarquia":4},"geometry":{"type":"LineString","coordinates":[[-73.21822,-39.83872],[-73.21813,-39.83901]]}},{"type":"Feature","properties":{"nombre":"Avenida René Schneider","jerarquia":4},"geometry":{"type":"LineString","coordinates":[[-73.21813,-39.83901],[-73.21798,-39.83946]]}},{"type":"Feature","properties":{"nombre":"Avenida René Schneider","jerarquia":4},"geometry":{"type":"LineString","coordinates":[[-73.21798,-39.83946],[-73.21793,-39.83963]]}},{"type":"Feature","properties":{"nombre":"Avenida René Schneider","jerarquia":4},"geometry":{"type":"LineString","coordinates":[[-73.21793,-39.83963],[-73.21785,-39.83988]]}},{"type":"Feature","properties":{"nombre":"Avenida René Schneider","jerarquia":4},"geometry":{"type":"LineString","coordinates":[[-73.21785,-39.83988],[-73.2178,-39.84003]]}},{"type":"Feature","properties":{"nombre":"Avenida Francia","jerarquia":3},"geometry":{"type":"LineString","coordinates":[[-73.21954,-39.83632],[-73.21886,-39.83601],[-73.21755,-39.83511]]}},{"type":"Feature","properties":{"nombre":"Avenida Francia","jerarquia":3},"geometry":{"type":"LineString","coordinates":[[-73.21755,-39.83511],[-73.21728,-39.83491]]}},{"type":"Feature","properties":{"nombre":"Avenida Francia","jerarquia":3},"geometry":{"type":"LineString","coordinates":[[-73.21728,-39.83491],[-73.21706,-39.83477]]}},{"type":"Feature","properties":{"nombre":"Avenida Francia","jerarquia":3},"geometry":{"type":"LineString","coordinates":[[-73.21706,-39.83477],[-73.21663,-39.83448]]}},{"type":"Feature","properties":{"nombre":"Avenida Francia","jerarquia":3},"geometry":{"type":"LineString","coordinates":[[-73.21663,-39.83448],[-73.2166,-39.83443]]}},{"type":"Feature","properties":{"nombre":"Avenida René Schneider","jerarquia":4},"geometry":{"type":"LineString","coordinates":[[-73.21988,-39.83634],[-73.2198,-39.83641]]}},{"type":"Feature","properties":{"nombre":"Avenida Francia","jerarquia":3},"geometry":{"type":"LineString","coordinates":[[-73.21988,-39.83634],[-73.22075,-39.83665]]}},{"type":"Feature","properties":{"nombre":"Avenida Francia","jerarquia":3},"geometry":{"type":"LineString","coordinates":[[-73.22075,-39.83665],[-73.22132,-39.83687]]}},{"type":"Feature","properties":{"nombre":"Avenida Francia","jerarquia":3},"geometry":{"type":"LineString","coordinates":[[-73.22132,-39.83687],[-73.22201,-39.8371]]}},{"type":"Feature","properties":{"nombre":"Avenida Arturo Prat","jerarquia":4},"geometry":{"type":"LineString","coordinates":[[-73.23544,-39.81411],[-73.23555,-39.81403]]}},{"type":"Feature","properties":{"nombre":"Avenida Arturo Prat","jerarquia":4},"geometry":{"type":"LineString","coordinates":[[-73.23555,-39.81403],[-73.23652,-39.81323]]}},{"type":"Feature","properties":{"nombre":"Avenida Arturo Prat","jerarquia":4},"geometry":{"type":"LineString","coordinates":[[-73.23652,-39.81323],[-73.23802,-39.81206]]}},{"type":"Feature","properties":{"nombre":"Avenida Arturo Prat","jerarquia":4},"geometry":{"type":"LineString","coordinates":[[-73.23802,-39.81206],[-73.23963,-39.81108]]}},{"type":"Feature","properties":{"nombre":"Avenida Arturo Prat","jerarquia":4},"geometry":{"type":"LineString","coordinates":[[-73.23963,-39.81108],[-73.24085,-39.81034]]}},{"type":"Feature","properties":{"nombre":"Avenida Arturo Prat","jerarquia":4},"geometry":{"type":"LineString","coordinates":[[-73.24085,-39.81034],[-73.24259,-39.80956]]}},{"type":"Feature","properties":{"nombre":"Avenida Arturo Prat","jerarquia":4},"geometry":{"type":"LineString","coordinates":[[-73.24259,-39.80956],[-73.2438,-39.80902],[-73.24426,-39.80896],[-73.24477,-39.80903],[-73.2453,-39.8092],[-73.24559,-39.80943],[-73.24568,-39.8096]]}},{"type":"Feature","properties":{"nombre":"Avenida Arturo Prat","jerarquia":4},"geometry":{"type":"LineString","coordinates":[[-73.24568,-39.8096],[-73.24592,-39.80993]]}},{"type":"Feature","properties":{"nombre":"Avenida Arturo Prat","jerarquia":4},"geometry":{"type":"LineString","coordinates":[[-73.24592,-39.80993],[-73.24665,-39.81054]]}},{"type":"Feature","properties":{"nombre":"Carlos Anwandter","jerarquia":3},"geometry":{"type":"LineString","coordinates":[[-73.23641,-39.81545],[-73.23759,-39.81434]]}},{"type":"Feature","properties":{"nombre":"Carlos Anwandter","jerarquia":3},"geometry":{"type":"LineString","coordinates":[[-73.23759,-39.81434],[-73.23771,-39.81423]]}},{"type":"Feature","properties":{"nombre":"Carlos Anwandter","jerarquia":3},"geometry":{"type":"LineString","coordinates":[[-73.23771,-39.81423],[-73.2388,-39.81336]]}},{"type":"Feature","properties":{"nombre":"Carampangue","jerarquia":3},"geometry":{"type":"LineString","coordinates":[[-73.23923,-39.81322],[-73.24147,-39.81252]]}},{"type":"Feature","properties":{"nombre":"Carampangue","jerarquia":3},"geometry":{"type":"LineString","coordinates":[[-73.24147,-39.81252],[-73.24154,-39.81251]]}},{"type":"Feature","properties":{"nombre":"Avenida Alemania","jerarquia":3},"geometry":{"type":"LineString","coordinates":[[-73.23931,-39.81329],[-73.23871,-39.81351],[-73.23799,-39.81409]]}},{"type":"Feature","properties":{"nombre":"Avenida Alemania","jerarquia":3},"geometry":{"type":"LineString","coordinates":[[-73.23799,-39.81409],[-73.23766,-39.8144]]}},{"type":"Feature","properties":{"nombre":"Avenida Pedro Montt","jerarquia":3},"geometry":{"type":"LineString","coordinates":[[-73.23476,-39.82275],[-73.23492,-39.82289]]}},{"type":"Feature","properties":{"nombre":"Avenida Pedro Montt","jerarquia":3},"geometry":{"type":"LineString","coordinates":[[-73.23492,-39.82289],[-73.23521,-39.82326]]}},{"type":"Feature","properties":{"nombre":"Avenida Pedro Montt","jerarquia":3},"geometry":{"type":"LineString","coordinates":[[-73.23521,-39.82326],[-73.23533,-39.82347]]}},{"type":"Feature","properties":{"nombre":"Avenida Pedro Montt","jerarquia":3},"geometry":{"type":"LineString","coordinates":[[-73.23533,-39.82347],[-73.2358,-39.82467]]}},{"type":"Feature","properties":{"nombre":"Avenida Pedro Montt","jerarquia":3},"geometry":{"type":"LineString","coordinates":[[-73.2358,-39.82467],[-73.23622,-39.82573]]}},{"type":"Feature","properties":{"nombre":"Avenida Pedro Montt","jerarquia":3},"geometry":{"type":"LineString","coordinates":[[-73.23622,-39.82573],[-73.23632,-39.82598]]}},{"type":"Feature","properties":{"nombre":"Avenida Pedro Montt","jerarquia":3},"geometry":{"type":"LineString","coordinates":[[-73.23632,-39.82598],[-73.23637,-39.82632],[-73.23633,-39.82662]]}},{"type":"Feature","properties":{"nombre":"Avenida Pedro Montt","jerarquia":3},"geometry":{"type":"LineString","coordinates":[[-73.23633,-39.82662],[-73.23627,-39.82683]]}},{"type":"Feature","properties":{"nombre":"Avenida Pedro Montt","jerarquia":3},"geometry":{"type":"LineString","coordinates":[[-73.23627,-39.82683],[-73.23614,-39.8271]]}},{"type":"Feature","properties":{"nombre":"Avenida Pedro Montt","jerarquia":3},"geometry":{"type":"LineString","coordinates":[[-73.23614,-39.8271],[-73.23582,-39.8274]]}},{"type":"Feature","properties":{"nombre":"Errázuriz","jerarquia":4},"geometry":{"type":"LineString","coordinates":[[-73.23136,-39.82012],[-73.23125,-39.8202]]}},{"type":"Feature","properties":{"nombre":"Avenida Pedro Montt","jerarquia":3},"geometry":{"type":"LineString","coordinates":[[-73.23126,-39.82005],[-73.23136,-39.82012]]}},{"type":"Feature","properties":{"nombre":"Errázuriz","jerarquia":4},"geometry":{"type":"LineString","coordinates":[[-73.23126,-39.82005],[-73.23131,-39.81996]]}},{"type":"Feature","properties":{"nombre":"Avenida Pedro Montt","jerarquia":3},"geometry":{"type":"LineString","coordinates":[[-73.23118,-39.82],[-73.23119,-39.82]]}},{"type":"Feature","properties":{"nombre":"Avenida Pedro Montt","jerarquia":3},"geometry":{"type":"LineString","coordinates":[[-73.23119,-39.82],[-73.23119,-39.82001]]}},{"type":"Feature","properties":{"nombre":"San Martín","jerarquia":5},"geometry":{"type":"LineString","coordinates":[[-73.22456,-39.82604],[-73.22448,-39.82586]]}},{"type":"Feature","properties":{"nombre":"Avenida Ramón Picarte","jerarquia":2},"geometry":{"type":"LineString","coordinates":[[-73.22456,-39.82604],[-73.22476,-39.82589]]}},{"type":"Feature","properties":{"nombre":"Avenida Ramón Picarte","jerarquia":2},"geometry":{"type":"LineString","coordinates":[[-73.22476,-39.82589],[-73.22552,-39.82532]]}},{"type":"Feature","properties":{"nombre":"San Martín","jerarquia":5},"geometry":{"type":"LineString","coordinates":[[-73.22423,-39.82525],[-73.22418,-39.82503],[-73.2242,-39.82486]]}},{"type":"Feature","properties":{"nombre":"Avenida Ramón Picarte","jerarquia":2},"geometry":{"type":"LineString","coordinates":[[-73.2226,-39.82781],[-73.2225,-39.82789]]}},{"type":"Feature","properties":{"nombre":"Avenida Ramón Picarte","jerarquia":2},"geometry":{"type":"LineString","coordinates":[[-73.2225,-39.82789],[-73.22159,-39.82866]]}},{"type":"Feature","properties":{"nombre":"Errázuriz","jerarquia":4},"geometry":{"type":"LineString","coordinates":[[-73.2226,-39.82945],[-73.22249,-39.82956]]}},{"type":"Feature","properties":{"nombre":"Avenida Simpson","jerarquia":4},"geometry":{"type":"LineString","coordinates":[[-73.2226,-39.82945],[-73.22313,-39.82981]]}},{"type":"Feature","properties":{"nombre":"Avenida Simpson","jerarquia":4},"geometry":{"type":"LineString","coordinates":[[-73.22313,-39.82981],[-73.22378,-39.83025]]}},{"type":"Feature","properties":{"nombre":"Avenida Simpson","jerarquia":4},"geometry":{"type":"LineString","coordinates":[[-73.22249,-39.82956],[-73.22147,-39.8289]]}},{"type":"Feature","properties":{"nombre":"Avenida Simpson","jerarquia":4},"geometry":{"type":"LineString","coordinates":[[-73.22147,-39.8289],[-73.22136,-39.82884]]}},{"type":"Feature","properties":{"nombre":"Errázuriz","jerarquia":4},"geometry":{"type":"LineString","coordinates":[[-73.22249,-39.82956],[-73.22117,-39.83098]]}},{"type":"Feature","properties":{"nombre":"Avenida Ramón Picarte","jerarquia":2},"geometry":{"type":"LineString","coordinates":[[-73.22071,-39.82924],[-73.22077,-39.82919]]}},{"type":"Feature","properties":{"nombre":"Avenida Ramón Picarte","jerarquia":2},"geometry":{"type":"LineString","coordinates":[[-73.22077,-39.82919],[-73.22101,-39.82896]]}},{"type":"Feature","properties":{"nombre":"Avenida Ramón Picarte","jerarquia":2},"geometry":{"type":"LineString","coordinates":[[-73.21933,-39.83044],[-73.2185,-39.83111]]}},{"type":"Feature","properties":{"nombre":"Avenida Francia","jerarquia":3},"geometry":{"type":"LineString","coordinates":[[-73.2166,-39.83443],[-73.21615,-39.83412]]}},{"type":"Feature","properties":{"nombre":"Avenida Francia","jerarquia":3},"geometry":{"type":"LineString","coordinates":[[-73.21615,-39.83412],[-73.21544,-39.83365]]}},{"type":"Feature","properties":{"nombre":"Errázuriz","jerarquia":5},"geometry":{"type":"LineString","coordinates":[[-73.2166,-39.83443],[-73.21669,-39.83436]]}},{"type":"Feature","properties":{"nombre":"Santa Elvira","jerarquia":3},"geometry":{"type":"LineString","coordinates":[[-73.21075,-39.78839],[-73.21057,-39.78855]]}},{"type":"Feature","properties":{"nombre":"Santa Elvira","jerarquia":3},"geometry":{"type":"LineString","coordinates":[[-73.2107,-39.7883],[-73.21114,-39.7879]]}},{"type":"Feature","properties":{"nombre":"Santa Elvira","jerarquia":3},"geometry":{"type":"LineString","coordinates":[[-73.21029,-39.78869],[-73.21049,-39.7885]]}},{"type":"Feature","properties":{"nombre":"Santa Elvira","jerarquia":3},"geometry":{"type":"LineString","coordinates":[[-73.21039,-39.7887],[-73.20982,-39.7892]]}},{"type":"Feature","properties":{"nombre":"Santa Elvira","jerarquia":3},"geometry":{"type":"LineString","coordinates":[[-73.20982,-39.7892],[-73.20901,-39.78984]]}},{"type":"Feature","properties":{"nombre":"Santa Elvira","jerarquia":3},"geometry":{"type":"LineString","coordinates":[[-73.21057,-39.78855],[-73.21039,-39.7887]]}},{"type":"Feature","properties":{"nombre":"Santa Elvira","jerarquia":3},"geometry":{"type":"LineString","coordinates":[[-73.20975,-39.78917],[-73.21029,-39.78869]]}},{"type":"Feature","properties":{"nombre":"Santa Elvira","jerarquia":3},"geometry":{"type":"LineString","coordinates":[[-73.20901,-39.78984],[-73.20975,-39.78917]]}},{"type":"Feature","properties":{"nombre":"","jerarquia":3},"geometry":{"type":"LineString","coordinates":[[-73.21019,-39.78831],[-73.21053,-39.78834]]}},{"type":"Feature","properties":{"nombre":"","jerarquia":3},"geometry":{"type":"LineString","coordinates":[[-73.21053,-39.78834],[-73.2107,-39.7883]]}},{"type":"Feature","properties":{"nombre":"","jerarquia":3},"geometry":{"type":"LineString","coordinates":[[-73.21075,-39.78839],[-73.21074,-39.78859]]}},{"type":"Feature","properties":{"nombre":"","jerarquia":3},"geometry":{"type":"LineString","coordinates":[[-73.21074,-39.78859],[-73.21077,-39.7887]]}},{"type":"Feature","properties":{"nombre":"Santa Elvira","jerarquia":3},"geometry":{"type":"LineString","coordinates":[[-73.20822,-39.79052],[-73.20901,-39.78984]]}},{"type":"Feature","properties":{"nombre":"Santa Elvira","jerarquia":3},"geometry":{"type":"LineString","coordinates":[[-73.21116,-39.788],[-73.21096,-39.78819]]}},{"type":"Feature","properties":{"nombre":"Santa Elvira","jerarquia":3},"geometry":{"type":"LineString","coordinates":[[-73.2011,-39.80467],[-73.2011,-39.8046]]}},{"type":"Feature","properties":{"nombre":"Santa Elvira","jerarquia":3},"geometry":{"type":"LineString","coordinates":[[-73.2011,-39.8046],[-73.20108,-39.80441]]}},{"type":"Feature","properties":{"nombre":"Santa Elvira","jerarquia":3},"geometry":{"type":"LineString","coordinates":[[-73.20108,-39.80441],[-73.201,-39.80298],[-73.20102,-39.80276]]}},{"type":"Feature","properties":{"nombre":"Ruta 204","jerarquia":3},"geometry":{"type":"LineString","coordinates":[[-73.20008,-39.80467],[-73.2008,-39.80461]]}},{"type":"Feature","properties":{"nombre":"Ruta 204","jerarquia":3},"geometry":{"type":"LineString","coordinates":[[-73.2008,-39.80461],[-73.2011,-39.8046]]}},{"type":"Feature","properties":{"nombre":"Ruta 204","jerarquia":3},"geometry":{"type":"LineString","coordinates":[[-73.2011,-39.8046],[-73.20122,-39.8046]]}},{"type":"Feature","properties":{"nombre":"Ruta 204","jerarquia":3},"geometry":{"type":"LineString","coordinates":[[-73.20123,-39.80466],[-73.2011,-39.80467]]}},{"type":"Feature","properties":{"nombre":"Ruta 204","jerarquia":3},"geometry":{"type":"LineString","coordinates":[[-73.2011,-39.80467],[-73.20094,-39.80467]]}},{"type":"Feature","properties":{"nombre":"Ruta 204","jerarquia":3},"geometry":{"type":"LineString","coordinates":[[-73.20094,-39.80467],[-73.20025,-39.8047],[-73.20008,-39.80467]]}},{"type":"Feature","properties":{"nombre":"Santa Elvira","jerarquia":3},"geometry":{"type":"LineString","coordinates":[[-73.20102,-39.80276],[-73.20108,-39.80298],[-73.20122,-39.8046]]}},{"type":"Feature","properties":{"nombre":"Ruta 204","jerarquia":3},"geometry":{"type":"LineString","coordinates":[[-73.20122,-39.8046],[-73.20123,-39.80466]]}},{"type":"Feature","properties":{"nombre":"Ruta 204","jerarquia":3},"geometry":{"type":"LineString","coordinates":[[-73.20123,-39.80466],[-73.20129,-39.80528],[-73.20173,-39.80644]]}},{"type":"Feature","properties":{"nombre":"","jerarquia":3},"geometry":{"type":"LineString","coordinates":[[-73.2008,-39.80461],[-73.20099,-39.80455],[-73.20108,-39.80441]]}},{"type":"Feature","properties":{"nombre":"","jerarquia":3},"geometry":{"type":"LineString","coordinates":[[-73.20113,-39.80487],[-73.20094,-39.80467]]}},{"type":"Feature","properties":{"nombre":"Intendente Luis Damann Asenjo","jerarquia":5},"geometry":{"type":"LineString","coordinates":[[-73.22966,-39.85201],[-73.23026,-39.85158]]}},{"type":"Feature","properties":{"nombre":"Intendente Luis Damann Asenjo","jerarquia":5},"geometry":{"type":"LineString","coordinates":[[-73.22746,-39.85386],[-73.2275,-39.85383]]}},{"type":"Feature","properties":{"nombre":"Intendente Luis Damann Asenjo","jerarquia":5},"geometry":{"type":"LineString","coordinates":[[-73.2275,-39.85383],[-73.22805,-39.85337]]}},{"type":"Feature","properties":{"nombre":"Intendente Luis Damann Asenjo","jerarquia":5},"geometry":{"type":"LineString","coordinates":[[-73.22805,-39.85337],[-73.22843,-39.85306]]}},{"type":"Feature","properties":{"nombre":"Intendente Luis Damann Asenjo","jerarquia":5},"geometry":{"type":"LineString","coordinates":[[-73.22843,-39.85306],[-73.22875,-39.8528]]}},{"type":"Feature","properties":{"nombre":"Intendente Luis Damann Asenjo","jerarquia":5},"geometry":{"type":"LineString","coordinates":[[-73.22875,-39.8528],[-73.22879,-39.85277]]}},{"type":"Feature","properties":{"nombre":"Intendente Luis Damann Asenjo","jerarquia":5},"geometry":{"type":"LineString","coordinates":[[-73.23026,-39.85158],[-73.2307,-39.8513],[-73.23102,-39.85119]]}},{"type":"Feature","properties":{"nombre":"Intendente Luis Damann Asenjo","jerarquia":5},"geometry":{"type":"LineString","coordinates":[[-73.23102,-39.85119],[-73.23143,-39.85111]]}},{"type":"Feature","properties":{"nombre":"Intendente Luis Damann Asenjo","jerarquia":5},"geometry":{"type":"LineString","coordinates":[[-73.23143,-39.85111],[-73.23146,-39.8511]]}},{"type":"Feature","properties":{"nombre":"Avenida Circunvalación Sur","jerarquia":4},"geometry":{"type":"LineString","coordinates":[[-73.2329,-39.84514],[-73.23231,-39.84506]]}},{"type":"Feature","properties":{"nombre":"Avenida Circunvalación Sur","jerarquia":4},"geometry":{"type":"LineString","coordinates":[[-73.23231,-39.84506],[-73.23215,-39.84503]]}},{"type":"Feature","properties":{"nombre":"Avenida Circunvalación Sur","jerarquia":4},"geometry":{"type":"LineString","coordinates":[[-73.23218,-39.84489],[-73.23286,-39.84501]]}},{"type":"Feature","properties":{"nombre":"Avenida Italia","jerarquia":5},"geometry":{"type":"LineString","coordinates":[[-73.23937,-39.83266],[-73.23926,-39.83275]]}},{"type":"Feature","properties":{"nombre":"Lord Cochrane","jerarquia":4},"geometry":{"type":"LineString","coordinates":[[-73.24328,-39.81977],[-73.24268,-39.8199]]}},{"type":"Feature","properties":{"nombre":"","jerarquia":2},"geometry":{"type":"LineString","coordinates":[[-73.20654,-39.84089],[-73.20632,-39.84093]]}},{"type":"Feature","properties":{"nombre":"Donald Canter","jerarquia":4},"geometry":{"type":"LineString","coordinates":[[-73.20159,-39.83419],[-73.20147,-39.83447]]}},{"type":"Feature","properties":{"nombre":"Donald Canter","jerarquia":4},"geometry":{"type":"LineString","coordinates":[[-73.20147,-39.83447],[-73.20068,-39.83542]]}},{"type":"Feature","properties":{"nombre":"Donald Canter","jerarquia":4},"geometry":{"type":"LineString","coordinates":[[-73.20068,-39.83542],[-73.20015,-39.83609]]}},{"type":"Feature","properties":{"nombre":"Donald Canter","jerarquia":4},"geometry":{"type":"LineString","coordinates":[[-73.19903,-39.83752],[-73.19927,-39.83708],[-73.19946,-39.83683]]}},{"type":"Feature","properties":{"nombre":"Donald Canter","jerarquia":4},"geometry":{"type":"LineString","coordinates":[[-73.19946,-39.83683],[-73.20003,-39.83602]]}},{"type":"Feature","properties":{"nombre":"Coronel Santiago Bueras","jerarquia":4},"geometry":{"type":"LineString","coordinates":[[-73.23842,-39.8293],[-73.23756,-39.82878]]}},{"type":"Feature","properties":{"nombre":"Tornagaleones","jerarquia":4},"geometry":{"type":"LineString","coordinates":[[-73.39323,-39.86375],[-73.3927,-39.864]]}},{"type":"Feature","properties":{"nombre":"Tornagaleones","jerarquia":4},"geometry":{"type":"LineString","coordinates":[[-73.3927,-39.864],[-73.39261,-39.86404]]}},{"type":"Feature","properties":{"nombre":"Del Castillo","jerarquia":4},"geometry":{"type":"LineString","coordinates":[[-73.39815,-39.8666],[-73.39611,-39.86583]]}},{"type":"Feature","properties":{"nombre":"Del Castillo","jerarquia":4},"geometry":{"type":"LineString","coordinates":[[-73.39611,-39.86583],[-73.39552,-39.86553]]}},{"type":"Feature","properties":{"nombre":"Del Castillo","jerarquia":4},"geometry":{"type":"LineString","coordinates":[[-73.39552,-39.86553],[-73.39493,-39.86521]]}},{"type":"Feature","properties":{"nombre":"Del Castillo","jerarquia":4},"geometry":{"type":"LineString","coordinates":[[-73.39493,-39.86521],[-73.39388,-39.8647]]}},{"type":"Feature","properties":{"nombre":"Del Castillo","jerarquia":4},"geometry":{"type":"LineString","coordinates":[[-73.39388,-39.8647],[-73.39323,-39.86375]]}},{"type":"Feature","properties":{"nombre":"Del Castillo","jerarquia":4},"geometry":{"type":"LineString","coordinates":[[-73.39308,-39.87337],[-73.39397,-39.8735],[-73.3944,-39.87366],[-73.39478,-39.87387]]}},{"type":"Feature","properties":{"nombre":"Ruta T-350","jerarquia":3},"geometry":{"type":"LineString","coordinates":[[-73.38773,-39.87553],[-73.38831,-39.87542],[-73.38875,-39.87517],[-73.38922,-39.87475],[-73.38953,-39.8742],[-73.38977,-39.87397],[-73.39088,-39.87364]]}},{"type":"Feature","properties":{"nombre":"Ruta T-350","jerarquia":3},"geometry":{"type":"LineString","coordinates":[[-73.39088,-39.87364],[-73.39181,-39.87342],[-73.39308,-39.87337]]}},{"type":"Feature","properties":{"nombre":"Ruta T-350","jerarquia":3},"geometry":{"type":"LineString","coordinates":[[-73.38691,-39.87568],[-73.38635,-39.87581],[-73.38604,-39.87574]]}},{"type":"Feature","properties":{"nombre":"Avenida Circunvalación Sur","jerarquia":4},"geometry":{"type":"LineString","coordinates":[[-73.20248,-39.84457],[-73.20236,-39.84449]]}},{"type":"Feature","properties":{"nombre":"Avenida Circunvalación Sur","jerarquia":4},"geometry":{"type":"LineString","coordinates":[[-73.20236,-39.84449],[-73.20226,-39.84441]]}},{"type":"Feature","properties":{"nombre":"Avenida Circunvalación Sur","jerarquia":4},"geometry":{"type":"LineString","coordinates":[[-73.20229,-39.84425],[-73.20234,-39.84429]]}},{"type":"Feature","properties":{"nombre":"Avenida Circunvalación Sur","jerarquia":4},"geometry":{"type":"LineString","coordinates":[[-73.20234,-39.84429],[-73.20238,-39.84432]]}},{"type":"Feature","properties":{"nombre":"","jerarquia":4},"geometry":{"type":"LineString","coordinates":[[-73.21089,-39.84936],[-73.21118,-39.8494],[-73.21136,-39.84934]]}},{"type":"Feature","properties":{"nombre":"","jerarquia":4},"geometry":{"type":"LineString","coordinates":[[-73.21129,-39.84944],[-73.21127,-39.84977]]}},{"type":"Feature","properties":{"nombre":"","jerarquia":2},"geometry":{"type":"LineString","coordinates":[[-73.20248,-39.84457],[-73.20222,-39.84453]]}},{"type":"Feature","properties":{"nombre":"","jerarquia":2},"geometry":{"type":"LineString","coordinates":[[-73.20222,-39.84453],[-73.20213,-39.84452]]}},{"type":"Feature","properties":{"nombre":"","jerarquia":2},"geometry":{"type":"LineString","coordinates":[[-73.20258,-39.84415],[-73.20253,-39.84428],[-73.20255,-39.8444]]}},{"type":"Feature","properties":{"nombre":"","jerarquia":2},"geometry":{"type":"LineString","coordinates":[[-73.20255,-39.8444],[-73.2026,-39.84448]]}},{"type":"Feature","properties":{"nombre":"Avenida Circunvalación Sur","jerarquia":4},"geometry":{"type":"LineString","coordinates":[[-73.211,-39.84963],[-73.2111,-39.84956]]}},{"type":"Feature","properties":{"nombre":"","jerarquia":5},"geometry":{"type":"LineString","coordinates":[[-73.21173,-39.85209],[-73.21162,-39.8521]]}},{"type":"Feature","properties":{"nombre":"","jerarquia":5},"geometry":{"type":"LineString","coordinates":[[-73.21213,-39.85423],[-73.21222,-39.8541],[-73.21221,-39.85391]]}},{"type":"Feature","properties":{"nombre":"","jerarquia":5},"geometry":{"type":"LineString","coordinates":[[-73.21245,-39.85429],[-73.21213,-39.85423]]}},{"type":"Feature","properties":{"nombre":"","jerarquia":3},"geometry":{"type":"LineString","coordinates":[[-73.20218,-39.79581],[-73.20196,-39.79581]]}},{"type":"Feature","properties":{"nombre":"","jerarquia":3},"geometry":{"type":"LineString","coordinates":[[-73.20196,-39.79581],[-73.20178,-39.79584]]}},{"type":"Feature","properties":{"nombre":"","jerarquia":3},"geometry":{"type":"LineString","coordinates":[[-73.20221,-39.79553],[-73.20217,-39.79572]]}},{"type":"Feature","properties":{"nombre":"","jerarquia":3},"geometry":{"type":"LineString","coordinates":[[-73.20217,-39.79572],[-73.20218,-39.79581]]}},{"type":"Feature","properties":{"nombre":"","jerarquia":3},"geometry":{"type":"LineString","coordinates":[[-73.20184,-39.79551],[-73.20209,-39.79554]]}},{"type":"Feature","properties":{"nombre":"","jerarquia":3},"geometry":{"type":"LineString","coordinates":[[-73.20209,-39.79554],[-73.20221,-39.79553]]}},{"type":"Feature","properties":{"nombre":"","jerarquia":3},"geometry":{"type":"LineString","coordinates":[[-73.20178,-39.79584],[-73.20185,-39.79562]]}},{"type":"Feature","properties":{"nombre":"","jerarquia":3},"geometry":{"type":"LineString","coordinates":[[-73.20185,-39.79562],[-73.20184,-39.79551]]}},{"type":"Feature","properties":{"nombre":"","jerarquia":5},"geometry":{"type":"LineString","coordinates":[[-73.207,-39.82731],[-73.20661,-39.82704]]}},{"type":"Feature","properties":{"nombre":"","jerarquia":4},"geometry":{"type":"LineString","coordinates":[[-73.23746,-39.83598],[-73.23772,-39.83608]]}},{"type":"Feature","properties":{"nombre":"","jerarquia":4},"geometry":{"type":"LineString","coordinates":[[-73.23772,-39.83608],[-73.23776,-39.8361]]}},{"type":"Feature","properties":{"nombre":"Avenida Simpson","jerarquia":4},"geometry":{"type":"LineString","coordinates":[[-73.24583,-39.83671],[-73.24615,-39.83694]]}},{"type":"Feature","properties":{"nombre":"Avenida Simpson","jerarquia":4},"geometry":{"type":"LineString","coordinates":[[-73.24615,-39.83694],[-73.24626,-39.83708],[-73.24641,-39.83767],[-73.24636,-39.83782],[-73.24592,-39.83841],[-73.24581,-39.83915]]}},{"type":"Feature","properties":{"nombre":"Avenida Simpson","jerarquia":4},"geometry":{"type":"LineString","coordinates":[[-73.24581,-39.83915],[-73.2458,-39.83927]]}},{"type":"Feature","properties":{"nombre":"Avenida Simpson","jerarquia":4},"geometry":{"type":"LineString","coordinates":[[-73.2458,-39.83927],[-73.24579,-39.83987],[-73.24593,-39.84047],[-73.2461,-39.84096]]}},{"type":"Feature","properties":{"nombre":"Avenida Simpson","jerarquia":4},"geometry":{"type":"LineString","coordinates":[[-73.24578,-39.83668],[-73.24583,-39.83671]]}},{"type":"Feature","properties":{"nombre":"Ruta T-360","jerarquia":5},"geometry":{"type":"LineString","coordinates":[[-73.2964,-39.74918],[-73.29773,-39.75051]]}},{"type":"Feature","properties":{"nombre":"Ruta 202","jerarquia":2},"geometry":{"type":"LineString","coordinates":[[-73.21801,-39.77572],[-73.21281,-39.78499]]}},{"type":"Feature","properties":{"nombre":"Ruta 206","jerarquia":2},"geometry":{"type":"LineString","coordinates":[[-73.13637,-39.90833],[-73.13642,-39.90825]]}},{"type":"Feature","properties":{"nombre":"Ruta 206","jerarquia":2},"geometry":{"type":"LineString","coordinates":[[-73.13642,-39.90825],[-73.13671,-39.90784],[-73.13695,-39.90759],[-73.13734,-39.90728],[-73.13778,-39.90703]]}},{"type":"Feature","properties":{"nombre":"Ruta 206","jerarquia":2},"geometry":{"type":"LineString","coordinates":[[-73.13778,-39.90703],[-73.13898,-39.90663]]}},{"type":"Feature","properties":{"nombre":"Ruta 206","jerarquia":2},"geometry":{"type":"LineString","coordinates":[[-73.14598,-39.89534],[-73.14694,-39.89347],[-73.14727,-39.89295],[-73.14763,-39.89252],[-73.14848,-39.89167],[-73.14968,-39.89038]]}},{"type":"Feature","properties":{"nombre":"Circunvalación Nueva Región","jerarquia":4},"geometry":{"type":"LineString","coordinates":[[-73.25064,-39.85044],[-73.25045,-39.85057]]}},{"type":"Feature","properties":{"nombre":"Circunvalación Nueva Región","jerarquia":4},"geometry":{"type":"LineString","coordinates":[[-73.25045,-39.85057],[-73.2489,-39.85156]]}},{"type":"Feature","properties":{"nombre":"Circunvalación Nueva Región","jerarquia":4},"geometry":{"type":"LineString","coordinates":[[-73.2489,-39.85156],[-73.24866,-39.85175]]}},{"type":"Feature","properties":{"nombre":"Circunvalación Nueva Región","jerarquia":4},"geometry":{"type":"LineString","coordinates":[[-73.25364,-39.84752],[-73.25341,-39.84799]]}},{"type":"Feature","properties":{"nombre":"Yungay","jerarquia":4},"geometry":{"type":"LineString","coordinates":[[-73.24787,-39.81443],[-73.24798,-39.81486]]}},{"type":"Feature","properties":{"nombre":"Yungay","jerarquia":4},"geometry":{"type":"LineString","coordinates":[[-73.24798,-39.81486],[-73.24814,-39.81563]]}},{"type":"Feature","properties":{"nombre":"Yungay","jerarquia":4},"geometry":{"type":"LineString","coordinates":[[-73.24814,-39.81563],[-73.24822,-39.81598]]}},{"type":"Feature","properties":{"nombre":"Avenida Bolivia","jerarquia":5},"geometry":{"type":"LineString","coordinates":[[-73.20804,-39.82356],[-73.20845,-39.82339]]}},{"type":"Feature","properties":{"nombre":"Avenida Bolivia","jerarquia":5},"geometry":{"type":"LineString","coordinates":[[-73.20845,-39.82339],[-73.20882,-39.82324]]}},{"type":"Feature","properties":{"nombre":"Avenida Bolivia","jerarquia":5},"geometry":{"type":"LineString","coordinates":[[-73.20882,-39.82324],[-73.20919,-39.8231]]}},{"type":"Feature","properties":{"nombre":"Avenida Bolivia","jerarquia":5},"geometry":{"type":"LineString","coordinates":[[-73.20919,-39.8231],[-73.20956,-39.82295]]}},{"type":"Feature","properties":{"nombre":"Avenida Bolivia","jerarquia":5},"geometry":{"type":"LineString","coordinates":[[-73.20956,-39.82295],[-73.20988,-39.82282]]}},{"type":"Feature","properties":{"nombre":"Avenida Bolivia","jerarquia":5},"geometry":{"type":"LineString","coordinates":[[-73.20988,-39.82282],[-73.211,-39.82238]]}},{"type":"Feature","properties":{"nombre":"Los Girasoles","jerarquia":3},"geometry":{"type":"LineString","coordinates":[[-73.20804,-39.82356],[-73.20809,-39.82364]]}},{"type":"Feature","properties":{"nombre":"Ecuador","jerarquia":4},"geometry":{"type":"LineString","coordinates":[[-73.21215,-39.81962],[-73.21516,-39.82229],[-73.21525,-39.82251],[-73.21515,-39.82292],[-73.21517,-39.82309],[-73.21572,-39.82361]]}},{"type":"Feature","properties":{"nombre":"General Alberto Montecino Caro","jerarquia":5},"geometry":{"type":"LineString","coordinates":[[-73.22811,-39.84416],[-73.22805,-39.84412],[-73.22815,-39.84373],[-73.22776,-39.84362],[-73.22787,-39.8432]]}},{"type":"Feature","properties":{"nombre":"General Alberto Montecino Caro","jerarquia":5},"geometry":{"type":"LineString","coordinates":[[-73.22787,-39.8432],[-73.22797,-39.84287]]}},{"type":"Feature","properties":{"nombre":"Avenida Francia","jerarquia":4},"geometry":{"type":"LineString","coordinates":[[-73.23732,-39.83632],[-73.23776,-39.8361]]}},{"type":"Feature","properties":{"nombre":"Avenida Francia","jerarquia":4},"geometry":{"type":"LineString","coordinates":[[-73.23776,-39.8361],[-73.23899,-39.83544]]}},{"type":"Feature","properties":{"nombre":"Avenida Italia","jerarquia":5},"geometry":{"type":"LineString","coordinates":[[-73.23726,-39.83647],[-73.23732,-39.83632]]}},{"type":"Feature","properties":{"nombre":"Avenida Italia","jerarquia":5},"geometry":{"type":"LineString","coordinates":[[-73.23732,-39.83632],[-73.23734,-39.83629]]}},{"type":"Feature","properties":{"nombre":"Avenida Italia","jerarquia":5},"geometry":{"type":"LineString","coordinates":[[-73.23734,-39.83629],[-73.23746,-39.83598]]}},{"type":"Feature","properties":{"nombre":"Avenida Simpson","jerarquia":4},"geometry":{"type":"LineString","coordinates":[[-73.24091,-39.83359],[-73.24101,-39.83367]]}},{"type":"Feature","properties":{"nombre":"Avenida Francia","jerarquia":4},"geometry":{"type":"LineString","coordinates":[[-73.24082,-39.83367],[-73.24091,-39.83359]]}},{"type":"Feature","properties":{"nombre":"Avenida Simpson","jerarquia":4},"geometry":{"type":"LineString","coordinates":[[-73.24094,-39.83373],[-73.24082,-39.83367]]}},{"type":"Feature","properties":{"nombre":"Avenida Francia","jerarquia":4},"geometry":{"type":"LineString","coordinates":[[-73.23911,-39.83549],[-73.23901,-39.83554]]}},{"type":"Feature","properties":{"nombre":"Avenida Francia","jerarquia":4},"geometry":{"type":"LineString","coordinates":[[-73.23901,-39.83554],[-73.23822,-39.83596]]}},{"type":"Feature","properties":{"nombre":"Avenida Francia","jerarquia":4},"geometry":{"type":"LineString","coordinates":[[-73.23822,-39.83596],[-73.23757,-39.8363]]}},{"type":"Feature","properties":{"nombre":"Avenida Francia","jerarquia":4},"geometry":{"type":"LineString","coordinates":[[-73.23757,-39.8363],[-73.23726,-39.83647]]}},{"type":"Feature","properties":{"nombre":"Avenida Francia","jerarquia":4},"geometry":{"type":"LineString","coordinates":[[-73.24101,-39.83367],[-73.24094,-39.83373]]}},{"type":"Feature","properties":{"nombre":"Coronel Santiago Bueras","jerarquia":4},"geometry":{"type":"LineString","coordinates":[[-73.23759,-39.82875],[-73.23845,-39.82928]]}},{"type":"Feature","properties":{"nombre":"Avenida Los Laureles","jerarquia":5},"geometry":{"type":"LineString","coordinates":[[-73.25224,-39.81095],[-73.25222,-39.81089]]}},{"type":"Feature","properties":{"nombre":"","jerarquia":3},"geometry":{"type":"LineString","coordinates":[[-73.23119,-39.82001],[-73.23125,-39.8202]]}},{"type":"Feature","properties":{"nombre":"","jerarquia":4},"geometry":{"type":"LineString","coordinates":[[-73.2494,-39.84581],[-73.24926,-39.84583]]}},{"type":"Feature","properties":{"nombre":"","jerarquia":4},"geometry":{"type":"LineString","coordinates":[[-73.25017,-39.84723],[-73.24994,-39.84689],[-73.24994,-39.84682]]}},{"type":"Feature","properties":{"nombre":"","jerarquia":4},"geometry":{"type":"LineString","coordinates":[[-73.24994,-39.84682],[-73.24998,-39.84679]]}},{"type":"Feature","properties":{"nombre":"Avenida Simpson","jerarquia":4},"geometry":{"type":"LineString","coordinates":[[-73.23615,-39.83059],[-73.23589,-39.83038]]}},{"type":"Feature","properties":{"nombre":"Avenida Simpson","jerarquia":4},"geometry":{"type":"LineString","coordinates":[[-73.24077,-39.83365],[-73.23926,-39.83275]]}},{"type":"Feature","properties":{"nombre":"Avenida Simpson","jerarquia":4},"geometry":{"type":"LineString","coordinates":[[-73.23926,-39.83275],[-73.23856,-39.83232]]}},{"type":"Feature","properties":{"nombre":"Avenida Simpson","jerarquia":4},"geometry":{"type":"LineString","coordinates":[[-73.23856,-39.83232],[-73.23761,-39.83172]]}},{"type":"Feature","properties":{"nombre":"Avenida Circunvalación Sur","jerarquia":4},"geometry":{"type":"LineString","coordinates":[[-73.22316,-39.84365],[-73.22238,-39.84396]]}},{"type":"Feature","properties":{"nombre":"Avenida Circunvalación Sur","jerarquia":4},"geometry":{"type":"LineString","coordinates":[[-73.22238,-39.84396],[-73.22229,-39.844]]}},{"type":"Feature","properties":{"nombre":"","jerarquia":3},"geometry":{"type":"LineString","coordinates":[[-73.2991,-39.84348],[-73.29911,-39.84338],[-73.29906,-39.84332]]}},{"type":"Feature","properties":{"nombre":"","jerarquia":3},"geometry":{"type":"LineString","coordinates":[[-73.29906,-39.84332],[-73.29898,-39.84327]]}},{"type":"Feature","properties":{"nombre":"","jerarquia":3},"geometry":{"type":"LineString","coordinates":[[-73.29958,-39.84333],[-73.29937,-39.84338],[-73.29923,-39.8435]]}},{"type":"Feature","properties":{"nombre":"Ruta T-350","jerarquia":3},"geometry":{"type":"LineString","coordinates":[[-73.32895,-39.85489],[-73.33039,-39.85489]]}},{"type":"Feature","properties":{"nombre":"Ruta T-350","jerarquia":3},"geometry":{"type":"LineString","coordinates":[[-73.33306,-39.85491],[-73.33346,-39.85502],[-73.33371,-39.85517]]}},{"type":"Feature","properties":{"nombre":"Ruta T-350","jerarquia":3},"geometry":{"type":"LineString","coordinates":[[-73.33478,-39.8567],[-73.33499,-39.85696],[-73.33534,-39.85724],[-73.33677,-39.85777]]}},{"type":"Feature","properties":{"nombre":"Ruta T-350","jerarquia":3},"geometry":{"type":"LineString","coordinates":[[-73.32507,-39.85385],[-73.32586,-39.8543],[-73.32708,-39.85471],[-73.32794,-39.85485],[-73.32895,-39.85489]]}},{"type":"Feature","properties":{"nombre":"Ruta T-350","jerarquia":3},"geometry":{"type":"LineString","coordinates":[[-73.28841,-39.84301],[-73.28963,-39.84336]]}},{"type":"Feature","properties":{"nombre":"Ruta T-350","jerarquia":3},"geometry":{"type":"LineString","coordinates":[[-73.27039,-39.83209],[-73.27043,-39.83255]]}},{"type":"Feature","properties":{"nombre":"Avenida René Schneider","jerarquia":4},"geometry":{"type":"LineString","coordinates":[[-73.22057,-39.83091],[-73.2205,-39.83135]]}},{"type":"Feature","properties":{"nombre":"Avenida René Schneider","jerarquia":4},"geometry":{"type":"LineString","coordinates":[[-73.2205,-39.83135],[-73.2204,-39.83215],[-73.22038,-39.83267]]}},{"type":"Feature","properties":{"nombre":"Avenida René Schneider","jerarquia":4},"geometry":{"type":"LineString","coordinates":[[-73.22038,-39.83267],[-73.22038,-39.83307]]}},{"type":"Feature","properties":{"nombre":"Avenida René Schneider","jerarquia":4},"geometry":{"type":"LineString","coordinates":[[-73.22038,-39.83307],[-73.22038,-39.83337]]}},{"type":"Feature","properties":{"nombre":"Avenida René Schneider","jerarquia":4},"geometry":{"type":"LineString","coordinates":[[-73.22038,-39.83337],[-73.22038,-39.83415]]}},{"type":"Feature","properties":{"nombre":"Avenida René Schneider","jerarquia":4},"geometry":{"type":"LineString","coordinates":[[-73.22038,-39.83415],[-73.22037,-39.83442]]}},{"type":"Feature","properties":{"nombre":"Avenida René Schneider","jerarquia":4},"geometry":{"type":"LineString","coordinates":[[-73.22037,-39.83442],[-73.22037,-39.83456]]}},{"type":"Feature","properties":{"nombre":"Avenida René Schneider","jerarquia":4},"geometry":{"type":"LineString","coordinates":[[-73.22037,-39.83456],[-73.22033,-39.83513]]}},{"type":"Feature","properties":{"nombre":"Avenida René Schneider","jerarquia":4},"geometry":{"type":"LineString","coordinates":[[-73.22033,-39.83513],[-73.22027,-39.83546]]}},{"type":"Feature","properties":{"nombre":"Avenida René Schneider","jerarquia":4},"geometry":{"type":"LineString","coordinates":[[-73.22027,-39.83546],[-73.2202,-39.83568]]}},{"type":"Feature","properties":{"nombre":"Avenida René Schneider","jerarquia":4},"geometry":{"type":"LineString","coordinates":[[-73.2202,-39.83568],[-73.22013,-39.8359]]}},{"type":"Feature","properties":{"nombre":"Avenida René Schneider","jerarquia":4},"geometry":{"type":"LineString","coordinates":[[-73.22013,-39.8359],[-73.22008,-39.83601]]}},{"type":"Feature","properties":{"nombre":"Avenida René Schneider","jerarquia":4},"geometry":{"type":"LineString","coordinates":[[-73.22008,-39.83601],[-73.21998,-39.83621]]}},{"type":"Feature","properties":{"nombre":"Avenida René Schneider","jerarquia":4},"geometry":{"type":"LineString","coordinates":[[-73.21998,-39.83621],[-73.21988,-39.83634]]}},{"type":"Feature","properties":{"nombre":"Avenida Circunvalación Oriente","jerarquia":4},"geometry":{"type":"LineString","coordinates":[[-73.20125,-39.83043],[-73.20113,-39.82996],[-73.20117,-39.82968],[-73.20128,-39.82945],[-73.20262,-39.82812],[-73.20306,-39.82751],[-73.20323,-39.82701],[-73.2035,-39.82561],[-73.20365,-39.82524],[-73.20378,-39.82507],[-73.20416,-39.82473],[-73.20499,-39.82419],[-73.20546,-39.82382],[-73.20575,-39.82339],[-73.20586,-39.82303],[-73.20588,-39.82279],[-73.20564,-39.82165],[-73.20564,-39.82132],[-73.20571,-39.82103],[-73.20616,-39.82005]]}},{"type":"Feature","properties":{"nombre":"Avenida Circunvalación Oriente","jerarquia":4},"geometry":{"type":"LineString","coordinates":[[-73.20616,-39.82005],[-73.20619,-39.81966]]}},{"type":"Feature","properties":{"nombre":"Avenida Circunvalación Oriente","jerarquia":4},"geometry":{"type":"LineString","coordinates":[[-73.20619,-39.81966],[-73.20616,-39.81931],[-73.2059,-39.81873]]}},{"type":"Feature","properties":{"nombre":"Circunvalación Nueva Región","jerarquia":5},"geometry":{"type":"LineString","coordinates":[[-73.21235,-39.85415],[-73.21221,-39.85391]]}},{"type":"Feature","properties":{"nombre":"Circunvalación Nueva Región","jerarquia":5},"geometry":{"type":"LineString","coordinates":[[-73.21221,-39.85391],[-73.21191,-39.8533],[-73.21172,-39.85257]]}},{"type":"Feature","properties":{"nombre":"Circunvalación Nueva Región","jerarquia":5},"geometry":{"type":"LineString","coordinates":[[-73.21172,-39.85257],[-73.2117,-39.85249]]}},{"type":"Feature","properties":{"nombre":"Circunvalación Nueva Región","jerarquia":5},"geometry":{"type":"LineString","coordinates":[[-73.2117,-39.85249],[-73.21162,-39.8521]]}},{"type":"Feature","properties":{"nombre":"Circunvalación Nueva Región","jerarquia":5},"geometry":{"type":"LineString","coordinates":[[-73.21162,-39.8521],[-73.21156,-39.85187],[-73.21151,-39.85129]]}},{"type":"Feature","properties":{"nombre":"Circunvalación Nueva Región","jerarquia":5},"geometry":{"type":"LineString","coordinates":[[-73.21151,-39.85129],[-73.21121,-39.84993]]}},{"type":"Feature","properties":{"nombre":"Circunvalación Nueva Región","jerarquia":5},"geometry":{"type":"LineString","coordinates":[[-73.21121,-39.84993],[-73.211,-39.84963]]}},{"type":"Feature","properties":{"nombre":"Circunvalación Nueva Región","jerarquia":5},"geometry":{"type":"LineString","coordinates":[[-73.2111,-39.84956],[-73.21127,-39.84977]]}},{"type":"Feature","properties":{"nombre":"Intendente Luis Damann Asenjo","jerarquia":5},"geometry":{"type":"LineString","coordinates":[[-73.22886,-39.85274],[-73.22879,-39.85277]]}},{"type":"Feature","properties":{"nombre":"Avenida Alemania","jerarquia":3},"geometry":{"type":"LineString","coordinates":[[-73.24133,-39.81301],[-73.23966,-39.81323]]}},{"type":"Feature","properties":{"nombre":"Avenida Alemania","jerarquia":3},"geometry":{"type":"LineString","coordinates":[[-73.24153,-39.81298],[-73.24133,-39.81301]]}},{"type":"Feature","properties":{"nombre":"Avenida Alemania","jerarquia":3},"geometry":{"type":"LineString","coordinates":[[-73.24634,-39.81205],[-73.24583,-39.81222]]}},{"type":"Feature","properties":{"nombre":"Bernardo O'Higgins","jerarquia":4},"geometry":{"type":"LineString","coordinates":[[-73.24583,-39.81222],[-73.24577,-39.8119]]}},{"type":"Feature","properties":{"nombre":"O'Higgins","jerarquia":4},"geometry":{"type":"LineString","coordinates":[[-73.24615,-39.81367],[-73.24602,-39.81299]]}},{"type":"Feature","properties":{"nombre":"O'Higgins","jerarquia":4},"geometry":{"type":"LineString","coordinates":[[-73.24615,-39.81385],[-73.24614,-39.8138]]}},{"type":"Feature","properties":{"nombre":"O'Higgins","jerarquia":4},"geometry":{"type":"LineString","coordinates":[[-73.24614,-39.8138],[-73.24615,-39.81367]]}},{"type":"Feature","properties":{"nombre":"Camilo Henríquez","jerarquia":5},"geometry":{"type":"LineString","coordinates":[[-73.24497,-39.81201],[-73.24508,-39.81244]]}},{"type":"Feature","properties":{"nombre":"Camilo Henríquez","jerarquia":5},"geometry":{"type":"LineString","coordinates":[[-73.24508,-39.81244],[-73.24526,-39.8131]]}},{"type":"Feature","properties":{"nombre":"Camilo Henríquez","jerarquia":5},"geometry":{"type":"LineString","coordinates":[[-73.24526,-39.8131],[-73.24543,-39.81379]]}},{"type":"Feature","properties":{"nombre":"Camilo Henríquez","jerarquia":5},"geometry":{"type":"LineString","coordinates":[[-73.24543,-39.81379],[-73.24554,-39.81418]]}},{"type":"Feature","properties":{"nombre":"Camilo Henríquez","jerarquia":5},"geometry":{"type":"LineString","coordinates":[[-73.24554,-39.81418],[-73.24571,-39.81479]]}},{"type":"Feature","properties":{"nombre":"Camilo Henríquez","jerarquia":5},"geometry":{"type":"LineString","coordinates":[[-73.24571,-39.81479],[-73.24583,-39.81522]]}},{"type":"Feature","properties":{"nombre":"O'Higgins","jerarquia":4},"geometry":{"type":"LineString","coordinates":[[-73.24648,-39.81512],[-73.24637,-39.81468]]}},{"type":"Feature","properties":{"nombre":"Avenida Alemania","jerarquia":3},"geometry":{"type":"LineString","coordinates":[[-73.24583,-39.81222],[-73.24508,-39.81244]]}},{"type":"Feature","properties":{"nombre":"Yungay","jerarquia":4},"geometry":{"type":"LineString","coordinates":[[-73.24753,-39.81298],[-73.24768,-39.81354]]}},{"type":"Feature","properties":{"nombre":"Yungay","jerarquia":4},"geometry":{"type":"LineString","coordinates":[[-73.24746,-39.81279],[-73.24753,-39.81298]]}},{"type":"Feature","properties":{"nombre":"Avenida Arturo Prat","jerarquia":4},"geometry":{"type":"LineString","coordinates":[[-73.24803,-39.81257],[-73.24807,-39.81271]]}},{"type":"Feature","properties":{"nombre":"Avenida Arturo Prat","jerarquia":4},"geometry":{"type":"LineString","coordinates":[[-73.24777,-39.81184],[-73.24803,-39.81257]]}},{"type":"Feature","properties":{"nombre":"Avenida Arturo Prat","jerarquia":4},"geometry":{"type":"LineString","coordinates":[[-73.24766,-39.81159],[-73.24777,-39.81184]]}},{"type":"Feature","properties":{"nombre":"Avenida Ramón Picarte","jerarquia":5},"geometry":{"type":"LineString","coordinates":[[-73.23848,-39.81537],[-73.24017,-39.81491]]}},{"type":"Feature","properties":{"nombre":"Avenida Ramón Picarte","jerarquia":5},"geometry":{"type":"LineString","coordinates":[[-73.24017,-39.81491],[-73.24026,-39.81489]]}},{"type":"Feature","properties":{"nombre":"Avenida Alemania","jerarquia":3},"geometry":{"type":"LineString","coordinates":[[-73.23966,-39.81323],[-73.23945,-39.81326]]}},{"type":"Feature","properties":{"nombre":"Avenida Alemania","jerarquia":3},"geometry":{"type":"LineString","coordinates":[[-73.23945,-39.81326],[-73.23931,-39.81329]]}},{"type":"Feature","properties":{"nombre":"Avenida Alemania","jerarquia":3},"geometry":{"type":"LineString","coordinates":[[-73.24365,-39.81268],[-73.2422,-39.81289]]}},{"type":"Feature","properties":{"nombre":"Avenida Alemania","jerarquia":3},"geometry":{"type":"LineString","coordinates":[[-73.2422,-39.81289],[-73.24153,-39.81298]]}},{"type":"Feature","properties":{"nombre":"Caupolicán","jerarquia":5},"geometry":{"type":"LineString","coordinates":[[-73.24381,-39.81328],[-73.24366,-39.81273]]}},{"type":"Feature","properties":{"nombre":"Caupolicán","jerarquia":5},"geometry":{"type":"LineString","coordinates":[[-73.24366,-39.81273],[-73.24365,-39.81268]]}},{"type":"Feature","properties":{"nombre":"Caupolicán","jerarquia":5},"geometry":{"type":"LineString","coordinates":[[-73.24365,-39.81268],[-73.24352,-39.8122]]}},{"type":"Feature","properties":{"nombre":"Carlos Anwandter","jerarquia":5},"geometry":{"type":"LineString","coordinates":[[-73.24252,-39.81044],[-73.24303,-39.8102]]}},{"type":"Feature","properties":{"nombre":"Carlos Anwandter","jerarquia":5},"geometry":{"type":"LineString","coordinates":[[-73.24064,-39.81187],[-73.24165,-39.81108]]}},{"type":"Feature","properties":{"nombre":"Carlos Anwandter","jerarquia":5},"geometry":{"type":"LineString","coordinates":[[-73.24165,-39.81108],[-73.24252,-39.81044]]}},{"type":"Feature","properties":{"nombre":"Carlos Anwandter","jerarquia":5},"geometry":{"type":"LineString","coordinates":[[-73.23908,-39.81306],[-73.2398,-39.81248]]}},{"type":"Feature","properties":{"nombre":"Carlos Anwandter","jerarquia":5},"geometry":{"type":"LineString","coordinates":[[-73.2398,-39.81248],[-73.24011,-39.81225]]}},{"type":"Feature","properties":{"nombre":"Carlos Anwandter","jerarquia":5},"geometry":{"type":"LineString","coordinates":[[-73.24011,-39.81225],[-73.24064,-39.81187]]}},{"type":"Feature","properties":{"nombre":"Errázuriz","jerarquia":4},"geometry":{"type":"LineString","coordinates":[[-73.23579,-39.81723],[-73.23544,-39.81801]]}},{"type":"Feature","properties":{"nombre":"Beauchef","jerarquia":4},"geometry":{"type":"LineString","coordinates":[[-73.23653,-39.81743],[-73.23597,-39.81728]]}},{"type":"Feature","properties":{"nombre":"Beauchef","jerarquia":4},"geometry":{"type":"LineString","coordinates":[[-73.23759,-39.8177],[-73.23732,-39.81763]]}},{"type":"Feature","properties":{"nombre":"Beauchef","jerarquia":4},"geometry":{"type":"LineString","coordinates":[[-73.23732,-39.81763],[-73.23719,-39.8176]]}},{"type":"Feature","properties":{"nombre":"Beauchef","jerarquia":4},"geometry":{"type":"LineString","coordinates":[[-73.23719,-39.8176],[-73.23653,-39.81743]]}},{"type":"Feature","properties":{"nombre":"Errázuriz","jerarquia":4},"geometry":{"type":"LineString","coordinates":[[-73.23425,-39.81882],[-73.23415,-39.81884]]}},{"type":"Feature","properties":{"nombre":"Avenida Pedro Castelblanco","jerarquia":4},"geometry":{"type":"LineString","coordinates":[[-73.20038,-39.84305],[-73.20004,-39.84273],[-73.19972,-39.84221],[-73.19905,-39.84018],[-73.19892,-39.83961],[-73.19892,-39.83849]]}},{"type":"Feature","properties":{"nombre":"Pedro Aguirre Cerda","jerarquia":2},"geometry":{"type":"LineString","coordinates":[[-73.21147,-39.78886],[-73.21151,-39.78808]]}},{"type":"Feature","properties":{"nombre":"Pedro Aguirre Cerda","jerarquia":2},"geometry":{"type":"LineString","coordinates":[[-73.21158,-39.79037],[-73.21158,-39.79035]]}},{"type":"Feature","properties":{"nombre":"Pedro Aguirre Cerda","jerarquia":2},"geometry":{"type":"LineString","coordinates":[[-73.21158,-39.79035],[-73.21154,-39.79009]]}},{"type":"Feature","properties":{"nombre":"Pedro Aguirre Cerda","jerarquia":2},"geometry":{"type":"LineString","coordinates":[[-73.21154,-39.79009],[-73.21147,-39.78912]]}},{"type":"Feature","properties":{"nombre":"Pedro Aguirre Cerda","jerarquia":2},"geometry":{"type":"LineString","coordinates":[[-73.21162,-39.78982],[-73.21171,-39.79033]]}},{"type":"Feature","properties":{"nombre":"Pedro Aguirre Cerda","jerarquia":2},"geometry":{"type":"LineString","coordinates":[[-73.21157,-39.78901],[-73.21158,-39.78918]]}},{"type":"Feature","properties":{"nombre":"Pedro Aguirre Cerda","jerarquia":2},"geometry":{"type":"LineString","coordinates":[[-73.21158,-39.78918],[-73.21158,-39.78949]]}},{"type":"Feature","properties":{"nombre":"Pedro Aguirre Cerda","jerarquia":2},"geometry":{"type":"LineString","coordinates":[[-73.21158,-39.7886],[-73.21157,-39.78901]]}},{"type":"Feature","properties":{"nombre":"Ruta T-312","jerarquia":2},"geometry":{"type":"LineString","coordinates":[[-73.21157,-39.78901],[-73.21147,-39.78912]]}},{"type":"Feature","properties":{"nombre":"Ruta T-312","jerarquia":2},"geometry":{"type":"LineString","coordinates":[[-73.21147,-39.78912],[-73.21158,-39.78918]]}},{"type":"Feature","properties":{"nombre":"Santa Elvira","jerarquia":3},"geometry":{"type":"LineString","coordinates":[[-73.21096,-39.78819],[-73.21075,-39.78839]]}},{"type":"Feature","properties":{"nombre":"Ruta T-312","jerarquia":5},"geometry":{"type":"LineString","coordinates":[[-73.21077,-39.7887],[-73.21083,-39.78876]]}},{"type":"Feature","properties":{"nombre":"Ruta T-312","jerarquia":5},"geometry":{"type":"LineString","coordinates":[[-73.21095,-39.78891],[-73.21113,-39.78912]]}},{"type":"Feature","properties":{"nombre":"Ruta T-312","jerarquia":5},"geometry":{"type":"LineString","coordinates":[[-73.20968,-39.78808],[-73.20995,-39.7882]]}},{"type":"Feature","properties":{"nombre":"Ruta T-312","jerarquia":5},"geometry":{"type":"LineString","coordinates":[[-73.20995,-39.7882],[-73.21019,-39.78831]]}},{"type":"Feature","properties":{"nombre":"Ruta T-312","jerarquia":5},"geometry":{"type":"LineString","coordinates":[[-73.21083,-39.78876],[-73.21095,-39.78891]]}},{"type":"Feature","properties":{"nombre":"Ruta T-312","jerarquia":5},"geometry":{"type":"LineString","coordinates":[[-73.21057,-39.78855],[-73.21062,-39.78859]]}},{"type":"Feature","properties":{"nombre":"Ruta T-312","jerarquia":5},"geometry":{"type":"LineString","coordinates":[[-73.21062,-39.78859],[-73.21077,-39.7887]]}},{"type":"Feature","properties":{"nombre":"Ruta T-312","jerarquia":5},"geometry":{"type":"LineString","coordinates":[[-73.21049,-39.7885],[-73.21057,-39.78855]]}},{"type":"Feature","properties":{"nombre":"Ruta T-312","jerarquia":5},"geometry":{"type":"LineString","coordinates":[[-73.21019,-39.78831],[-73.21043,-39.78846]]}},{"type":"Feature","properties":{"nombre":"Ruta T-312","jerarquia":5},"geometry":{"type":"LineString","coordinates":[[-73.21043,-39.78846],[-73.21049,-39.7885]]}},{"type":"Feature","properties":{"nombre":"Pedro Aguirre Cerda","jerarquia":2},"geometry":{"type":"LineString","coordinates":[[-73.21387,-39.79669],[-73.21393,-39.79685]]}},{"type":"Feature","properties":{"nombre":"Pedro Aguirre Cerda","jerarquia":2},"geometry":{"type":"LineString","coordinates":[[-73.21393,-39.79685],[-73.21395,-39.7969]]}},{"type":"Feature","properties":{"nombre":"Pedro Aguirre Cerda","jerarquia":2},"geometry":{"type":"LineString","coordinates":[[-73.2133,-39.79556],[-73.21321,-39.79532]]}},{"type":"Feature","properties":{"nombre":"Pedro Aguirre Cerda","jerarquia":2},"geometry":{"type":"LineString","coordinates":[[-73.21171,-39.79033],[-73.2118,-39.79075],[-73.21256,-39.79311]]}},{"type":"Feature","properties":{"nombre":"Pedro Aguirre Cerda","jerarquia":2},"geometry":{"type":"LineString","coordinates":[[-73.21256,-39.79311],[-73.21269,-39.7935]]}},{"type":"Feature","properties":{"nombre":"Pedro Aguirre Cerda","jerarquia":2},"geometry":{"type":"LineString","coordinates":[[-73.21211,-39.7864],[-73.21179,-39.78722]]}},{"type":"Feature","properties":{"nombre":"Pedro Aguirre Cerda","jerarquia":2},"geometry":{"type":"LineString","coordinates":[[-73.21289,-39.79445],[-73.21277,-39.79409]]}},{"type":"Feature","properties":{"nombre":"Pedro Aguirre Cerda","jerarquia":2},"geometry":{"type":"LineString","coordinates":[[-73.21175,-39.78697],[-73.21201,-39.78633],[-73.21233,-39.78573]]}},{"type":"Feature","properties":{"nombre":"Pedro Aguirre Cerda","jerarquia":2},"geometry":{"type":"LineString","coordinates":[[-73.22599,-39.8162],[-73.22793,-39.81755]]}},{"type":"Feature","properties":{"nombre":"Pedro Aguirre Cerda","jerarquia":2},"geometry":{"type":"LineString","coordinates":[[-73.22594,-39.81623],[-73.22577,-39.81611]]}},{"type":"Feature","properties":{"nombre":"Pedro Aguirre Cerda","jerarquia":2},"geometry":{"type":"LineString","coordinates":[[-73.22329,-39.81435],[-73.22254,-39.81379]]}},{"type":"Feature","properties":{"nombre":"Pedro Aguirre Cerda","jerarquia":2},"geometry":{"type":"LineString","coordinates":[[-73.22175,-39.81322],[-73.22167,-39.81316]]}},{"type":"Feature","properties":{"nombre":"Pedro Aguirre Cerda","jerarquia":2},"geometry":{"type":"LineString","coordinates":[[-73.22786,-39.81759],[-73.22647,-39.81662]]}},{"type":"Feature","properties":{"nombre":"Pedro Aguirre Cerda","jerarquia":2},"geometry":{"type":"LineString","coordinates":[[-73.22136,-39.81285],[-73.22168,-39.81308]]}},{"type":"Feature","properties":{"nombre":"Pedro Aguirre Cerda","jerarquia":2},"geometry":{"type":"LineString","coordinates":[[-73.22168,-39.81308],[-73.22181,-39.81317]]}},{"type":"Feature","properties":{"nombre":"Pedro Aguirre Cerda","jerarquia":2},"geometry":{"type":"LineString","coordinates":[[-73.21596,-39.80776],[-73.21583,-39.80761]]}},{"type":"Feature","properties":{"nombre":"Pedro Aguirre Cerda","jerarquia":2},"geometry":{"type":"LineString","coordinates":[[-73.21583,-39.80761],[-73.2155,-39.80725]]}},{"type":"Feature","properties":{"nombre":"Pedro Aguirre Cerda","jerarquia":2},"geometry":{"type":"LineString","coordinates":[[-73.21472,-39.80628],[-73.21499,-39.80656]]}},{"type":"Feature","properties":{"nombre":"Pedro Aguirre Cerda","jerarquia":2},"geometry":{"type":"LineString","coordinates":[[-73.21864,-39.81063],[-73.21798,-39.80996]]}},{"type":"Feature","properties":{"nombre":"Pedro Aguirre Cerda","jerarquia":2},"geometry":{"type":"LineString","coordinates":[[-73.21948,-39.81126],[-73.21954,-39.81132]]}},{"type":"Feature","properties":{"nombre":"Pedro Aguirre Cerda","jerarquia":2},"geometry":{"type":"LineString","coordinates":[[-73.21954,-39.81132],[-73.21972,-39.81149]]}},{"type":"Feature","properties":{"nombre":"Pedro Aguirre Cerda","jerarquia":2},"geometry":{"type":"LineString","coordinates":[[-73.21815,-39.80996],[-73.21857,-39.8104]]}},{"type":"Feature","properties":{"nombre":"Pedro Aguirre Cerda","jerarquia":2},"geometry":{"type":"LineString","coordinates":[[-73.21972,-39.8116],[-73.21957,-39.81147]]}},{"type":"Feature","properties":{"nombre":"Pedro Aguirre Cerda","jerarquia":2},"geometry":{"type":"LineString","coordinates":[[-73.21957,-39.81147],[-73.21954,-39.81144]]}},{"type":"Feature","properties":{"nombre":"Pedro Aguirre Cerda","jerarquia":2},"geometry":{"type":"LineString","coordinates":[[-73.21954,-39.81144],[-73.21953,-39.81143]]}},{"type":"Feature","properties":{"nombre":"Pedro Aguirre Cerda","jerarquia":2},"geometry":{"type":"LineString","coordinates":[[-73.21442,-39.80598],[-73.21461,-39.80616]]}},{"type":"Feature","properties":{"nombre":"Pedro Aguirre Cerda","jerarquia":2},"geometry":{"type":"LineString","coordinates":[[-73.21461,-39.80616],[-73.21472,-39.80628]]}},{"type":"Feature","properties":{"nombre":"Pedro Aguirre Cerda","jerarquia":2},"geometry":{"type":"LineString","coordinates":[[-73.21428,-39.8058],[-73.21442,-39.80598]]}},{"type":"Feature","properties":{"nombre":"Pedro Aguirre Cerda","jerarquia":2},"geometry":{"type":"LineString","coordinates":[[-73.21427,-39.79967],[-73.21402,-39.80074]]}},{"type":"Feature","properties":{"nombre":"Pedro Aguirre Cerda","jerarquia":2},"geometry":{"type":"LineString","coordinates":[[-73.21402,-39.80074],[-73.2138,-39.80185]]}},{"type":"Feature","properties":{"nombre":"Pedro Aguirre Cerda","jerarquia":2},"geometry":{"type":"LineString","coordinates":[[-73.21361,-39.80221],[-73.21368,-39.80186]]}},{"type":"Feature","properties":{"nombre":"Pedro Aguirre Cerda","jerarquia":2},"geometry":{"type":"LineString","coordinates":[[-73.21414,-39.79961],[-73.21422,-39.7988],[-73.21416,-39.7978],[-73.21389,-39.7971]]}},{"type":"Feature","properties":{"nombre":"Pedro Aguirre Cerda","jerarquia":2},"geometry":{"type":"LineString","coordinates":[[-73.21399,-39.79701],[-73.21402,-39.79709]]}},{"type":"Feature","properties":{"nombre":"Pedro Aguirre Cerda","jerarquia":2},"geometry":{"type":"LineString","coordinates":[[-73.21402,-39.79709],[-73.21413,-39.79733]]}},{"type":"Feature","properties":{"nombre":"Pedro Aguirre Cerda","jerarquia":2},"geometry":{"type":"LineString","coordinates":[[-73.21413,-39.79733],[-73.21431,-39.798],[-73.21437,-39.79858],[-73.21427,-39.79967]]}},{"type":"Feature","properties":{"nombre":"Avenida España","jerarquia":4},"geometry":{"type":"LineString","coordinates":[[-73.22607,-39.81613],[-73.22614,-39.81607]]}},{"type":"Feature","properties":{"nombre":"Avenida España","jerarquia":4},"geometry":{"type":"LineString","coordinates":[[-73.22614,-39.81607],[-73.22617,-39.81604]]}},{"type":"Feature","properties":{"nombre":"Avenida España","jerarquia":4},"geometry":{"type":"LineString","coordinates":[[-73.22617,-39.81604],[-73.22637,-39.81583]]}},{"type":"Feature","properties":{"nombre":"Avenida España","jerarquia":4},"geometry":{"type":"LineString","coordinates":[[-73.22637,-39.81583],[-73.2267,-39.81547]]}},{"type":"Feature","properties":{"nombre":"Avenida España","jerarquia":4},"geometry":{"type":"LineString","coordinates":[[-73.2267,-39.81547],[-73.22697,-39.81517]]}},{"type":"Feature","properties":{"nombre":"Avenida España","jerarquia":4},"geometry":{"type":"LineString","coordinates":[[-73.22697,-39.81517],[-73.2278,-39.81421]]}},{"type":"Feature","properties":{"nombre":"Avenida España","jerarquia":4},"geometry":{"type":"LineString","coordinates":[[-73.2278,-39.81421],[-73.22784,-39.81417]]}},{"type":"Feature","properties":{"nombre":"Pedro Aguirre Cerda","jerarquia":2},"geometry":{"type":"LineString","coordinates":[[-73.21333,-39.79528],[-73.21354,-39.79583]]}},{"type":"Feature","properties":{"nombre":"Pedro Aguirre Cerda","jerarquia":2},"geometry":{"type":"LineString","coordinates":[[-73.21311,-39.79506],[-73.21309,-39.795]]}},{"type":"Feature","properties":{"nombre":"Pedro Aguirre Cerda","jerarquia":2},"geometry":{"type":"LineString","coordinates":[[-73.21321,-39.79532],[-73.21311,-39.79506]]}},{"type":"Feature","properties":{"nombre":"Pedro Aguirre Cerda","jerarquia":2},"geometry":{"type":"LineString","coordinates":[[-73.21322,-39.79502],[-73.21333,-39.79528]]}},{"type":"Feature","properties":{"nombre":"Pedro Aguirre Cerda","jerarquia":2},"geometry":{"type":"LineString","coordinates":[[-73.21301,-39.79449],[-73.21322,-39.79502]]}},{"type":"Feature","properties":{"nombre":"Pedro Aguirre Cerda","jerarquia":2},"geometry":{"type":"LineString","coordinates":[[-73.21309,-39.795],[-73.21302,-39.79482]]}},{"type":"Feature","properties":{"nombre":"Pedro Aguirre Cerda","jerarquia":2},"geometry":{"type":"LineString","coordinates":[[-73.21383,-39.79693],[-73.2133,-39.79556]]}},{"type":"Feature","properties":{"nombre":"","jerarquia":2},"geometry":{"type":"LineString","coordinates":[[-73.21293,-39.79457],[-73.21301,-39.79449]]}},{"type":"Feature","properties":{"nombre":"Pedro Aguirre Cerda","jerarquia":2},"geometry":{"type":"LineString","coordinates":[[-73.21302,-39.79482],[-73.21295,-39.79462]]}},{"type":"Feature","properties":{"nombre":"Pedro Aguirre Cerda","jerarquia":2},"geometry":{"type":"LineString","coordinates":[[-73.21295,-39.79462],[-73.21293,-39.79457]]}},{"type":"Feature","properties":{"nombre":"Pedro Aguirre Cerda","jerarquia":2},"geometry":{"type":"LineString","coordinates":[[-73.21285,-39.79398],[-73.21295,-39.79429]]}},{"type":"Feature","properties":{"nombre":"Pedro Aguirre Cerda","jerarquia":2},"geometry":{"type":"LineString","coordinates":[[-73.21295,-39.79429],[-73.21301,-39.79449]]}},{"type":"Feature","properties":{"nombre":"Pedro Aguirre Cerda","jerarquia":2},"geometry":{"type":"LineString","coordinates":[[-73.21269,-39.7935],[-73.21285,-39.79398]]}},{"type":"Feature","properties":{"nombre":"","jerarquia":2},"geometry":{"type":"LineString","coordinates":[[-73.21154,-39.79022],[-73.21144,-39.79014]]}},{"type":"Feature","properties":{"nombre":"","jerarquia":2},"geometry":{"type":"LineString","coordinates":[[-73.21144,-39.79014],[-73.21133,-39.78969],[-73.21108,-39.78916]]}},{"type":"Feature","properties":{"nombre":"","jerarquia":2},"geometry":{"type":"LineString","coordinates":[[-73.21108,-39.78916],[-73.21113,-39.78912]]}},{"type":"Feature","properties":{"nombre":"Pedro Aguirre Cerda","jerarquia":2},"geometry":{"type":"LineString","coordinates":[[-73.21346,-39.80368],[-73.21348,-39.80402]]}},{"type":"Feature","properties":{"nombre":"Pedro Aguirre Cerda","jerarquia":2},"geometry":{"type":"LineString","coordinates":[[-73.21353,-39.80318],[-73.21347,-39.80341]]}},{"type":"Feature","properties":{"nombre":"Pedro Aguirre Cerda","jerarquia":2},"geometry":{"type":"LineString","coordinates":[[-73.21347,-39.80341],[-73.21346,-39.80368]]}},{"type":"Feature","properties":{"nombre":"Pedro Aguirre Cerda","jerarquia":2},"geometry":{"type":"LineString","coordinates":[[-73.21355,-39.80475],[-73.21338,-39.80404]]}},{"type":"Feature","properties":{"nombre":"Pedro Aguirre Cerda","jerarquia":2},"geometry":{"type":"LineString","coordinates":[[-73.21336,-39.80365],[-73.21336,-39.80329],[-73.21348,-39.80266]]}},{"type":"Feature","properties":{"nombre":"","jerarquia":2},"geometry":{"type":"LineString","coordinates":[[-73.21336,-39.80376],[-73.21343,-39.80369]]}},{"type":"Feature","properties":{"nombre":"","jerarquia":2},"geometry":{"type":"LineString","coordinates":[[-73.21343,-39.80369],[-73.21346,-39.80368]]}},{"type":"Feature","properties":{"nombre":"Pedro Aguirre Cerda","jerarquia":2},"geometry":{"type":"LineString","coordinates":[[-73.21356,-39.80301],[-73.21353,-39.80318]]}},{"type":"Feature","properties":{"nombre":"Pedro Aguirre Cerda","jerarquia":2},"geometry":{"type":"LineString","coordinates":[[-73.21361,-39.80273],[-73.21356,-39.80301]]}},{"type":"Feature","properties":{"nombre":"Pedro Aguirre Cerda","jerarquia":2},"geometry":{"type":"LineString","coordinates":[[-73.21369,-39.8018],[-73.21374,-39.80146]]}},{"type":"Feature","properties":{"nombre":"","jerarquia":2},"geometry":{"type":"LineString","coordinates":[[-73.2138,-39.80185],[-73.21369,-39.8018]]}},{"type":"Feature","properties":{"nombre":"","jerarquia":2},"geometry":{"type":"LineString","coordinates":[[-73.21368,-39.80186],[-73.2138,-39.80185]]}},{"type":"Feature","properties":{"nombre":"Pedro Aguirre Cerda","jerarquia":2},"geometry":{"type":"LineString","coordinates":[[-73.21368,-39.80186],[-73.21369,-39.8018]]}},{"type":"Feature","properties":{"nombre":"Pedro Aguirre Cerda","jerarquia":2},"geometry":{"type":"LineString","coordinates":[[-73.21374,-39.80146],[-73.21414,-39.79961]]}},{"type":"Feature","properties":{"nombre":"Pedro Aguirre Cerda","jerarquia":2},"geometry":{"type":"LineString","coordinates":[[-73.21348,-39.80266],[-73.21361,-39.80221]]}},{"type":"Feature","properties":{"nombre":"Pedro Aguirre Cerda","jerarquia":2},"geometry":{"type":"LineString","coordinates":[[-73.21395,-39.7969],[-73.21399,-39.79701]]}},{"type":"Feature","properties":{"nombre":"Pedro Aguirre Cerda","jerarquia":2},"geometry":{"type":"LineString","coordinates":[[-73.21389,-39.7971],[-73.21387,-39.79703]]}},{"type":"Feature","properties":{"nombre":"Pedro Aguirre Cerda","jerarquia":2},"geometry":{"type":"LineString","coordinates":[[-73.21387,-39.79703],[-73.21383,-39.79693]]}},{"type":"Feature","properties":{"nombre":"Pedro Aguirre Cerda","jerarquia":2},"geometry":{"type":"LineString","coordinates":[[-73.21524,-39.80698],[-73.21503,-39.80677]]}},{"type":"Feature","properties":{"nombre":"Pedro Aguirre Cerda","jerarquia":2},"geometry":{"type":"LineString","coordinates":[[-73.21475,-39.80644],[-73.2146,-39.80629]]}},{"type":"Feature","properties":{"nombre":"Pedro Aguirre Cerda","jerarquia":2},"geometry":{"type":"LineString","coordinates":[[-73.21499,-39.80656],[-73.21518,-39.80675]]}},{"type":"Feature","properties":{"nombre":"Pedro Aguirre Cerda","jerarquia":2},"geometry":{"type":"LineString","coordinates":[[-73.21518,-39.80675],[-73.21564,-39.80723]]}},{"type":"Feature","properties":{"nombre":"Pedro Aguirre Cerda","jerarquia":2},"geometry":{"type":"LineString","coordinates":[[-73.2157,-39.8073],[-73.21601,-39.80763]]}},{"type":"Feature","properties":{"nombre":"Pedro Aguirre Cerda","jerarquia":2},"geometry":{"type":"LineString","coordinates":[[-73.21685,-39.80855],[-73.21697,-39.80869]]}},{"type":"Feature","properties":{"nombre":"Pedro Aguirre Cerda","jerarquia":2},"geometry":{"type":"LineString","coordinates":[[-73.21697,-39.80869],[-73.21723,-39.80897]]}},{"type":"Feature","properties":{"nombre":"Pedro Aguirre Cerda","jerarquia":2},"geometry":{"type":"LineString","coordinates":[[-73.21622,-39.80787],[-73.21649,-39.80816]]}},{"type":"Feature","properties":{"nombre":"Pedro Aguirre Cerda","jerarquia":2},"geometry":{"type":"LineString","coordinates":[[-73.21503,-39.80677],[-73.21477,-39.80646]]}},{"type":"Feature","properties":{"nombre":"Pedro Aguirre Cerda","jerarquia":2},"geometry":{"type":"LineString","coordinates":[[-73.21477,-39.80646],[-73.21475,-39.80644]]}},{"type":"Feature","properties":{"nombre":"Pedro Aguirre Cerda","jerarquia":2},"geometry":{"type":"LineString","coordinates":[[-73.21722,-39.80916],[-73.21667,-39.80857]]}},{"type":"Feature","properties":{"nombre":"Pedro Aguirre Cerda","jerarquia":2},"geometry":{"type":"LineString","coordinates":[[-73.21383,-39.80507],[-73.21399,-39.80537]]}},{"type":"Feature","properties":{"nombre":"Pedro Aguirre Cerda","jerarquia":2},"geometry":{"type":"LineString","coordinates":[[-73.21399,-39.80537],[-73.21428,-39.8058]]}},{"type":"Feature","properties":{"nombre":"Pedro Aguirre Cerda","jerarquia":2},"geometry":{"type":"LineString","coordinates":[[-73.21338,-39.80404],[-73.21336,-39.80376]]}},{"type":"Feature","properties":{"nombre":"Pedro Aguirre Cerda","jerarquia":2},"geometry":{"type":"LineString","coordinates":[[-73.21336,-39.80376],[-73.21336,-39.80365]]}},{"type":"Feature","properties":{"nombre":"Pedro Aguirre Cerda","jerarquia":2},"geometry":{"type":"LineString","coordinates":[[-73.21601,-39.80763],[-73.21622,-39.80787]]}},{"type":"Feature","properties":{"nombre":"Pedro Aguirre Cerda","jerarquia":2},"geometry":{"type":"LineString","coordinates":[[-73.21645,-39.80832],[-73.21596,-39.80776]]}},{"type":"Feature","properties":{"nombre":"","jerarquia":2},"geometry":{"type":"LineString","coordinates":[[-73.21596,-39.80776],[-73.21601,-39.80763]]}},{"type":"Feature","properties":{"nombre":"Chuquicamata","jerarquia":5},"geometry":{"type":"LineString","coordinates":[[-73.21961,-39.80724],[-73.21927,-39.80742]]}},{"type":"Feature","properties":{"nombre":"Chuquicamata","jerarquia":5},"geometry":{"type":"LineString","coordinates":[[-73.21927,-39.80742],[-73.21876,-39.8077]]}},{"type":"Feature","properties":{"nombre":"Pedro Aguirre Cerda","jerarquia":2},"geometry":{"type":"LineString","coordinates":[[-73.2174,-39.80917],[-73.21777,-39.80957]]}},{"type":"Feature","properties":{"nombre":"Pedro Aguirre Cerda","jerarquia":2},"geometry":{"type":"LineString","coordinates":[[-73.21723,-39.80897],[-73.2174,-39.80917]]}},{"type":"Feature","properties":{"nombre":"Pedro Aguirre Cerda","jerarquia":2},"geometry":{"type":"LineString","coordinates":[[-73.21649,-39.80816],[-73.21685,-39.80855]]}},{"type":"Feature","properties":{"nombre":"","jerarquia":2},"geometry":{"type":"LineString","coordinates":[[-73.21723,-39.80897],[-73.21722,-39.80916]]}},{"type":"Feature","properties":{"nombre":"Pedro Aguirre Cerda","jerarquia":2},"geometry":{"type":"LineString","coordinates":[[-73.21293,-39.79457],[-73.21289,-39.79445]]}},{"type":"Feature","properties":{"nombre":"","jerarquia":2},"geometry":{"type":"LineString","coordinates":[[-73.21301,-39.79449],[-73.21289,-39.79445]]}},{"type":"Feature","properties":{"nombre":"Pedro Aguirre Cerda","jerarquia":2},"geometry":{"type":"LineString","coordinates":[[-73.21277,-39.79409],[-73.21174,-39.79087]]}},{"type":"Feature","properties":{"nombre":"Pedro Aguirre Cerda","jerarquia":2},"geometry":{"type":"LineString","coordinates":[[-73.21364,-39.79608],[-73.21387,-39.79669]]}},{"type":"Feature","properties":{"nombre":"Pedro Aguirre Cerda","jerarquia":2},"geometry":{"type":"LineString","coordinates":[[-73.21354,-39.79583],[-73.21364,-39.79608]]}},{"type":"Feature","properties":{"nombre":"Pedro Aguirre Cerda","jerarquia":2},"geometry":{"type":"LineString","coordinates":[[-73.21798,-39.80979],[-73.21815,-39.80996]]}},{"type":"Feature","properties":{"nombre":"Pedro Aguirre Cerda","jerarquia":2},"geometry":{"type":"LineString","coordinates":[[-73.21857,-39.8104],[-73.21876,-39.81058]]}},{"type":"Feature","properties":{"nombre":"Pedro Aguirre Cerda","jerarquia":2},"geometry":{"type":"LineString","coordinates":[[-73.21777,-39.80957],[-73.21798,-39.80979]]}},{"type":"Feature","properties":{"nombre":"","jerarquia":2},"geometry":{"type":"LineString","coordinates":[[-73.21798,-39.80996],[-73.21815,-39.80996]]}},{"type":"Feature","properties":{"nombre":"","jerarquia":2},"geometry":{"type":"LineString","coordinates":[[-73.21798,-39.80979],[-73.21798,-39.80996]]}},{"type":"Feature","properties":{"nombre":"Pedro Aguirre Cerda","jerarquia":2},"geometry":{"type":"LineString","coordinates":[[-73.2138,-39.80185],[-73.21361,-39.80273]]}},{"type":"Feature","properties":{"nombre":"Pedro Aguirre Cerda","jerarquia":2},"geometry":{"type":"LineString","coordinates":[[-73.21798,-39.80996],[-73.21722,-39.80916]]}},{"type":"Feature","properties":{"nombre":"Pedro Aguirre Cerda","jerarquia":2},"geometry":{"type":"LineString","coordinates":[[-73.22017,-39.81189],[-73.22033,-39.81202]]}},{"type":"Feature","properties":{"nombre":"Pedro Aguirre Cerda","jerarquia":2},"geometry":{"type":"LineString","coordinates":[[-73.22074,-39.81237],[-73.22104,-39.81262]]}},{"type":"Feature","properties":{"nombre":"Pedro Aguirre Cerda","jerarquia":2},"geometry":{"type":"LineString","coordinates":[[-73.22033,-39.81202],[-73.22074,-39.81237]]}},{"type":"Feature","properties":{"nombre":"Pedro Aguirre Cerda","jerarquia":2},"geometry":{"type":"LineString","coordinates":[[-73.22013,-39.81195],[-73.21972,-39.8116]]}},{"type":"Feature","properties":{"nombre":"Pedro Aguirre Cerda","jerarquia":2},"geometry":{"type":"LineString","coordinates":[[-73.22104,-39.81271],[-73.22038,-39.81217]]}},{"type":"Feature","properties":{"nombre":"Pedro Aguirre Cerda","jerarquia":2},"geometry":{"type":"LineString","coordinates":[[-73.22038,-39.81217],[-73.22013,-39.81195]]}},{"type":"Feature","properties":{"nombre":"","jerarquia":2},"geometry":{"type":"LineString","coordinates":[[-73.21972,-39.8116],[-73.21972,-39.81149]]}},{"type":"Feature","properties":{"nombre":"","jerarquia":2},"geometry":{"type":"LineString","coordinates":[[-73.21972,-39.81149],[-73.21957,-39.81147]]}},{"type":"Feature","properties":{"nombre":"Pedro Aguirre Cerda","jerarquia":2},"geometry":{"type":"LineString","coordinates":[[-73.2191,-39.81091],[-73.21948,-39.81126]]}},{"type":"Feature","properties":{"nombre":"Pedro Aguirre Cerda","jerarquia":2},"geometry":{"type":"LineString","coordinates":[[-73.21876,-39.81058],[-73.2191,-39.81091]]}},{"type":"Feature","properties":{"nombre":"","jerarquia":2},"geometry":{"type":"LineString","coordinates":[[-73.22201,-39.81339],[-73.22201,-39.81335]]}},{"type":"Feature","properties":{"nombre":"","jerarquia":2},"geometry":{"type":"LineString","coordinates":[[-73.22201,-39.81335],[-73.22203,-39.81331]]}},{"type":"Feature","properties":{"nombre":"Pedro Aguirre Cerda","jerarquia":2},"geometry":{"type":"LineString","coordinates":[[-73.22254,-39.81379],[-73.22201,-39.81339]]}},{"type":"Feature","properties":{"nombre":"Pedro Aguirre Cerda","jerarquia":2},"geometry":{"type":"LineString","coordinates":[[-73.22181,-39.81317],[-73.22203,-39.81331]]}},{"type":"Feature","properties":{"nombre":"Pedro Aguirre Cerda","jerarquia":2},"geometry":{"type":"LineString","coordinates":[[-73.22117,-39.81271],[-73.22136,-39.81285]]}},{"type":"Feature","properties":{"nombre":"Pedro Aguirre Cerda","jerarquia":2},"geometry":{"type":"LineString","coordinates":[[-73.22104,-39.81262],[-73.22117,-39.81271]]}},{"type":"Feature","properties":{"nombre":"Pedro Aguirre Cerda","jerarquia":2},"geometry":{"type":"LineString","coordinates":[[-73.22201,-39.81339],[-73.22193,-39.81334]]}},{"type":"Feature","properties":{"nombre":"Pedro Aguirre Cerda","jerarquia":2},"geometry":{"type":"LineString","coordinates":[[-73.22193,-39.81334],[-73.22175,-39.81322]]}},{"type":"Feature","properties":{"nombre":"","jerarquia":2},"geometry":{"type":"LineString","coordinates":[[-73.22104,-39.81271],[-73.22117,-39.81271]]}},{"type":"Feature","properties":{"nombre":"Pedro Aguirre Cerda","jerarquia":2},"geometry":{"type":"LineString","coordinates":[[-73.22647,-39.81662],[-73.22612,-39.81636]]}},{"type":"Feature","properties":{"nombre":"Pedro Aguirre Cerda","jerarquia":2},"geometry":{"type":"LineString","coordinates":[[-73.22612,-39.81636],[-73.22603,-39.8163]]}},{"type":"Feature","properties":{"nombre":"Pedro Aguirre Cerda","jerarquia":2},"geometry":{"type":"LineString","coordinates":[[-73.22603,-39.8163],[-73.22594,-39.81623]]}},{"type":"Feature","properties":{"nombre":"Avenida España","jerarquia":4},"geometry":{"type":"LineString","coordinates":[[-73.22594,-39.81623],[-73.22599,-39.8162]]}},{"type":"Feature","properties":{"nombre":"Avenida España","jerarquia":4},"geometry":{"type":"LineString","coordinates":[[-73.22599,-39.8162],[-73.22607,-39.81613]]}},{"type":"Feature","properties":{"nombre":"Pedro Aguirre Cerda","jerarquia":2},"geometry":{"type":"LineString","coordinates":[[-73.22418,-39.8149],[-73.22444,-39.81508]]}},{"type":"Feature","properties":{"nombre":"Pedro Aguirre Cerda","jerarquia":2},"geometry":{"type":"LineString","coordinates":[[-73.22524,-39.81573],[-73.22438,-39.81512]]}},{"type":"Feature","properties":{"nombre":"Pedro Aguirre Cerda","jerarquia":2},"geometry":{"type":"LineString","coordinates":[[-73.22577,-39.81611],[-73.22524,-39.81573]]}},{"type":"Feature","properties":{"nombre":"Pedro Aguirre Cerda","jerarquia":2},"geometry":{"type":"LineString","coordinates":[[-73.22494,-39.81544],[-73.22561,-39.81592]]}},{"type":"Feature","properties":{"nombre":"Pedro Aguirre Cerda","jerarquia":2},"geometry":{"type":"LineString","coordinates":[[-73.22444,-39.81508],[-73.22494,-39.81544]]}},{"type":"Feature","properties":{"nombre":"Pedro Aguirre Cerda","jerarquia":2},"geometry":{"type":"LineString","coordinates":[[-73.2235,-39.8145],[-73.22329,-39.81435]]}},{"type":"Feature","properties":{"nombre":"Pedro Aguirre Cerda","jerarquia":2},"geometry":{"type":"LineString","coordinates":[[-73.22413,-39.81494],[-73.2235,-39.8145]]}},{"type":"Feature","properties":{"nombre":"Pedro Aguirre Cerda","jerarquia":2},"geometry":{"type":"LineString","coordinates":[[-73.22438,-39.81512],[-73.22413,-39.81494]]}},{"type":"Feature","properties":{"nombre":"Pedro Aguirre Cerda","jerarquia":2},"geometry":{"type":"LineString","coordinates":[[-73.22561,-39.81592],[-73.2258,-39.81606]]}},{"type":"Feature","properties":{"nombre":"Pedro Aguirre Cerda","jerarquia":2},"geometry":{"type":"LineString","coordinates":[[-73.2258,-39.81606],[-73.22591,-39.81614]]}},{"type":"Feature","properties":{"nombre":"Pedro Aguirre Cerda","jerarquia":2},"geometry":{"type":"LineString","coordinates":[[-73.22591,-39.81614],[-73.22599,-39.8162]]}},{"type":"Feature","properties":{"nombre":"Pedro Aguirre Cerda","jerarquia":2},"geometry":{"type":"LineString","coordinates":[[-73.22274,-39.81385],[-73.22333,-39.8143]]}},{"type":"Feature","properties":{"nombre":"Pedro Aguirre Cerda","jerarquia":2},"geometry":{"type":"LineString","coordinates":[[-73.22218,-39.81343],[-73.22274,-39.81385]]}},{"type":"Feature","properties":{"nombre":"Avenida Ramón Picarte","jerarquia":2},"geometry":{"type":"LineString","coordinates":[[-73.22986,-39.82021],[-73.2299,-39.82009]]}},{"type":"Feature","properties":{"nombre":"Avenida Pedro Montt","jerarquia":3},"geometry":{"type":"LineString","coordinates":[[-73.23303,-39.82153],[-73.23222,-39.8209]]}},{"type":"Feature","properties":{"nombre":"Avenida Pedro Montt","jerarquia":3},"geometry":{"type":"LineString","coordinates":[[-73.23312,-39.82145],[-73.23374,-39.82194]]}},{"type":"Feature","properties":{"nombre":"Avenida Pedro Montt","jerarquia":3},"geometry":{"type":"LineString","coordinates":[[-73.23468,-39.82284],[-73.23365,-39.822]]}},{"type":"Feature","properties":{"nombre":"","jerarquia":3},"geometry":{"type":"LineString","coordinates":[[-73.23365,-39.822],[-73.23374,-39.82194]]}},{"type":"Feature","properties":{"nombre":"Avenida Pedro Montt","jerarquia":3},"geometry":{"type":"LineString","coordinates":[[-73.23374,-39.82194],[-73.23476,-39.82275]]}},{"type":"Feature","properties":{"nombre":"Avenida Pedro Montt","jerarquia":3},"geometry":{"type":"LineString","coordinates":[[-73.23136,-39.82012],[-73.2323,-39.82082]]}},{"type":"Feature","properties":{"nombre":"","jerarquia":3},"geometry":{"type":"LineString","coordinates":[[-73.2323,-39.82082],[-73.23222,-39.8209]]}},{"type":"Feature","properties":{"nombre":"Avenida Pedro Montt","jerarquia":3},"geometry":{"type":"LineString","coordinates":[[-73.23365,-39.822],[-73.23303,-39.82153]]}},{"type":"Feature","properties":{"nombre":"Avenida Ramón Picarte","jerarquia":2},"geometry":{"type":"LineString","coordinates":[[-73.22919,-39.82231],[-73.22908,-39.82254]]}},{"type":"Feature","properties":{"nombre":"Avenida Pedro Montt","jerarquia":3},"geometry":{"type":"LineString","coordinates":[[-73.2323,-39.82082],[-73.23312,-39.82145]]}},{"type":"Feature","properties":{"nombre":"Avenida Ramón Picarte","jerarquia":2},"geometry":{"type":"LineString","coordinates":[[-73.22894,-39.82277],[-73.22844,-39.82335]]}},{"type":"Feature","properties":{"nombre":"Carampangue","jerarquia":3},"geometry":{"type":"LineString","coordinates":[[-73.24154,-39.81251],[-73.24208,-39.81242]]}},{"type":"Feature","properties":{"nombre":"Carampangue","jerarquia":3},"geometry":{"type":"LineString","coordinates":[[-73.24208,-39.81242],[-73.24352,-39.8122]]}},{"type":"Feature","properties":{"nombre":"Avenida Alemania","jerarquia":3},"geometry":{"type":"LineString","coordinates":[[-73.23766,-39.8144],[-73.23673,-39.8157]]}},{"type":"Feature","properties":{"nombre":"Avenida Alemania","jerarquia":3},"geometry":{"type":"LineString","coordinates":[[-73.23673,-39.8157],[-73.23671,-39.81573]]}},{"type":"Feature","properties":{"nombre":"San Martín","jerarquia":5},"geometry":{"type":"LineString","coordinates":[[-73.22448,-39.82586],[-73.22423,-39.82525]]}},{"type":"Feature","properties":{"nombre":"Avenida Ramón Picarte","jerarquia":2},"geometry":{"type":"LineString","coordinates":[[-73.22736,-39.82421],[-73.2269,-39.82451]]}},{"type":"Feature","properties":{"nombre":"Avenida Ramón Picarte","jerarquia":2},"geometry":{"type":"LineString","coordinates":[[-73.22759,-39.82404],[-73.22736,-39.82421]]}},{"type":"Feature","properties":{"nombre":"General Baquedano","jerarquia":5},"geometry":{"type":"LineString","coordinates":[[-73.23261,-39.82321],[-73.23362,-39.82334]]}},{"type":"Feature","properties":{"nombre":"General Baquedano","jerarquia":5},"geometry":{"type":"LineString","coordinates":[[-73.23362,-39.82334],[-73.23491,-39.82351]]}},{"type":"Feature","properties":{"nombre":"General Baquedano","jerarquia":5},"geometry":{"type":"LineString","coordinates":[[-73.23491,-39.82351],[-73.23507,-39.82351]]}},{"type":"Feature","properties":{"nombre":"General Baquedano","jerarquia":5},"geometry":{"type":"LineString","coordinates":[[-73.23507,-39.82351],[-73.23521,-39.8235]]}},{"type":"Feature","properties":{"nombre":"General Baquedano","jerarquia":5},"geometry":{"type":"LineString","coordinates":[[-73.22894,-39.82277],[-73.23011,-39.82291]]}},{"type":"Feature","properties":{"nombre":"Avenida Ramón Picarte","jerarquia":2},"geometry":{"type":"LineString","coordinates":[[-73.22882,-39.82275],[-73.22929,-39.82182],[-73.22945,-39.82131]]}},{"type":"Feature","properties":{"nombre":"Avenida Ramón Picarte","jerarquia":2},"geometry":{"type":"LineString","coordinates":[[-73.22945,-39.82131],[-73.22957,-39.82101]]}},{"type":"Feature","properties":{"nombre":"Avenida Ramón Picarte","jerarquia":2},"geometry":{"type":"LineString","coordinates":[[-73.22957,-39.82101],[-73.22976,-39.82054]]}},{"type":"Feature","properties":{"nombre":"Avenida Ramón Picarte","jerarquia":2},"geometry":{"type":"LineString","coordinates":[[-73.22908,-39.82254],[-73.22894,-39.82277]]}},{"type":"Feature","properties":{"nombre":"Avenida Ramón Picarte","jerarquia":2},"geometry":{"type":"LineString","coordinates":[[-73.21508,-39.83382],[-73.21535,-39.8336]]}},{"type":"Feature","properties":{"nombre":"Avenida Ramón Picarte","jerarquia":2},"geometry":{"type":"LineString","coordinates":[[-73.2166,-39.83267],[-73.21594,-39.83323]]}},{"type":"Feature","properties":{"nombre":"Avenida Ramón Picarte","jerarquia":2},"geometry":{"type":"LineString","coordinates":[[-73.21722,-39.83215],[-73.21687,-39.83243]]}},{"type":"Feature","properties":{"nombre":"Avenida Ramón Picarte","jerarquia":2},"geometry":{"type":"LineString","coordinates":[[-73.21798,-39.83153],[-73.21722,-39.83215]]}},{"type":"Feature","properties":{"nombre":"Avenida Ramón Picarte","jerarquia":2},"geometry":{"type":"LineString","coordinates":[[-73.21829,-39.83128],[-73.21798,-39.83153]]}},{"type":"Feature","properties":{"nombre":"Avenida Ramón Picarte","jerarquia":2},"geometry":{"type":"LineString","coordinates":[[-73.2185,-39.83111],[-73.21829,-39.83128]]}},{"type":"Feature","properties":{"nombre":"Avenida Ramón Picarte","jerarquia":2},"geometry":{"type":"LineString","coordinates":[[-73.21687,-39.83243],[-73.21676,-39.83253]]}},{"type":"Feature","properties":{"nombre":"Avenida Ramón Picarte","jerarquia":2},"geometry":{"type":"LineString","coordinates":[[-73.21676,-39.83253],[-73.2166,-39.83267]]}},{"type":"Feature","properties":{"nombre":"Avenida Ramón Picarte","jerarquia":2},"geometry":{"type":"LineString","coordinates":[[-73.22048,-39.82944],[-73.22071,-39.82924]]}},{"type":"Feature","properties":{"nombre":"Avenida Ramón Picarte","jerarquia":2},"geometry":{"type":"LineString","coordinates":[[-73.21924,-39.83039],[-73.22028,-39.8296]]}},{"type":"Feature","properties":{"nombre":"Avenida Ramón Picarte","jerarquia":2},"geometry":{"type":"LineString","coordinates":[[-73.22028,-39.8296],[-73.22048,-39.82944]]}},{"type":"Feature","properties":{"nombre":"Avenida Ramón Picarte","jerarquia":2},"geometry":{"type":"LineString","coordinates":[[-73.22034,-39.82962],[-73.2194,-39.83039]]}},{"type":"Feature","properties":{"nombre":"Avenida Ramón Picarte","jerarquia":2},"geometry":{"type":"LineString","coordinates":[[-73.2194,-39.83039],[-73.21933,-39.83044]]}},{"type":"Feature","properties":{"nombre":"Avenida Ramón Picarte","jerarquia":2},"geometry":{"type":"LineString","coordinates":[[-73.22071,-39.82935],[-73.22034,-39.82962]]}},{"type":"Feature","properties":{"nombre":"Avenida René Schneider","jerarquia":4},"geometry":{"type":"LineString","coordinates":[[-73.22089,-39.8294],[-73.22058,-39.83085]]}},{"type":"Feature","properties":{"nombre":"Avenida Ramón Picarte","jerarquia":2},"geometry":{"type":"LineString","coordinates":[[-73.22101,-39.82896],[-73.22119,-39.82882]]}},{"type":"Feature","properties":{"nombre":"Avenida Ramón Picarte","jerarquia":2},"geometry":{"type":"LineString","coordinates":[[-73.22277,-39.82751],[-73.22311,-39.82723]]}},{"type":"Feature","properties":{"nombre":"Avenida Ramón Picarte","jerarquia":2},"geometry":{"type":"LineString","coordinates":[[-73.2223,-39.82792],[-73.22277,-39.82751]]}},{"type":"Feature","properties":{"nombre":"Avenida Ramón Picarte","jerarquia":2},"geometry":{"type":"LineString","coordinates":[[-73.22306,-39.8274],[-73.2226,-39.82781]]}},{"type":"Feature","properties":{"nombre":"Avenida Ramón Picarte","jerarquia":2},"geometry":{"type":"LineString","coordinates":[[-73.22421,-39.82647],[-73.22388,-39.82673]]}},{"type":"Feature","properties":{"nombre":"Avenida Ramón Picarte","jerarquia":2},"geometry":{"type":"LineString","coordinates":[[-73.22388,-39.82673],[-73.22306,-39.8274]]}},{"type":"Feature","properties":{"nombre":"","jerarquia":2},"geometry":{"type":"LineString","coordinates":[[-73.22456,-39.82604],[-73.22454,-39.82621]]}},{"type":"Feature","properties":{"nombre":"Avenida Ramón Picarte","jerarquia":2},"geometry":{"type":"LineString","coordinates":[[-73.22209,-39.8281],[-73.22221,-39.828]]}},{"type":"Feature","properties":{"nombre":"Avenida Ramón Picarte","jerarquia":2},"geometry":{"type":"LineString","coordinates":[[-73.22221,-39.828],[-73.2223,-39.82792]]}},{"type":"Feature","properties":{"nombre":"Rubén Darío","jerarquia":5},"geometry":{"type":"LineString","coordinates":[[-73.20857,-39.83716],[-73.20853,-39.83713]]}},{"type":"Feature","properties":{"nombre":"Rubén Darío","jerarquia":5},"geometry":{"type":"LineString","coordinates":[[-73.20853,-39.83713],[-73.20806,-39.83683]]}},{"type":"Feature","properties":{"nombre":"Rubén Darío","jerarquia":5},"geometry":{"type":"LineString","coordinates":[[-73.20806,-39.83683],[-73.20768,-39.83658]]}},{"type":"Feature","properties":{"nombre":"Avenida Ramón Picarte","jerarquia":2},"geometry":{"type":"LineString","coordinates":[[-73.20624,-39.84099],[-73.20632,-39.84093]]}},{"type":"Feature","properties":{"nombre":"Avenida Ramón Picarte","jerarquia":2},"geometry":{"type":"LineString","coordinates":[[-73.20576,-39.8414],[-73.20588,-39.8413]]}},{"type":"Feature","properties":{"nombre":"Avenida Ramón Picarte","jerarquia":2},"geometry":{"type":"LineString","coordinates":[[-73.20654,-39.84089],[-73.20592,-39.8414]]}},{"type":"Feature","properties":{"nombre":"Avenida Ramón Picarte","jerarquia":2},"geometry":{"type":"LineString","coordinates":[[-73.20592,-39.8414],[-73.20585,-39.84147]]}},{"type":"Feature","properties":{"nombre":"Avenida Ramón Picarte","jerarquia":2},"geometry":{"type":"LineString","coordinates":[[-73.20588,-39.8413],[-73.20624,-39.84099]]}},{"type":"Feature","properties":{"nombre":"Avenida Ramón Picarte","jerarquia":2},"geometry":{"type":"LineString","coordinates":[[-73.20506,-39.84211],[-73.20489,-39.84225]]}},{"type":"Feature","properties":{"nombre":"Avenida Ramón Picarte","jerarquia":2},"geometry":{"type":"LineString","coordinates":[[-73.20489,-39.84225],[-73.20449,-39.84258]]}},{"type":"Feature","properties":{"nombre":"Avenida Ramón Picarte","jerarquia":2},"geometry":{"type":"LineString","coordinates":[[-73.20449,-39.84258],[-73.20411,-39.8429]]}},{"type":"Feature","properties":{"nombre":"Avenida Ramón Picarte","jerarquia":2},"geometry":{"type":"LineString","coordinates":[[-73.20685,-39.84064],[-73.20654,-39.84089]]}},{"type":"Feature","properties":{"nombre":"Avenida Ramón Picarte","jerarquia":2},"geometry":{"type":"LineString","coordinates":[[-73.20993,-39.8381],[-73.20942,-39.83852]]}},{"type":"Feature","properties":{"nombre":"Avenida Ramón Picarte","jerarquia":2},"geometry":{"type":"LineString","coordinates":[[-73.20942,-39.83852],[-73.20898,-39.83889]]}},{"type":"Feature","properties":{"nombre":"Rubén Darío","jerarquia":5},"geometry":{"type":"LineString","coordinates":[[-73.21379,-39.84042],[-73.21327,-39.84029]]}},{"type":"Feature","properties":{"nombre":"Rubén Darío","jerarquia":5},"geometry":{"type":"LineString","coordinates":[[-73.21327,-39.84029],[-73.21262,-39.83997]]}},{"type":"Feature","properties":{"nombre":"Avenida Ramón Picarte","jerarquia":2},"geometry":{"type":"LineString","coordinates":[[-73.21337,-39.83533],[-73.21326,-39.83541]]}},{"type":"Feature","properties":{"nombre":"Avenida Ramón Picarte","jerarquia":2},"geometry":{"type":"LineString","coordinates":[[-73.21384,-39.83495],[-73.21337,-39.83533]]}},{"type":"Feature","properties":{"nombre":"Avenida Ramón Picarte","jerarquia":2},"geometry":{"type":"LineString","coordinates":[[-73.21032,-39.83766],[-73.21076,-39.8373]]}},{"type":"Feature","properties":{"nombre":"Avenida Ramón Picarte","jerarquia":2},"geometry":{"type":"LineString","coordinates":[[-73.20985,-39.83804],[-73.21032,-39.83766]]}},{"type":"Feature","properties":{"nombre":"Avenida Ramón Picarte","jerarquia":2},"geometry":{"type":"LineString","coordinates":[[-73.22987,-39.82057],[-73.22974,-39.82092]]}},{"type":"Feature","properties":{"nombre":"Avenida Ramón Picarte","jerarquia":2},"geometry":{"type":"LineString","coordinates":[[-73.22815,-39.82343],[-73.22833,-39.82328]]}},{"type":"Feature","properties":{"nombre":"Avenida Ramón Picarte","jerarquia":2},"geometry":{"type":"LineString","coordinates":[[-73.22561,-39.82525],[-73.22589,-39.82506]]}},{"type":"Feature","properties":{"nombre":"Avenida Ramón Picarte","jerarquia":2},"geometry":{"type":"LineString","coordinates":[[-73.22552,-39.82532],[-73.22561,-39.82525]]}},{"type":"Feature","properties":{"nombre":"Avenida Ramón Picarte","jerarquia":2},"geometry":{"type":"LineString","coordinates":[[-73.22454,-39.82621],[-73.22421,-39.82647]]}},{"type":"Feature","properties":{"nombre":"Avenida Ramón Picarte","jerarquia":2},"geometry":{"type":"LineString","coordinates":[[-73.2246,-39.82617],[-73.22454,-39.82621]]}},{"type":"Feature","properties":{"nombre":"Avenida Ramón Picarte","jerarquia":2},"geometry":{"type":"LineString","coordinates":[[-73.21723,-39.83205],[-73.21767,-39.83169]]}},{"type":"Feature","properties":{"nombre":"Avenida Ramón Picarte","jerarquia":2},"geometry":{"type":"LineString","coordinates":[[-73.21674,-39.83245],[-73.21723,-39.83205]]}},{"type":"Feature","properties":{"nombre":"Avenida Ramón Picarte","jerarquia":2},"geometry":{"type":"LineString","coordinates":[[-73.21668,-39.8325],[-73.21674,-39.83245]]}},{"type":"Feature","properties":{"nombre":"Avenida Ramón Picarte","jerarquia":2},"geometry":{"type":"LineString","coordinates":[[-73.2164,-39.83274],[-73.21661,-39.83256]]}},{"type":"Feature","properties":{"nombre":"Avenida Ramón Picarte","jerarquia":2},"geometry":{"type":"LineString","coordinates":[[-73.21661,-39.83256],[-73.21668,-39.8325]]}},{"type":"Feature","properties":{"nombre":"Avenida Ramón Picarte","jerarquia":2},"geometry":{"type":"LineString","coordinates":[[-73.21428,-39.83446],[-73.21478,-39.83407]]}},{"type":"Feature","properties":{"nombre":"Avenida Ramón Picarte","jerarquia":2},"geometry":{"type":"LineString","coordinates":[[-73.21478,-39.83407],[-73.21508,-39.83382]]}},{"type":"Feature","properties":{"nombre":"Avenida Ramón Picarte","jerarquia":2},"geometry":{"type":"LineString","coordinates":[[-73.21389,-39.83478],[-73.21428,-39.83446]]}},{"type":"Feature","properties":{"nombre":"Avenida Ramón Picarte","jerarquia":2},"geometry":{"type":"LineString","coordinates":[[-73.20383,-39.84299],[-73.20406,-39.84282]]}},{"type":"Feature","properties":{"nombre":"Avenida Ramón Picarte","jerarquia":2},"geometry":{"type":"LineString","coordinates":[[-73.20344,-39.84331],[-73.20383,-39.84299]]}},{"type":"Feature","properties":{"nombre":"Avenida Ramón Picarte","jerarquia":2},"geometry":{"type":"LineString","coordinates":[[-73.20406,-39.84282],[-73.20446,-39.84248]]}},{"type":"Feature","properties":{"nombre":"Avenida Ramón Picarte","jerarquia":2},"geometry":{"type":"LineString","coordinates":[[-73.20548,-39.84177],[-73.20506,-39.84211]]}},{"type":"Feature","properties":{"nombre":"Avenida Ramón Picarte","jerarquia":2},"geometry":{"type":"LineString","coordinates":[[-73.20585,-39.84147],[-73.20548,-39.84177]]}},{"type":"Feature","properties":{"nombre":"Ruta 206","jerarquia":2},"geometry":{"type":"LineString","coordinates":[[-73.19416,-39.85093],[-73.19436,-39.85077]]}},{"type":"Feature","properties":{"nombre":"Ruta 206","jerarquia":2},"geometry":{"type":"LineString","coordinates":[[-73.19436,-39.85077],[-73.19459,-39.85057]]}},{"type":"Feature","properties":{"nombre":"Ruta 206","jerarquia":2},"geometry":{"type":"LineString","coordinates":[[-73.19459,-39.85057],[-73.19602,-39.84939]]}},{"type":"Feature","properties":{"nombre":"Ruta 206","jerarquia":2},"geometry":{"type":"LineString","coordinates":[[-73.19602,-39.84939],[-73.1966,-39.84891]]}},{"type":"Feature","properties":{"nombre":"Ruta 206","jerarquia":2},"geometry":{"type":"LineString","coordinates":[[-73.19757,-39.84813],[-73.19791,-39.84786]]}},{"type":"Feature","properties":{"nombre":"Ruta 206","jerarquia":2},"geometry":{"type":"LineString","coordinates":[[-73.19718,-39.84845],[-73.19738,-39.84829]]}},{"type":"Feature","properties":{"nombre":"Ruta 206","jerarquia":2},"geometry":{"type":"LineString","coordinates":[[-73.19791,-39.84786],[-73.19797,-39.8478]]}},{"type":"Feature","properties":{"nombre":"Ruta 206","jerarquia":2},"geometry":{"type":"LineString","coordinates":[[-73.19797,-39.8478],[-73.19807,-39.84772]]}},{"type":"Feature","properties":{"nombre":"Ruta 206","jerarquia":2},"geometry":{"type":"LineString","coordinates":[[-73.19807,-39.84772],[-73.19886,-39.84709]]}},{"type":"Feature","properties":{"nombre":"Ruta 206","jerarquia":2},"geometry":{"type":"LineString","coordinates":[[-73.19958,-39.8465],[-73.20039,-39.84585]]}},{"type":"Feature","properties":{"nombre":"Ruta 206","jerarquia":2},"geometry":{"type":"LineString","coordinates":[[-73.19886,-39.84709],[-73.19958,-39.8465]]}},{"type":"Feature","properties":{"nombre":"Ruta 206","jerarquia":2},"geometry":{"type":"LineString","coordinates":[[-73.1966,-39.84891],[-73.19718,-39.84845]]}},{"type":"Feature","properties":{"nombre":"Avenida Ramón Picarte","jerarquia":2},"geometry":{"type":"LineString","coordinates":[[-73.20226,-39.84441],[-73.20213,-39.84452]]}},{"type":"Feature","properties":{"nombre":"Avenida Ramón Picarte","jerarquia":2},"geometry":{"type":"LineString","coordinates":[[-73.20238,-39.84432],[-73.20226,-39.84441]]}},{"type":"Feature","properties":{"nombre":"Avenida Circunvalación Sur","jerarquia":4},"geometry":{"type":"LineString","coordinates":[[-73.20238,-39.84432],[-73.2026,-39.84448]]}},{"type":"Feature","properties":{"nombre":"Avenida Ramón Picarte","jerarquia":2},"geometry":{"type":"LineString","coordinates":[[-73.20185,-39.84462],[-73.20206,-39.84445]]}},{"type":"Feature","properties":{"nombre":"Avenida Ramón Picarte","jerarquia":2},"geometry":{"type":"LineString","coordinates":[[-73.20206,-39.84445],[-73.20218,-39.84435]]}},{"type":"Feature","properties":{"nombre":"Avenida Ramón Picarte","jerarquia":2},"geometry":{"type":"LineString","coordinates":[[-73.20218,-39.84435],[-73.20229,-39.84425]]}},{"type":"Feature","properties":{"nombre":"Avenida Ramón Picarte","jerarquia":2},"geometry":{"type":"LineString","coordinates":[[-73.20276,-39.84401],[-73.20258,-39.84415]]}},{"type":"Feature","properties":{"nombre":"Avenida Ramón Picarte","jerarquia":2},"geometry":{"type":"LineString","coordinates":[[-73.20258,-39.84415],[-73.20245,-39.84426]]}},{"type":"Feature","properties":{"nombre":"Avenida Ramón Picarte","jerarquia":2},"geometry":{"type":"LineString","coordinates":[[-73.20245,-39.84426],[-73.20238,-39.84432]]}},{"type":"Feature","properties":{"nombre":"Avenida Ramón Picarte","jerarquia":2},"geometry":{"type":"LineString","coordinates":[[-73.20311,-39.84372],[-73.20276,-39.84401]]}},{"type":"Feature","properties":{"nombre":"Ruta 206","jerarquia":2},"geometry":{"type":"LineString","coordinates":[[-73.20039,-39.84585],[-73.20093,-39.84541]]}},{"type":"Feature","properties":{"nombre":"Ingeniero Federico Wiese","jerarquia":5},"geometry":{"type":"LineString","coordinates":[[-73.24732,-39.85005],[-73.24709,-39.85022]]}},{"type":"Feature","properties":{"nombre":"Ingeniero Federico Wiese","jerarquia":5},"geometry":{"type":"LineString","coordinates":[[-73.24709,-39.85022],[-73.2468,-39.85044]]}},{"type":"Feature","properties":{"nombre":"Ingeniero Federico Wiese","jerarquia":5},"geometry":{"type":"LineString","coordinates":[[-73.2468,-39.85044],[-73.24641,-39.85073]]}},{"type":"Feature","properties":{"nombre":"Intendente Luis Damann Asenjo","jerarquia":4},"geometry":{"type":"LineString","coordinates":[[-73.24419,-39.84978],[-73.24371,-39.84977]]}},{"type":"Feature","properties":{"nombre":"Avenida Simpson","jerarquia":4},"geometry":{"type":"LineString","coordinates":[[-73.24981,-39.84679],[-73.24926,-39.84583]]}},{"type":"Feature","properties":{"nombre":"Avenida Simpson","jerarquia":4},"geometry":{"type":"LineString","coordinates":[[-73.25017,-39.84723],[-73.24981,-39.84679]]}},{"type":"Feature","properties":{"nombre":"Avenida Simpson","jerarquia":4},"geometry":{"type":"LineString","coordinates":[[-73.24926,-39.84583],[-73.24851,-39.84504]]}},{"type":"Feature","properties":{"nombre":"Avenida Simpson","jerarquia":4},"geometry":{"type":"LineString","coordinates":[[-73.25323,-39.84807],[-73.25223,-39.84794],[-73.25123,-39.84769]]}},{"type":"Feature","properties":{"nombre":"Avenida Simpson","jerarquia":4},"geometry":{"type":"LineString","coordinates":[[-73.25123,-39.84769],[-73.25062,-39.84751],[-73.25017,-39.84723]]}},{"type":"Feature","properties":{"nombre":"Circunvalación Nueva Región","jerarquia":4},"geometry":{"type":"LineString","coordinates":[[-73.24777,-39.85215],[-73.24787,-39.85209]]}},{"type":"Feature","properties":{"nombre":"Circunvalación Nueva Región","jerarquia":4},"geometry":{"type":"LineString","coordinates":[[-73.24787,-39.85209],[-73.25037,-39.85047]]}},{"type":"Feature","properties":{"nombre":"Circunvalación Nueva Región","jerarquia":4},"geometry":{"type":"LineString","coordinates":[[-73.25323,-39.84807],[-73.25326,-39.84797]]}},{"type":"Feature","properties":{"nombre":"Ruta T-424","jerarquia":5},"geometry":{"type":"LineString","coordinates":[[-73.24615,-39.86067],[-73.2463,-39.85947],[-73.24643,-39.85911]]}},{"type":"Feature","properties":{"nombre":"Ruta T-424","jerarquia":5},"geometry":{"type":"LineString","coordinates":[[-73.24643,-39.85911],[-73.24644,-39.85906]]}},{"type":"Feature","properties":{"nombre":"Ruta T-424","jerarquia":5},"geometry":{"type":"LineString","coordinates":[[-73.24644,-39.85906],[-73.24663,-39.85868]]}},{"type":"Feature","properties":{"nombre":"Ruta T-424","jerarquia":5},"geometry":{"type":"LineString","coordinates":[[-73.24663,-39.85868],[-73.24694,-39.85806]]}},{"type":"Feature","properties":{"nombre":"Ruta T-424","jerarquia":5},"geometry":{"type":"LineString","coordinates":[[-73.24694,-39.85806],[-73.24706,-39.8578],[-73.24714,-39.85721]]}},{"type":"Feature","properties":{"nombre":"Ruta T-424","jerarquia":5},"geometry":{"type":"LineString","coordinates":[[-73.23912,-39.86629],[-73.24233,-39.86465]]}},{"type":"Feature","properties":{"nombre":"Avenida Pedro Montt","jerarquia":4},"geometry":{"type":"LineString","coordinates":[[-73.23036,-39.85686],[-73.23178,-39.85609]]}},{"type":"Feature","properties":{"nombre":"Avenida Pedro Montt","jerarquia":4},"geometry":{"type":"LineString","coordinates":[[-73.23184,-39.85616],[-73.23045,-39.85697]]}},{"type":"Feature","properties":{"nombre":"Avenida Pedro Montt","jerarquia":4},"geometry":{"type":"LineString","coordinates":[[-73.23251,-39.85351],[-73.23236,-39.85496]]}},{"type":"Feature","properties":{"nombre":"Avenida Pedro Montt","jerarquia":4},"geometry":{"type":"LineString","coordinates":[[-73.23236,-39.85496],[-73.23228,-39.85571]]}},{"type":"Feature","properties":{"nombre":"Avenida Pedro Montt","jerarquia":4},"geometry":{"type":"LineString","coordinates":[[-73.23228,-39.85571],[-73.23207,-39.856],[-73.23184,-39.85616]]}},{"type":"Feature","properties":{"nombre":"Avenida Pedro Montt","jerarquia":4},"geometry":{"type":"LineString","coordinates":[[-73.23221,-39.85495],[-73.23224,-39.85459]]}},{"type":"Feature","properties":{"nombre":"Avenida Pedro Montt","jerarquia":4},"geometry":{"type":"LineString","coordinates":[[-73.23224,-39.85459],[-73.23227,-39.85427]]}},{"type":"Feature","properties":{"nombre":"Avenida Pedro Montt","jerarquia":4},"geometry":{"type":"LineString","coordinates":[[-73.23227,-39.85427],[-73.2323,-39.85391]]}},{"type":"Feature","properties":{"nombre":"Avenida Pedro Montt","jerarquia":4},"geometry":{"type":"LineString","coordinates":[[-73.2323,-39.85391],[-73.23233,-39.85353]]}},{"type":"Feature","properties":{"nombre":"Avenida Simpson","jerarquia":4},"geometry":{"type":"LineString","coordinates":[[-73.24721,-39.84325],[-73.24753,-39.84379],[-73.24801,-39.84437]]}},{"type":"Feature","properties":{"nombre":"Avenida Simpson","jerarquia":4},"geometry":{"type":"LineString","coordinates":[[-73.24801,-39.84437],[-73.24885,-39.84519],[-73.2494,-39.84581]]}},{"type":"Feature","properties":{"nombre":"Circunvalación Nueva Región","jerarquia":4},"geometry":{"type":"LineString","coordinates":[[-73.25037,-39.85047],[-73.25055,-39.85035]]}},{"type":"Feature","properties":{"nombre":"Circunvalación Nueva Región","jerarquia":4},"geometry":{"type":"LineString","coordinates":[[-73.25055,-39.85035],[-73.2518,-39.84959]]}},{"type":"Feature","properties":{"nombre":"Avenida Simpson","jerarquia":4},"geometry":{"type":"LineString","coordinates":[[-73.25337,-39.84809],[-73.25323,-39.84807]]}},{"type":"Feature","properties":{"nombre":"Avenida Simpson","jerarquia":4},"geometry":{"type":"LineString","coordinates":[[-73.25326,-39.84797],[-73.25341,-39.84799]]}},{"type":"Feature","properties":{"nombre":"Intendente Luis Damann Asenjo","jerarquia":4},"geometry":{"type":"LineString","coordinates":[[-73.24641,-39.85073],[-73.24739,-39.85163]]}},{"type":"Feature","properties":{"nombre":"Intendente Luis Damann Asenjo","jerarquia":4},"geometry":{"type":"LineString","coordinates":[[-73.24739,-39.85163],[-73.24777,-39.85199]]}},{"type":"Feature","properties":{"nombre":"Intendente Luis Damann Asenjo","jerarquia":4},"geometry":{"type":"LineString","coordinates":[[-73.24777,-39.85199],[-73.24787,-39.85209]]}},{"type":"Feature","properties":{"nombre":"Avenida Simpson","jerarquia":4},"geometry":{"type":"LineString","coordinates":[[-73.24629,-39.84188],[-73.24595,-39.84101]]}},{"type":"Feature","properties":{"nombre":"Avenida Simpson","jerarquia":4},"geometry":{"type":"LineString","coordinates":[[-73.2461,-39.84096],[-73.24623,-39.84133]]}},{"type":"Feature","properties":{"nombre":"Avenida Simpson","jerarquia":4},"geometry":{"type":"LineString","coordinates":[[-73.24623,-39.84133],[-73.24642,-39.84185]]}},{"type":"Feature","properties":{"nombre":"Avenida Simpson","jerarquia":4},"geometry":{"type":"LineString","coordinates":[[-73.24636,-39.84203],[-73.24629,-39.84188]]}},{"type":"Feature","properties":{"nombre":"Avenida Circunvalación Sur","jerarquia":4},"geometry":{"type":"LineString","coordinates":[[-73.24345,-39.84257],[-73.2446,-39.84229]]}},{"type":"Feature","properties":{"nombre":"Avenida Circunvalación Sur","jerarquia":4},"geometry":{"type":"LineString","coordinates":[[-73.2446,-39.84229],[-73.24522,-39.84214]]}},{"type":"Feature","properties":{"nombre":"Avenida Circunvalación Sur","jerarquia":4},"geometry":{"type":"LineString","coordinates":[[-73.24522,-39.84214],[-73.24619,-39.8419]]}},{"type":"Feature","properties":{"nombre":"Avenida Circunvalación Sur","jerarquia":4},"geometry":{"type":"LineString","coordinates":[[-73.24619,-39.8419],[-73.24629,-39.84188]]}},{"type":"Feature","properties":{"nombre":"Avenida Circunvalación Sur","jerarquia":4},"geometry":{"type":"LineString","coordinates":[[-73.24283,-39.8427],[-73.24345,-39.84257]]}},{"type":"Feature","properties":{"nombre":"Avenida Circunvalación Sur","jerarquia":4},"geometry":{"type":"LineString","coordinates":[[-73.23474,-39.8447],[-73.23464,-39.84472]]}},{"type":"Feature","properties":{"nombre":"Avenida Circunvalación Sur","jerarquia":4},"geometry":{"type":"LineString","coordinates":[[-73.23464,-39.84472],[-73.23421,-39.84483]]}},{"type":"Feature","properties":{"nombre":"Avenida Circunvalación Sur","jerarquia":4},"geometry":{"type":"LineString","coordinates":[[-73.23421,-39.84483],[-73.23316,-39.8451]]}},{"type":"Feature","properties":{"nombre":"Avenida Circunvalación Sur","jerarquia":4},"geometry":{"type":"LineString","coordinates":[[-73.23316,-39.8451],[-73.2329,-39.84514]]}},{"type":"Feature","properties":{"nombre":"Avenida Simpson","jerarquia":4},"geometry":{"type":"LineString","coordinates":[[-73.2469,-39.84301],[-73.24664,-39.84255]]}},{"type":"Feature","properties":{"nombre":"Avenida Simpson","jerarquia":4},"geometry":{"type":"LineString","coordinates":[[-73.24664,-39.84255],[-73.24636,-39.84203]]}},{"type":"Feature","properties":{"nombre":"Avenida Simpson","jerarquia":4},"geometry":{"type":"LineString","coordinates":[[-73.24851,-39.84504],[-73.24788,-39.84443],[-73.24739,-39.84382],[-73.24707,-39.84334]]}},{"type":"Feature","properties":{"nombre":"Avenida Simpson","jerarquia":4},"geometry":{"type":"LineString","coordinates":[[-73.24707,-39.84334],[-73.2469,-39.84301]]}},{"type":"Feature","properties":{"nombre":"","jerarquia":4},"geometry":{"type":"LineString","coordinates":[[-73.24721,-39.84325],[-73.24707,-39.84334]]}},{"type":"Feature","properties":{"nombre":"Avenida Simpson","jerarquia":4},"geometry":{"type":"LineString","coordinates":[[-73.24704,-39.84296],[-73.24721,-39.84325]]}},{"type":"Feature","properties":{"nombre":"Arica","jerarquia":4},"geometry":{"type":"LineString","coordinates":[[-73.2569,-39.84103],[-73.25692,-39.84091]]}},{"type":"Feature","properties":{"nombre":"Arica","jerarquia":4},"geometry":{"type":"LineString","coordinates":[[-73.25692,-39.84091],[-73.25698,-39.84066],[-73.25708,-39.84053]]}},{"type":"Feature","properties":{"nombre":"Circunvalación Nueva Región","jerarquia":4},"geometry":{"type":"LineString","coordinates":[[-73.25297,-39.8486],[-73.25323,-39.84807]]}},{"type":"Feature","properties":{"nombre":"Circunvalación Nueva Región","jerarquia":4},"geometry":{"type":"LineString","coordinates":[[-73.25402,-39.8471],[-73.25364,-39.84752]]}},{"type":"Feature","properties":{"nombre":"Avenida Simpson","jerarquia":4},"geometry":{"type":"LineString","coordinates":[[-73.25127,-39.84759],[-73.25234,-39.84783]]}},{"type":"Feature","properties":{"nombre":"Avenida Simpson","jerarquia":4},"geometry":{"type":"LineString","coordinates":[[-73.25234,-39.84783],[-73.25326,-39.84797]]}},{"type":"Feature","properties":{"nombre":"Avenida Simpson","jerarquia":4},"geometry":{"type":"LineString","coordinates":[[-73.2494,-39.84581],[-73.24998,-39.84679]]}},{"type":"Feature","properties":{"nombre":"Avenida Simpson","jerarquia":4},"geometry":{"type":"LineString","coordinates":[[-73.24998,-39.84679],[-73.25031,-39.84719]]}},{"type":"Feature","properties":{"nombre":"Avenida Circunvalación Sur","jerarquia":4},"geometry":{"type":"LineString","coordinates":[[-73.24205,-39.84277],[-73.24283,-39.8427]]}},{"type":"Feature","properties":{"nombre":"Avenida Circunvalación Sur","jerarquia":4},"geometry":{"type":"LineString","coordinates":[[-73.23689,-39.84433],[-73.23572,-39.8446],[-73.23474,-39.8447]]}},{"type":"Feature","properties":{"nombre":"Avenida Circunvalación Sur","jerarquia":4},"geometry":{"type":"LineString","coordinates":[[-73.23204,-39.84486],[-73.23218,-39.84489]]}},{"type":"Feature","properties":{"nombre":"Avenida Circunvalación Sur","jerarquia":4},"geometry":{"type":"LineString","coordinates":[[-73.23215,-39.84503],[-73.23201,-39.845]]}},{"type":"Feature","properties":{"nombre":"Avenida Pedro Montt","jerarquia":4},"geometry":{"type":"LineString","coordinates":[[-73.23204,-39.84486],[-73.23236,-39.84364]]}},{"type":"Feature","properties":{"nombre":"Avenida Pedro Montt","jerarquia":4},"geometry":{"type":"LineString","coordinates":[[-73.23236,-39.84364],[-73.23254,-39.84296]]}},{"type":"Feature","properties":{"nombre":"Avenida Pedro Montt","jerarquia":4},"geometry":{"type":"LineString","coordinates":[[-73.23269,-39.84298],[-73.2325,-39.84367]]}},{"type":"Feature","properties":{"nombre":"Avenida Pedro Montt","jerarquia":4},"geometry":{"type":"LineString","coordinates":[[-73.2325,-39.84367],[-73.23222,-39.84474]]}},{"type":"Feature","properties":{"nombre":"Avenida Pedro Montt","jerarquia":4},"geometry":{"type":"LineString","coordinates":[[-73.23222,-39.84474],[-73.23218,-39.84489]]}},{"type":"Feature","properties":{"nombre":"Avenida Pedro Montt","jerarquia":4},"geometry":{"type":"LineString","coordinates":[[-73.23215,-39.84503],[-73.23185,-39.84618]]}},{"type":"Feature","properties":{"nombre":"Avenida Pedro Montt","jerarquia":4},"geometry":{"type":"LineString","coordinates":[[-73.23218,-39.84489],[-73.23215,-39.84503]]}},{"type":"Feature","properties":{"nombre":"Avenida Pedro Montt","jerarquia":4},"geometry":{"type":"LineString","coordinates":[[-73.23201,-39.845],[-73.23204,-39.84486]]}},{"type":"Feature","properties":{"nombre":"Avenida Pedro Montt","jerarquia":4},"geometry":{"type":"LineString","coordinates":[[-73.23171,-39.84616],[-73.23197,-39.84515]]}},{"type":"Feature","properties":{"nombre":"Avenida Pedro Montt","jerarquia":4},"geometry":{"type":"LineString","coordinates":[[-73.23197,-39.84515],[-73.23201,-39.845]]}},{"type":"Feature","properties":{"nombre":"Avenida Pedro Montt","jerarquia":4},"geometry":{"type":"LineString","coordinates":[[-73.23174,-39.85072],[-73.23175,-39.85058],[-73.23151,-39.84973]]}},{"type":"Feature","properties":{"nombre":"Avenida Pedro Montt","jerarquia":4},"geometry":{"type":"LineString","coordinates":[[-73.23151,-39.84973],[-73.23125,-39.84878],[-73.23122,-39.84819],[-73.23171,-39.84616]]}},{"type":"Feature","properties":{"nombre":"Avenida Pedro Montt","jerarquia":4},"geometry":{"type":"LineString","coordinates":[[-73.23185,-39.84618],[-73.23135,-39.84825],[-73.23139,-39.84876],[-73.23165,-39.84971]]}},{"type":"Feature","properties":{"nombre":"Avenida Pedro Montt","jerarquia":4},"geometry":{"type":"LineString","coordinates":[[-73.23165,-39.84971],[-73.23192,-39.85069]]}},{"type":"Feature","properties":{"nombre":"Avenida Los Robles","jerarquia":3},"geometry":{"type":"LineString","coordinates":[[-73.25222,-39.81089],[-73.25235,-39.81087]]}},{"type":"Feature","properties":{"nombre":"Avenida Los Robles","jerarquia":3},"geometry":{"type":"LineString","coordinates":[[-73.25236,-39.81093],[-73.25224,-39.81095]]}},{"type":"Feature","properties":{"nombre":"Avenida Los Robles","jerarquia":3},"geometry":{"type":"LineString","coordinates":[[-73.25085,-39.81119],[-73.25046,-39.81124]]}},{"type":"Feature","properties":{"nombre":"Avenida Los Laureles","jerarquia":5},"geometry":{"type":"LineString","coordinates":[[-73.25281,-39.81215],[-73.253,-39.81255],[-73.2536,-39.81327]]}},{"type":"Feature","properties":{"nombre":"Avenida Los Laureles","jerarquia":5},"geometry":{"type":"LineString","coordinates":[[-73.25269,-39.81217],[-73.25253,-39.81177]]}},{"type":"Feature","properties":{"nombre":"Avenida Los Laureles","jerarquia":5},"geometry":{"type":"LineString","coordinates":[[-73.25253,-39.81177],[-73.2524,-39.81142]]}},{"type":"Feature","properties":{"nombre":"Avenida Los Laureles","jerarquia":5},"geometry":{"type":"LineString","coordinates":[[-73.2524,-39.81142],[-73.25224,-39.81097]]}},{"type":"Feature","properties":{"nombre":"Avenida Los Laureles","jerarquia":5},"geometry":{"type":"LineString","coordinates":[[-73.25224,-39.81097],[-73.25224,-39.81095]]}},{"type":"Feature","properties":{"nombre":"Los Lingues","jerarquia":3},"geometry":{"type":"LineString","coordinates":[[-73.25877,-39.81238],[-73.25829,-39.81172]]}},{"type":"Feature","properties":{"nombre":"Los Lingues","jerarquia":3},"geometry":{"type":"LineString","coordinates":[[-73.25846,-39.81155],[-73.25877,-39.81238]]}},{"type":"Feature","properties":{"nombre":"Avenida Las Encinas","jerarquia":5},"geometry":{"type":"LineString","coordinates":[[-73.25603,-39.80785],[-73.25594,-39.8079]]}},{"type":"Feature","properties":{"nombre":"Avenida Las Encinas","jerarquia":5},"geometry":{"type":"LineString","coordinates":[[-73.25594,-39.8079],[-73.25588,-39.80793]]}},{"type":"Feature","properties":{"nombre":"Los Lingues","jerarquia":4},"geometry":{"type":"LineString","coordinates":[[-73.25596,-39.80794],[-73.25594,-39.8079]]}},{"type":"Feature","properties":{"nombre":"Los Lingues","jerarquia":4},"geometry":{"type":"LineString","coordinates":[[-73.25594,-39.8079],[-73.2559,-39.80783]]}},{"type":"Feature","properties":{"nombre":"Los Lingues","jerarquia":4},"geometry":{"type":"LineString","coordinates":[[-73.2559,-39.80783],[-73.25588,-39.8077]]}},{"type":"Feature","properties":{"nombre":"","jerarquia":4},"geometry":{"type":"LineString","coordinates":[[-73.25596,-39.80794],[-73.25588,-39.80793]]}},{"type":"Feature","properties":{"nombre":"Los Lingues","jerarquia":4},"geometry":{"type":"LineString","coordinates":[[-73.25588,-39.8077],[-73.25598,-39.80778]]}},{"type":"Feature","properties":{"nombre":"Los Lingues","jerarquia":4},"geometry":{"type":"LineString","coordinates":[[-73.25598,-39.80778],[-73.25603,-39.80785]]}},{"type":"Feature","properties":{"nombre":"Ruta T-350","jerarquia":3},"geometry":{"type":"LineString","coordinates":[[-73.27043,-39.83255],[-73.27046,-39.83299]]}},{"type":"Feature","properties":{"nombre":"Ruta T-350","jerarquia":3},"geometry":{"type":"LineString","coordinates":[[-73.27036,-39.83118],[-73.27039,-39.83209]]}},{"type":"Feature","properties":{"nombre":"Ruta T-350","jerarquia":3},"geometry":{"type":"LineString","coordinates":[[-73.27293,-39.83582],[-73.27339,-39.83598]]}},{"type":"Feature","properties":{"nombre":"Ruta T-350","jerarquia":3},"geometry":{"type":"LineString","coordinates":[[-73.27249,-39.83565],[-73.27293,-39.83582]]}},{"type":"Feature","properties":{"nombre":"Ruta T-350","jerarquia":3},"geometry":{"type":"LineString","coordinates":[[-73.2721,-39.8355],[-73.27249,-39.83565]]}},{"type":"Feature","properties":{"nombre":"Ruta T-350","jerarquia":3},"geometry":{"type":"LineString","coordinates":[[-73.27156,-39.83518],[-73.2721,-39.8355]]}},{"type":"Feature","properties":{"nombre":"Ruta T-350","jerarquia":3},"geometry":{"type":"LineString","coordinates":[[-73.27051,-39.83374],[-73.27091,-39.83449],[-73.27122,-39.83486],[-73.27156,-39.83518]]}},{"type":"Feature","properties":{"nombre":"Ruta T-350","jerarquia":3},"geometry":{"type":"LineString","coordinates":[[-73.2776,-39.83748],[-73.27827,-39.83773]]}},{"type":"Feature","properties":{"nombre":"Ruta T-350","jerarquia":3},"geometry":{"type":"LineString","coordinates":[[-73.27827,-39.83773],[-73.27882,-39.83794]]}},{"type":"Feature","properties":{"nombre":"Ruta T-350","jerarquia":3},"geometry":{"type":"LineString","coordinates":[[-73.2773,-39.83736],[-73.2776,-39.83748]]}},{"type":"Feature","properties":{"nombre":"Ruta T-350","jerarquia":3},"geometry":{"type":"LineString","coordinates":[[-73.27339,-39.83598],[-73.2736,-39.83605]]}},{"type":"Feature","properties":{"nombre":"Los Lingues","jerarquia":4},"geometry":{"type":"LineString","coordinates":[[-73.25627,-39.80841],[-73.25596,-39.80794]]}},{"type":"Feature","properties":{"nombre":"Avenida Francia","jerarquia":3},"geometry":{"type":"LineString","coordinates":[[-73.22649,-39.83788],[-73.22479,-39.83774]]}},{"type":"Feature","properties":{"nombre":"Avenida Francia","jerarquia":3},"geometry":{"type":"LineString","coordinates":[[-73.2248,-39.83765],[-73.22565,-39.83772]]}},{"type":"Feature","properties":{"nombre":"Avenida Francia","jerarquia":3},"geometry":{"type":"LineString","coordinates":[[-73.22565,-39.83772],[-73.22651,-39.83779]]}},{"type":"Feature","properties":{"nombre":"Avenida Francia","jerarquia":3},"geometry":{"type":"LineString","coordinates":[[-73.22946,-39.83808],[-73.22938,-39.83808]]}},{"type":"Feature","properties":{"nombre":"Avenida Francia","jerarquia":3},"geometry":{"type":"LineString","coordinates":[[-73.23019,-39.83805],[-73.23001,-39.83805]]}},{"type":"Feature","properties":{"nombre":"Avenida Francia","jerarquia":3},"geometry":{"type":"LineString","coordinates":[[-73.22898,-39.83798],[-73.2293,-39.83798]]}},{"type":"Feature","properties":{"nombre":"Avenida Francia","jerarquia":3},"geometry":{"type":"LineString","coordinates":[[-73.2293,-39.83798],[-73.22938,-39.83799]]}},{"type":"Feature","properties":{"nombre":"José María Muñoz Hermosilla","jerarquia":5},"geometry":{"type":"LineString","coordinates":[[-73.22813,-39.83246],[-73.2289,-39.83257]]}},{"type":"Feature","properties":{"nombre":"José María Muñoz Hermosilla","jerarquia":5},"geometry":{"type":"LineString","coordinates":[[-73.2289,-39.83257],[-73.22968,-39.83266]]}},{"type":"Feature","properties":{"nombre":"José María Muñoz Hermosilla","jerarquia":5},"geometry":{"type":"LineString","coordinates":[[-73.22968,-39.83266],[-73.23035,-39.83275]]}},{"type":"Feature","properties":{"nombre":"José María Muñoz Hermosilla","jerarquia":5},"geometry":{"type":"LineString","coordinates":[[-73.23035,-39.83275],[-73.23085,-39.83281]]}},{"type":"Feature","properties":{"nombre":"José María Muñoz Hermosilla","jerarquia":5},"geometry":{"type":"LineString","coordinates":[[-73.23085,-39.83281],[-73.23178,-39.83296]]}},{"type":"Feature","properties":{"nombre":"Avenida Francia","jerarquia":3},"geometry":{"type":"LineString","coordinates":[[-73.23324,-39.83765],[-73.23354,-39.83762]]}},{"type":"Feature","properties":{"nombre":"Avenida Francia","jerarquia":3},"geometry":{"type":"LineString","coordinates":[[-73.23354,-39.83762],[-73.23373,-39.8376]]}},{"type":"Feature","properties":{"nombre":"Avenida Francia","jerarquia":4},"geometry":{"type":"LineString","coordinates":[[-73.23463,-39.83761],[-73.23438,-39.83764]]}},{"type":"Feature","properties":{"nombre":"Avenida Pedro Montt","jerarquia":3},"geometry":{"type":"LineString","coordinates":[[-73.23397,-39.83724],[-73.23391,-39.83747]]}},{"type":"Feature","properties":{"nombre":"Avenida Pedro Montt","jerarquia":3},"geometry":{"type":"LineString","coordinates":[[-73.23391,-39.83747],[-73.23388,-39.83758]]}},{"type":"Feature","properties":{"nombre":"Avenida Pedro Montt","jerarquia":3},"geometry":{"type":"LineString","coordinates":[[-73.23373,-39.8376],[-73.23397,-39.83664]]}},{"type":"Feature","properties":{"nombre":"Avenida Pedro Montt","jerarquia":3},"geometry":{"type":"LineString","coordinates":[[-73.23397,-39.83664],[-73.23428,-39.83548]]}},{"type":"Feature","properties":{"nombre":"Avenida Pedro Montt","jerarquia":3},"geometry":{"type":"LineString","coordinates":[[-73.23443,-39.83548],[-73.23411,-39.83666]]}},{"type":"Feature","properties":{"nombre":"Avenida Pedro Montt","jerarquia":3},"geometry":{"type":"LineString","coordinates":[[-73.23411,-39.83666],[-73.23397,-39.83724]]}},{"type":"Feature","properties":{"nombre":"Avenida Pedro Montt","jerarquia":4},"geometry":{"type":"LineString","coordinates":[[-73.23346,-39.83862],[-73.23367,-39.83781]]}},{"type":"Feature","properties":{"nombre":"Avenida Pedro Montt","jerarquia":4},"geometry":{"type":"LineString","coordinates":[[-73.23367,-39.83781],[-73.2337,-39.8377]]}},{"type":"Feature","properties":{"nombre":"Avenida Pedro Montt","jerarquia":4},"geometry":{"type":"LineString","coordinates":[[-73.23385,-39.83769],[-73.2336,-39.83864]]}},{"type":"Feature","properties":{"nombre":"Avenida Francia","jerarquia":3},"geometry":{"type":"LineString","coordinates":[[-73.23001,-39.83805],[-73.22961,-39.83808]]}},{"type":"Feature","properties":{"nombre":"Avenida Francia","jerarquia":3},"geometry":{"type":"LineString","coordinates":[[-73.22961,-39.83808],[-73.22957,-39.83808]]}},{"type":"Feature","properties":{"nombre":"Avenida Francia","jerarquia":3},"geometry":{"type":"LineString","coordinates":[[-73.22945,-39.83798],[-73.22955,-39.83798]]}},{"type":"Feature","properties":{"nombre":"Avenida Francia","jerarquia":4},"geometry":{"type":"LineString","coordinates":[[-73.24094,-39.83373],[-73.24086,-39.8338]]}},{"type":"Feature","properties":{"nombre":"Avenida Simpson","jerarquia":4},"geometry":{"type":"LineString","coordinates":[[-73.24105,-39.83369],[-73.24241,-39.83448]]}},{"type":"Feature","properties":{"nombre":"Avenida Simpson","jerarquia":4},"geometry":{"type":"LineString","coordinates":[[-73.24252,-39.83469],[-73.24103,-39.83379]]}},{"type":"Feature","properties":{"nombre":"Avenida Simpson","jerarquia":4},"geometry":{"type":"LineString","coordinates":[[-73.24103,-39.83379],[-73.24099,-39.83377]]}},{"type":"Feature","properties":{"nombre":"Avenida Simpson","jerarquia":4},"geometry":{"type":"LineString","coordinates":[[-73.23768,-39.83166],[-73.23866,-39.83223]]}},{"type":"Feature","properties":{"nombre":"Avenida Simpson","jerarquia":4},"geometry":{"type":"LineString","coordinates":[[-73.23866,-39.83223],[-73.23937,-39.83266]]}},{"type":"Feature","properties":{"nombre":"Avenida Simpson","jerarquia":4},"geometry":{"type":"LineString","coordinates":[[-73.23937,-39.83266],[-73.24081,-39.83353]]}},{"type":"Feature","properties":{"nombre":"Avenida Simpson","jerarquia":4},"geometry":{"type":"LineString","coordinates":[[-73.24081,-39.83353],[-73.24087,-39.83356]]}},{"type":"Feature","properties":{"nombre":"Avenida Simpson","jerarquia":4},"geometry":{"type":"LineString","coordinates":[[-73.23699,-39.83134],[-73.23675,-39.83121],[-73.23643,-39.83083]]}},{"type":"Feature","properties":{"nombre":"Avenida Francia","jerarquia":4},"geometry":{"type":"LineString","coordinates":[[-73.23726,-39.83647],[-73.23613,-39.83706]]}},{"type":"Feature","properties":{"nombre":"Avenida Francia","jerarquia":4},"geometry":{"type":"LineString","coordinates":[[-73.23613,-39.83706],[-73.23569,-39.83729]]}},{"type":"Feature","properties":{"nombre":"Avenida Francia","jerarquia":4},"geometry":{"type":"LineString","coordinates":[[-73.23438,-39.83764],[-73.23401,-39.83767]]}},{"type":"Feature","properties":{"nombre":"Avenida Francia","jerarquia":4},"geometry":{"type":"LineString","coordinates":[[-73.23401,-39.83767],[-73.23385,-39.83769]]}},{"type":"Feature","properties":{"nombre":"Avenida Francia","jerarquia":4},"geometry":{"type":"LineString","coordinates":[[-73.23569,-39.83729],[-73.23513,-39.8375]]}},{"type":"Feature","properties":{"nombre":"Avenida Francia","jerarquia":4},"geometry":{"type":"LineString","coordinates":[[-73.23513,-39.8375],[-73.23463,-39.83761]]}},{"type":"Feature","properties":{"nombre":"Avenida Francia","jerarquia":4},"geometry":{"type":"LineString","coordinates":[[-73.23562,-39.8372],[-73.23619,-39.83691]]}},{"type":"Feature","properties":{"nombre":"Avenida Francia","jerarquia":4},"geometry":{"type":"LineString","coordinates":[[-73.23619,-39.83691],[-73.23732,-39.83632]]}},{"type":"Feature","properties":{"nombre":"Avenida Francia","jerarquia":4},"geometry":{"type":"LineString","coordinates":[[-73.23388,-39.83758],[-73.23459,-39.83752]]}},{"type":"Feature","properties":{"nombre":"José María Muñoz Hermosilla","jerarquia":5},"geometry":{"type":"LineString","coordinates":[[-73.23178,-39.83296],[-73.23254,-39.83306]]}},{"type":"Feature","properties":{"nombre":"José María Muñoz Hermosilla","jerarquia":5},"geometry":{"type":"LineString","coordinates":[[-73.23254,-39.83306],[-73.23317,-39.83315]]}},{"type":"Feature","properties":{"nombre":"José María Muñoz Hermosilla","jerarquia":5},"geometry":{"type":"LineString","coordinates":[[-73.23317,-39.83315],[-73.23474,-39.83335]]}},{"type":"Feature","properties":{"nombre":"José María Muñoz Hermosilla","jerarquia":5},"geometry":{"type":"LineString","coordinates":[[-73.23474,-39.83335],[-73.23481,-39.83336]]}},{"type":"Feature","properties":{"nombre":"Avenida Pedro Montt","jerarquia":3},"geometry":{"type":"LineString","coordinates":[[-73.23428,-39.83548],[-73.23442,-39.83492]]}},{"type":"Feature","properties":{"nombre":"Avenida Pedro Montt","jerarquia":3},"geometry":{"type":"LineString","coordinates":[[-73.23456,-39.83494],[-73.23443,-39.83548]]}},{"type":"Feature","properties":{"nombre":"Avenida Italia","jerarquia":5},"geometry":{"type":"LineString","coordinates":[[-73.2383,-39.83366],[-73.2385,-39.83348]]}},{"type":"Feature","properties":{"nombre":"Avenida Italia","jerarquia":5},"geometry":{"type":"LineString","coordinates":[[-73.2385,-39.83348],[-73.23878,-39.83322]]}},{"type":"Feature","properties":{"nombre":"Avenida Italia","jerarquia":5},"geometry":{"type":"LineString","coordinates":[[-73.23878,-39.83322],[-73.23926,-39.83275]]}},{"type":"Feature","properties":{"nombre":"Avenida Pedro Montt","jerarquia":3},"geometry":{"type":"LineString","coordinates":[[-73.23507,-39.8329],[-73.23495,-39.83338]]}},{"type":"Feature","properties":{"nombre":"Avenida Pedro Montt","jerarquia":3},"geometry":{"type":"LineString","coordinates":[[-73.23519,-39.83235],[-73.23507,-39.8329]]}},{"type":"Feature","properties":{"nombre":"Avenida Pedro Montt","jerarquia":3},"geometry":{"type":"LineString","coordinates":[[-73.23471,-39.83382],[-73.23481,-39.83336]]}},{"type":"Feature","properties":{"nombre":"Avenida Pedro Montt","jerarquia":3},"geometry":{"type":"LineString","coordinates":[[-73.23481,-39.83336],[-73.23492,-39.83286]]}},{"type":"Feature","properties":{"nombre":"Avenida Pedro Montt","jerarquia":3},"geometry":{"type":"LineString","coordinates":[[-73.23492,-39.83286],[-73.23503,-39.8323]]}},{"type":"Feature","properties":{"nombre":"Avenida Simpson","jerarquia":4},"geometry":{"type":"LineString","coordinates":[[-73.23643,-39.83083],[-73.23615,-39.83059]]}},{"type":"Feature","properties":{"nombre":"Avenida Simpson","jerarquia":4},"geometry":{"type":"LineString","coordinates":[[-73.2366,-39.83078],[-73.23677,-39.83104],[-73.23706,-39.83128]]}},{"type":"Feature","properties":{"nombre":"Avenida Simpson","jerarquia":4},"geometry":{"type":"LineString","coordinates":[[-73.23595,-39.8303],[-73.2366,-39.83078]]}},{"type":"Feature","properties":{"nombre":"Avenida Simpson","jerarquia":4},"geometry":{"type":"LineString","coordinates":[[-73.23589,-39.83038],[-73.2353,-39.83004]]}},{"type":"Feature","properties":{"nombre":"Avenida Simpson","jerarquia":4},"geometry":{"type":"LineString","coordinates":[[-73.23476,-39.82973],[-73.23487,-39.82975]]}},{"type":"Feature","properties":{"nombre":"Avenida Simpson","jerarquia":4},"geometry":{"type":"LineString","coordinates":[[-73.23487,-39.82983],[-73.23474,-39.8298]]}},{"type":"Feature","properties":{"nombre":"Avenida Simpson","jerarquia":4},"geometry":{"type":"LineString","coordinates":[[-73.23517,-39.82996],[-73.23503,-39.82988]]}},{"type":"Feature","properties":{"nombre":"Avenida Simpson","jerarquia":4},"geometry":{"type":"LineString","coordinates":[[-73.23503,-39.82988],[-73.23487,-39.82983]]}},{"type":"Feature","properties":{"nombre":"Avenida Pedro Montt","jerarquia":3},"geometry":{"type":"LineString","coordinates":[[-73.23488,-39.83091],[-73.235,-39.83124]]}},{"type":"Feature","properties":{"nombre":"Avenida Pedro Montt","jerarquia":3},"geometry":{"type":"LineString","coordinates":[[-73.235,-39.83124],[-73.23518,-39.8318]]}},{"type":"Feature","properties":{"nombre":"Avenida Pedro Montt","jerarquia":3},"geometry":{"type":"LineString","coordinates":[[-73.23502,-39.83184],[-73.2349,-39.83149]]}},{"type":"Feature","properties":{"nombre":"Avenida Pedro Montt","jerarquia":3},"geometry":{"type":"LineString","coordinates":[[-73.2349,-39.83149],[-73.23476,-39.83094]]}},{"type":"Feature","properties":{"nombre":"Avenida Pedro Montt","jerarquia":3},"geometry":{"type":"LineString","coordinates":[[-73.23476,-39.83094],[-73.23472,-39.83022]]}},{"type":"Feature","properties":{"nombre":"Avenida Pedro Montt","jerarquia":3},"geometry":{"type":"LineString","coordinates":[[-73.23518,-39.8318],[-73.23522,-39.83208],[-73.23519,-39.83235]]}},{"type":"Feature","properties":{"nombre":"Carlos Krahmer Richter","jerarquia":5},"geometry":{"type":"LineString","coordinates":[[-73.22982,-39.83548],[-73.23036,-39.8351]]}},{"type":"Feature","properties":{"nombre":"Carlos Krahmer Richter","jerarquia":5},"geometry":{"type":"LineString","coordinates":[[-73.23036,-39.8351],[-73.23062,-39.83472]]}},{"type":"Feature","properties":{"nombre":"Carlos Krahmer Richter","jerarquia":5},"geometry":{"type":"LineString","coordinates":[[-73.23062,-39.83472],[-73.231,-39.83417]]}},{"type":"Feature","properties":{"nombre":"Carlos Krahmer Richter","jerarquia":5},"geometry":{"type":"LineString","coordinates":[[-73.231,-39.83417],[-73.23122,-39.83384]]}},{"type":"Feature","properties":{"nombre":"Carlos Krahmer Richter","jerarquia":5},"geometry":{"type":"LineString","coordinates":[[-73.23122,-39.83384],[-73.23146,-39.8335]]}},{"type":"Feature","properties":{"nombre":"Carlos Krahmer Richter","jerarquia":5},"geometry":{"type":"LineString","coordinates":[[-73.23146,-39.8335],[-73.23166,-39.83316]]}},{"type":"Feature","properties":{"nombre":"Carlos Krahmer Richter","jerarquia":5},"geometry":{"type":"LineString","coordinates":[[-73.23166,-39.83316],[-73.23175,-39.83299]]}},{"type":"Feature","properties":{"nombre":"Carlos Krahmer Richter","jerarquia":5},"geometry":{"type":"LineString","coordinates":[[-73.23175,-39.83299],[-73.23178,-39.83296]]}},{"type":"Feature","properties":{"nombre":"San Luis","jerarquia":5},"geometry":{"type":"LineString","coordinates":[[-73.22201,-39.8371],[-73.22241,-39.83618]]}},{"type":"Feature","properties":{"nombre":"San Luis","jerarquia":5},"geometry":{"type":"LineString","coordinates":[[-73.22241,-39.83618],[-73.22251,-39.83596]]}},{"type":"Feature","properties":{"nombre":"Avenida Simpson","jerarquia":4},"geometry":{"type":"LineString","coordinates":[[-73.22441,-39.83041],[-73.22467,-39.83037]]}},{"type":"Feature","properties":{"nombre":"Avenida Simpson","jerarquia":4},"geometry":{"type":"LineString","coordinates":[[-73.22378,-39.83025],[-73.22402,-39.83035]]}},{"type":"Feature","properties":{"nombre":"Avenida Simpson","jerarquia":4},"geometry":{"type":"LineString","coordinates":[[-73.22402,-39.83035],[-73.22441,-39.83041]]}},{"type":"Feature","properties":{"nombre":"Avenida Simpson","jerarquia":4},"geometry":{"type":"LineString","coordinates":[[-73.22348,-39.83025],[-73.22249,-39.82956]]}},{"type":"Feature","properties":{"nombre":"Avenida Simpson","jerarquia":4},"geometry":{"type":"LineString","coordinates":[[-73.22467,-39.83053],[-73.22441,-39.83055]]}},{"type":"Feature","properties":{"nombre":"San Luis","jerarquia":5},"geometry":{"type":"LineString","coordinates":[[-73.22428,-39.83064],[-73.22308,-39.83145]]}},{"type":"Feature","properties":{"nombre":"San Luis","jerarquia":5},"geometry":{"type":"LineString","coordinates":[[-73.22441,-39.83055],[-73.22441,-39.83041]]}},{"type":"Feature","properties":{"nombre":"Avenida Simpson","jerarquia":4},"geometry":{"type":"LineString","coordinates":[[-73.22441,-39.83055],[-73.22388,-39.83044],[-73.22348,-39.83025]]}},{"type":"Feature","properties":{"nombre":"Avenida Simpson","jerarquia":4},"geometry":{"type":"LineString","coordinates":[[-73.22467,-39.83037],[-73.22517,-39.83032]]}},{"type":"Feature","properties":{"nombre":"Avenida Simpson","jerarquia":4},"geometry":{"type":"LineString","coordinates":[[-73.22517,-39.83032],[-73.22729,-39.83003]]}},{"type":"Feature","properties":{"nombre":"Avenida Simpson","jerarquia":4},"geometry":{"type":"LineString","coordinates":[[-73.22729,-39.83003],[-73.22856,-39.82987]]}},{"type":"Feature","properties":{"nombre":"San Martín","jerarquia":5},"geometry":{"type":"LineString","coordinates":[[-73.22903,-39.83192],[-73.22891,-39.83143]]}},{"type":"Feature","properties":{"nombre":"San Martín","jerarquia":5},"geometry":{"type":"LineString","coordinates":[[-73.22891,-39.83143],[-73.22881,-39.83095]]}},{"type":"Feature","properties":{"nombre":"San Martín","jerarquia":5},"geometry":{"type":"LineString","coordinates":[[-73.22881,-39.83095],[-73.22871,-39.83046]]}},{"type":"Feature","properties":{"nombre":"San Martín","jerarquia":5},"geometry":{"type":"LineString","coordinates":[[-73.22871,-39.83046],[-73.2286,-39.82999]]}},{"type":"Feature","properties":{"nombre":"Avenida Pedro Montt","jerarquia":3},"geometry":{"type":"LineString","coordinates":[[-73.23495,-39.82932],[-73.23489,-39.82967]]}},{"type":"Feature","properties":{"nombre":"Avenida Pedro Montt","jerarquia":3},"geometry":{"type":"LineString","coordinates":[[-73.23489,-39.82967],[-73.23487,-39.82975]]}},{"type":"Feature","properties":{"nombre":"Avenida Pedro Montt","jerarquia":3},"geometry":{"type":"LineString","coordinates":[[-73.23483,-39.8301],[-73.23482,-39.83017]]}},{"type":"Feature","properties":{"nombre":"Avenida Pedro Montt","jerarquia":3},"geometry":{"type":"LineString","coordinates":[[-73.23482,-39.83017],[-73.23481,-39.83055],[-73.23488,-39.83091]]}},{"type":"Feature","properties":{"nombre":"Avenida Pedro Montt","jerarquia":3},"geometry":{"type":"LineString","coordinates":[[-73.23487,-39.82983],[-73.23483,-39.8301]]}},{"type":"Feature","properties":{"nombre":"Avenida Pedro Montt","jerarquia":3},"geometry":{"type":"LineString","coordinates":[[-73.23487,-39.82975],[-73.23487,-39.82983]]}},{"type":"Feature","properties":{"nombre":"Avenida Pedro Montt","jerarquia":3},"geometry":{"type":"LineString","coordinates":[[-73.23472,-39.83022],[-73.23474,-39.8299]]}},{"type":"Feature","properties":{"nombre":"Avenida Pedro Montt","jerarquia":3},"geometry":{"type":"LineString","coordinates":[[-73.23474,-39.8299],[-73.23474,-39.8298]]}},{"type":"Feature","properties":{"nombre":"Avenida Simpson","jerarquia":4},"geometry":{"type":"LineString","coordinates":[[-73.22856,-39.82987],[-73.2303,-39.82962]]}},{"type":"Feature","properties":{"nombre":"Avenida Simpson","jerarquia":4},"geometry":{"type":"LineString","coordinates":[[-73.23282,-39.82979],[-73.23196,-39.82971]]}},{"type":"Feature","properties":{"nombre":"Avenida Simpson","jerarquia":4},"geometry":{"type":"LineString","coordinates":[[-73.23196,-39.82971],[-73.23121,-39.82963],[-73.23031,-39.82974]]}},{"type":"Feature","properties":{"nombre":"Avenida Simpson","jerarquia":4},"geometry":{"type":"LineString","coordinates":[[-73.2303,-39.82962],[-73.23121,-39.82949],[-73.232,-39.82956]]}},{"type":"Feature","properties":{"nombre":"Avenida Simpson","jerarquia":4},"geometry":{"type":"LineString","coordinates":[[-73.232,-39.82956],[-73.23283,-39.82965]]}},{"type":"Feature","properties":{"nombre":"Avenida Simpson","jerarquia":4},"geometry":{"type":"LineString","coordinates":[[-73.23413,-39.8298],[-73.23282,-39.82979]]}},{"type":"Feature","properties":{"nombre":"Avenida Simpson","jerarquia":4},"geometry":{"type":"LineString","coordinates":[[-73.23283,-39.82965],[-73.23305,-39.82967]]}},{"type":"Feature","properties":{"nombre":"Avenida Simpson","jerarquia":4},"geometry":{"type":"LineString","coordinates":[[-73.23305,-39.82967],[-73.23414,-39.8297]]}},{"type":"Feature","properties":{"nombre":"Avenida Simpson","jerarquia":4},"geometry":{"type":"LineString","coordinates":[[-73.23414,-39.8297],[-73.23471,-39.82972]]}},{"type":"Feature","properties":{"nombre":"Avenida Simpson","jerarquia":4},"geometry":{"type":"LineString","coordinates":[[-73.23471,-39.82972],[-73.23476,-39.82973]]}},{"type":"Feature","properties":{"nombre":"Avenida Simpson","jerarquia":4},"geometry":{"type":"LineString","coordinates":[[-73.2353,-39.83004],[-73.23517,-39.82996]]}},{"type":"Feature","properties":{"nombre":"General A. Montecino Caro","jerarquia":5},"geometry":{"type":"LineString","coordinates":[[-73.22959,-39.83873],[-73.22947,-39.83816]]}},{"type":"Feature","properties":{"nombre":"General A. Montecino Caro","jerarquia":5},"geometry":{"type":"LineString","coordinates":[[-73.22947,-39.83816],[-73.22947,-39.83814]]}},{"type":"Feature","properties":{"nombre":"José María Muñoz Hermosilla","jerarquia":5},"geometry":{"type":"LineString","coordinates":[[-73.22743,-39.83242],[-73.22813,-39.83246]]}},{"type":"Feature","properties":{"nombre":"San Luis","jerarquia":5},"geometry":{"type":"LineString","coordinates":[[-73.22281,-39.83348],[-73.22277,-39.83389]]}},{"type":"Feature","properties":{"nombre":"San Luis","jerarquia":5},"geometry":{"type":"LineString","coordinates":[[-73.22277,-39.83389],[-73.22276,-39.834]]}},{"type":"Feature","properties":{"nombre":"Avenida Simpson","jerarquia":4},"geometry":{"type":"LineString","coordinates":[[-73.23706,-39.83128],[-73.23768,-39.83166]]}},{"type":"Feature","properties":{"nombre":"Avenida Simpson","jerarquia":4},"geometry":{"type":"LineString","coordinates":[[-73.23761,-39.83172],[-73.23699,-39.83134]]}},{"type":"Feature","properties":{"nombre":"","jerarquia":4},"geometry":{"type":"LineString","coordinates":[[-73.24144,-39.83129],[-73.2413,-39.83132]]}},{"type":"Feature","properties":{"nombre":"","jerarquia":4},"geometry":{"type":"LineString","coordinates":[[-73.24156,-39.83219],[-73.24145,-39.83219]]}},{"type":"Feature","properties":{"nombre":"Avenida Francia","jerarquia":4},"geometry":{"type":"LineString","coordinates":[[-73.2409,-39.82986],[-73.24138,-39.83113]]}},{"type":"Feature","properties":{"nombre":"Avenida Argentina","jerarquia":4},"geometry":{"type":"LineString","coordinates":[[-73.21463,-39.82389],[-73.2147,-39.82392]]}},{"type":"Feature","properties":{"nombre":"Avenida Argentina","jerarquia":4},"geometry":{"type":"LineString","coordinates":[[-73.2147,-39.82392],[-73.21477,-39.82394]]}},{"type":"Feature","properties":{"nombre":"Avenida Argentina","jerarquia":4},"geometry":{"type":"LineString","coordinates":[[-73.21477,-39.82394],[-73.21489,-39.82397]]}},{"type":"Feature","properties":{"nombre":"Avenida Patricio Lynch","jerarquia":5},"geometry":{"type":"LineString","coordinates":[[-73.21489,-39.82405],[-73.21489,-39.82397]]}},{"type":"Feature","properties":{"nombre":"Avenida Francia","jerarquia":4},"geometry":{"type":"LineString","coordinates":[[-73.24078,-39.82989],[-73.2408,-39.82979]]}},{"type":"Feature","properties":{"nombre":"Avenida Francia","jerarquia":4},"geometry":{"type":"LineString","coordinates":[[-73.2408,-39.82979],[-73.2409,-39.82986]]}},{"type":"Feature","properties":{"nombre":"Avenida Argentina","jerarquia":4},"geometry":{"type":"LineString","coordinates":[[-73.21508,-39.82403],[-73.21499,-39.82404]]}},{"type":"Feature","properties":{"nombre":"Avenida Argentina","jerarquia":4},"geometry":{"type":"LineString","coordinates":[[-73.21499,-39.82404],[-73.21489,-39.82405]]}},{"type":"Feature","properties":{"nombre":"Avenida Argentina","jerarquia":4},"geometry":{"type":"LineString","coordinates":[[-73.21547,-39.82401],[-73.21508,-39.82403]]}},{"type":"Feature","properties":{"nombre":"Avenida Ecuador","jerarquia":4},"geometry":{"type":"LineString","coordinates":[[-73.21735,-39.82406],[-73.21654,-39.82398]]}},{"type":"Feature","properties":{"nombre":"Avenida Don Bosco","jerarquia":4},"geometry":{"type":"LineString","coordinates":[[-73.21871,-39.8268],[-73.21885,-39.82674]]}},{"type":"Feature","properties":{"nombre":"Avenida Don Bosco","jerarquia":4},"geometry":{"type":"LineString","coordinates":[[-73.21916,-39.82694],[-73.21871,-39.8268]]}},{"type":"Feature","properties":{"nombre":"Avenida Argentina","jerarquia":4},"geometry":{"type":"LineString","coordinates":[[-73.21365,-39.82387],[-73.2139,-39.82372]]}},{"type":"Feature","properties":{"nombre":"Avenida Argentina","jerarquia":4},"geometry":{"type":"LineString","coordinates":[[-73.21351,-39.82396],[-73.21365,-39.82387]]}},{"type":"Feature","properties":{"nombre":"Avenida Argentina","jerarquia":4},"geometry":{"type":"LineString","coordinates":[[-73.21395,-39.8238],[-73.21351,-39.82396]]}},{"type":"Feature","properties":{"nombre":"Avenida Doctor Clemente Holzapfel","jerarquia":3},"geometry":{"type":"LineString","coordinates":[[-73.20692,-39.82712],[-73.20719,-39.8269]]}},{"type":"Feature","properties":{"nombre":"Avenida Doctor Clemente Holzapfel","jerarquia":3},"geometry":{"type":"LineString","coordinates":[[-73.207,-39.82731],[-73.20692,-39.82712]]}},{"type":"Feature","properties":{"nombre":"Avenida Doctor Clemente Holzapfel","jerarquia":5},"geometry":{"type":"LineString","coordinates":[[-73.20692,-39.82712],[-73.20714,-39.82727]]}},{"type":"Feature","properties":{"nombre":"Hernando de Magallanes","jerarquia":5},"geometry":{"type":"LineString","coordinates":[[-73.20833,-39.8285],[-73.20843,-39.82845]]}},{"type":"Feature","properties":{"nombre":"Hernando de Magallanes","jerarquia":5},"geometry":{"type":"LineString","coordinates":[[-73.20843,-39.82845],[-73.20893,-39.82812]]}},{"type":"Feature","properties":{"nombre":"Hernando de Magallanes","jerarquia":5},"geometry":{"type":"LineString","coordinates":[[-73.20893,-39.82812],[-73.20916,-39.82797]]}},{"type":"Feature","properties":{"nombre":"Avenida Doctor Clemente Holzapfel","jerarquia":3},"geometry":{"type":"LineString","coordinates":[[-73.21179,-39.83124],[-73.2122,-39.83137]]}},{"type":"Feature","properties":{"nombre":"Avenida Don Bosco","jerarquia":4},"geometry":{"type":"LineString","coordinates":[[-73.21233,-39.83126],[-73.2123,-39.83128]]}},{"type":"Feature","properties":{"nombre":"Avenida Don Bosco","jerarquia":4},"geometry":{"type":"LineString","coordinates":[[-73.2123,-39.83128],[-73.2122,-39.83137]]}},{"type":"Feature","properties":{"nombre":"Avenida Don Bosco","jerarquia":4},"geometry":{"type":"LineString","coordinates":[[-73.21251,-39.83111],[-73.21233,-39.83126]]}},{"type":"Feature","properties":{"nombre":"Circunvalación Nueva Región","jerarquia":4},"geometry":{"type":"LineString","coordinates":[[-73.24866,-39.85175],[-73.24798,-39.85219]]}},{"type":"Feature","properties":{"nombre":"Circunvalación Nueva Región","jerarquia":4},"geometry":{"type":"LineString","coordinates":[[-73.24798,-39.85219],[-73.24788,-39.85226]]}},{"type":"Feature","properties":{"nombre":"Circunvalación Nueva Región","jerarquia":5},"geometry":{"type":"LineString","coordinates":[[-73.24725,-39.85254],[-73.24777,-39.85215]]}},{"type":"Feature","properties":{"nombre":"Intendente Luis Damann Asenjo","jerarquia":4},"geometry":{"type":"LineString","coordinates":[[-73.24461,-39.84981],[-73.24419,-39.84978]]}},{"type":"Feature","properties":{"nombre":"Intendente Luis Damann Asenjo","jerarquia":4},"geometry":{"type":"LineString","coordinates":[[-73.245,-39.8499],[-73.24461,-39.84981]]}},{"type":"Feature","properties":{"nombre":"Intendente Luis Damann Asenjo","jerarquia":4},"geometry":{"type":"LineString","coordinates":[[-73.24539,-39.85005],[-73.24507,-39.84992]]}},{"type":"Feature","properties":{"nombre":"Intendente Luis Damann Asenjo","jerarquia":4},"geometry":{"type":"LineString","coordinates":[[-73.24507,-39.84992],[-73.245,-39.8499]]}},{"type":"Feature","properties":{"nombre":"Avenida Intendente Luis Damann Asenjo","jerarquia":4},"geometry":{"type":"LineString","coordinates":[[-73.23428,-39.85051],[-73.23603,-39.85013]]}},{"type":"Feature","properties":{"nombre":"Avenida Intendente Luis Damann Asenjo","jerarquia":4},"geometry":{"type":"LineString","coordinates":[[-73.23603,-39.85013],[-73.23677,-39.84997]]}},{"type":"Feature","properties":{"nombre":"Avenida Intendente Luis Damann Asenjo","jerarquia":4},"geometry":{"type":"LineString","coordinates":[[-73.23677,-39.84997],[-73.23688,-39.84995]]}},{"type":"Feature","properties":{"nombre":"Avenida Intendente Luis Damann Asenjo","jerarquia":4},"geometry":{"type":"LineString","coordinates":[[-73.23411,-39.85054],[-73.23428,-39.85051]]}},{"type":"Feature","properties":{"nombre":"Avenida Intendente Luis Damann Asenjo","jerarquia":4},"geometry":{"type":"LineString","coordinates":[[-73.23415,-39.85065],[-73.23244,-39.85102]]}},{"type":"Feature","properties":{"nombre":"Avenida Intendente Luis Damann Asenjo","jerarquia":4},"geometry":{"type":"LineString","coordinates":[[-73.23244,-39.85102],[-73.23239,-39.85103]]}},{"type":"Feature","properties":{"nombre":"Avenida Intendente Luis Damann Asenjo","jerarquia":4},"geometry":{"type":"LineString","coordinates":[[-73.23431,-39.85062],[-73.23415,-39.85065]]}},{"type":"Feature","properties":{"nombre":"Avenida Intendente Luis Damann Asenjo","jerarquia":4},"geometry":{"type":"LineString","coordinates":[[-73.23851,-39.8498],[-73.23817,-39.84984]]}},{"type":"Feature","properties":{"nombre":"Avenida Intendente Luis Damann Asenjo","jerarquia":4},"geometry":{"type":"LineString","coordinates":[[-73.23817,-39.84984],[-73.23711,-39.85003]]}},{"type":"Feature","properties":{"nombre":"Avenida Intendente Luis Damann Asenjo","jerarquia":4},"geometry":{"type":"LineString","coordinates":[[-73.23711,-39.85003],[-73.23708,-39.85003]]}},{"type":"Feature","properties":{"nombre":"Avenida Intendente Luis Damann Asenjo","jerarquia":4},"geometry":{"type":"LineString","coordinates":[[-73.23706,-39.84992],[-73.23848,-39.84968]]}},{"type":"Feature","properties":{"nombre":"Avenida Intendente Luis Damann Asenjo","jerarquia":4},"geometry":{"type":"LineString","coordinates":[[-73.23708,-39.85003],[-73.23691,-39.85008]]}},{"type":"Feature","properties":{"nombre":"Avenida Intendente Luis Damann Asenjo","jerarquia":4},"geometry":{"type":"LineString","coordinates":[[-73.24039,-39.84976],[-73.24023,-39.84976]]}},{"type":"Feature","properties":{"nombre":"Avenida Intendente Luis Damann Asenjo","jerarquia":4},"geometry":{"type":"LineString","coordinates":[[-73.24023,-39.84976],[-73.23982,-39.84976]]}},{"type":"Feature","properties":{"nombre":"Avenida Intendente Luis Damann Asenjo","jerarquia":4},"geometry":{"type":"LineString","coordinates":[[-73.23982,-39.84976],[-73.23881,-39.84978]]}},{"type":"Feature","properties":{"nombre":"Avenida Intendente Luis Damann Asenjo","jerarquia":4},"geometry":{"type":"LineString","coordinates":[[-73.23881,-39.84978],[-73.23851,-39.8498]]}},{"type":"Feature","properties":{"nombre":"Avenida Intendente Luis Damann Asenjo","jerarquia":4},"geometry":{"type":"LineString","coordinates":[[-73.23848,-39.84968],[-73.24022,-39.84964]]}},{"type":"Feature","properties":{"nombre":"Avenida Intendente Luis Damann Asenjo","jerarquia":4},"geometry":{"type":"LineString","coordinates":[[-73.23688,-39.84995],[-73.23706,-39.84992]]}},{"type":"Feature","properties":{"nombre":"San Luis","jerarquia":5},"geometry":{"type":"LineString","coordinates":[[-73.22479,-39.84926],[-73.22455,-39.84901]]}},{"type":"Feature","properties":{"nombre":"San Luis","jerarquia":5},"geometry":{"type":"LineString","coordinates":[[-73.22455,-39.84901],[-73.22428,-39.8487]]}},{"type":"Feature","properties":{"nombre":"San Luis","jerarquia":5},"geometry":{"type":"LineString","coordinates":[[-73.22599,-39.84991],[-73.22516,-39.84963]]}},{"type":"Feature","properties":{"nombre":"San Luis","jerarquia":5},"geometry":{"type":"LineString","coordinates":[[-73.22516,-39.84963],[-73.22479,-39.84926]]}},{"type":"Feature","properties":{"nombre":"Avenida René Schneider","jerarquia":4},"geometry":{"type":"LineString","coordinates":[[-73.22414,-39.85208],[-73.22445,-39.85224]]}},{"type":"Feature","properties":{"nombre":"Avenida René Schneider","jerarquia":4},"geometry":{"type":"LineString","coordinates":[[-73.22445,-39.85224],[-73.22575,-39.85283]]}},{"type":"Feature","properties":{"nombre":"Avenida René Schneider","jerarquia":4},"geometry":{"type":"LineString","coordinates":[[-73.22338,-39.85157],[-73.22379,-39.85186]]}},{"type":"Feature","properties":{"nombre":"Avenida René Schneider","jerarquia":4},"geometry":{"type":"LineString","coordinates":[[-73.22379,-39.85186],[-73.22414,-39.85208]]}},{"type":"Feature","properties":{"nombre":"Avenida René Schneider","jerarquia":4},"geometry":{"type":"LineString","coordinates":[[-73.22301,-39.85126],[-73.22338,-39.85157]]}},{"type":"Feature","properties":{"nombre":"Avenida René Schneider","jerarquia":4},"geometry":{"type":"LineString","coordinates":[[-73.21968,-39.84817],[-73.2198,-39.84828]]}},{"type":"Feature","properties":{"nombre":"Avenida René Schneider","jerarquia":4},"geometry":{"type":"LineString","coordinates":[[-73.2198,-39.84828],[-73.22004,-39.8485]]}},{"type":"Feature","properties":{"nombre":"Avenida René Schneider","jerarquia":4},"geometry":{"type":"LineString","coordinates":[[-73.22004,-39.8485],[-73.22034,-39.84879]]}},{"type":"Feature","properties":{"nombre":"Avenida René Schneider","jerarquia":4},"geometry":{"type":"LineString","coordinates":[[-73.22034,-39.84879],[-73.22057,-39.84901]]}},{"type":"Feature","properties":{"nombre":"Avenida René Schneider","jerarquia":4},"geometry":{"type":"LineString","coordinates":[[-73.22057,-39.84901],[-73.22065,-39.84908]]}},{"type":"Feature","properties":{"nombre":"Avenida René Schneider","jerarquia":4},"geometry":{"type":"LineString","coordinates":[[-73.22065,-39.84908],[-73.22157,-39.84995]]}},{"type":"Feature","properties":{"nombre":"Avenida René Schneider","jerarquia":4},"geometry":{"type":"LineString","coordinates":[[-73.22157,-39.84995],[-73.2219,-39.85023]]}},{"type":"Feature","properties":{"nombre":"Avenida René Schneider","jerarquia":4},"geometry":{"type":"LineString","coordinates":[[-73.2219,-39.85023],[-73.22199,-39.85032]]}},{"type":"Feature","properties":{"nombre":"Avenida René Schneider","jerarquia":4},"geometry":{"type":"LineString","coordinates":[[-73.21887,-39.84725],[-73.2189,-39.84729]]}},{"type":"Feature","properties":{"nombre":"Avenida René Schneider","jerarquia":4},"geometry":{"type":"LineString","coordinates":[[-73.2189,-39.84729],[-73.21918,-39.84761]]}},{"type":"Feature","properties":{"nombre":"Avenida René Schneider","jerarquia":4},"geometry":{"type":"LineString","coordinates":[[-73.21918,-39.84761],[-73.21942,-39.84787]]}},{"type":"Feature","properties":{"nombre":"Avenida René Schneider","jerarquia":4},"geometry":{"type":"LineString","coordinates":[[-73.21942,-39.84787],[-73.21968,-39.84817]]}},{"type":"Feature","properties":{"nombre":"Avenida René Schneider","jerarquia":4},"geometry":{"type":"LineString","coordinates":[[-73.21812,-39.8464],[-73.21835,-39.84667]]}},{"type":"Feature","properties":{"nombre":"Avenida René Schneider","jerarquia":4},"geometry":{"type":"LineString","coordinates":[[-73.21835,-39.84667],[-73.21859,-39.84694]]}},{"type":"Feature","properties":{"nombre":"Avenida René Schneider","jerarquia":4},"geometry":{"type":"LineString","coordinates":[[-73.21859,-39.84694],[-73.21887,-39.84725]]}},{"type":"Feature","properties":{"nombre":"Avenida René Schneider","jerarquia":4},"geometry":{"type":"LineString","coordinates":[[-73.21732,-39.84542],[-73.2176,-39.8458]]}},{"type":"Feature","properties":{"nombre":"Avenida René Schneider","jerarquia":4},"geometry":{"type":"LineString","coordinates":[[-73.2176,-39.8458],[-73.2177,-39.84592]]}},{"type":"Feature","properties":{"nombre":"Avenida René Schneider","jerarquia":4},"geometry":{"type":"LineString","coordinates":[[-73.21711,-39.84455],[-73.21717,-39.84507],[-73.21732,-39.84542]]}},{"type":"Feature","properties":{"nombre":"Avenida René Schneider","jerarquia":4},"geometry":{"type":"LineString","coordinates":[[-73.2177,-39.84592],[-73.21782,-39.84602]]}},{"type":"Feature","properties":{"nombre":"Avenida René Schneider","jerarquia":4},"geometry":{"type":"LineString","coordinates":[[-73.21782,-39.84602],[-73.21812,-39.8464]]}},{"type":"Feature","properties":{"nombre":"Nueva San Luis","jerarquia":5},"geometry":{"type":"LineString","coordinates":[[-73.2198,-39.8432],[-73.21962,-39.84281],[-73.21958,-39.84259]]}},{"type":"Feature","properties":{"nombre":"Avenida René Schneider","jerarquia":4},"geometry":{"type":"LineString","coordinates":[[-73.21766,-39.84048],[-73.21753,-39.84097]]}},{"type":"Feature","properties":{"nombre":"Avenida René Schneider","jerarquia":4},"geometry":{"type":"LineString","coordinates":[[-73.21753,-39.84097],[-73.21742,-39.84144]]}},{"type":"Feature","properties":{"nombre":"Avenida René Schneider","jerarquia":4},"geometry":{"type":"LineString","coordinates":[[-73.21742,-39.84144],[-73.2173,-39.84189]]}},{"type":"Feature","properties":{"nombre":"Avenida René Schneider","jerarquia":4},"geometry":{"type":"LineString","coordinates":[[-73.2173,-39.84189],[-73.21722,-39.84223]]}},{"type":"Feature","properties":{"nombre":"Avenida René Schneider","jerarquia":4},"geometry":{"type":"LineString","coordinates":[[-73.21722,-39.84223],[-73.21719,-39.84234]]}},{"type":"Feature","properties":{"nombre":"Avenida René Schneider","jerarquia":4},"geometry":{"type":"LineString","coordinates":[[-73.21719,-39.84234],[-73.21708,-39.84277]]}},{"type":"Feature","properties":{"nombre":"Avenida René Schneider","jerarquia":4},"geometry":{"type":"LineString","coordinates":[[-73.21708,-39.84277],[-73.21698,-39.84321]]}},{"type":"Feature","properties":{"nombre":"San Jorge","jerarquia":5},"geometry":{"type":"LineString","coordinates":[[-73.22007,-39.83937],[-73.21965,-39.8393]]}},{"type":"Feature","properties":{"nombre":"San Jorge","jerarquia":5},"geometry":{"type":"LineString","coordinates":[[-73.21965,-39.8393],[-73.21922,-39.83922]]}},{"type":"Feature","properties":{"nombre":"San Jorge","jerarquia":5},"geometry":{"type":"LineString","coordinates":[[-73.21922,-39.83922],[-73.21883,-39.83915]]}},{"type":"Feature","properties":{"nombre":"San Jorge","jerarquia":5},"geometry":{"type":"LineString","coordinates":[[-73.21883,-39.83915],[-73.21813,-39.83901]]}},{"type":"Feature","properties":{"nombre":"Avenida René Schneider","jerarquia":4},"geometry":{"type":"LineString","coordinates":[[-73.2178,-39.84003],[-73.2177,-39.84032]]}},{"type":"Feature","properties":{"nombre":"Avenida René Schneider","jerarquia":4},"geometry":{"type":"LineString","coordinates":[[-73.2177,-39.84032],[-73.21766,-39.84048]]}},{"type":"Feature","properties":{"nombre":"Avenida René Schneider","jerarquia":4},"geometry":{"type":"LineString","coordinates":[[-73.21915,-39.83694],[-73.21885,-39.83725],[-73.2186,-39.83762]]}},{"type":"Feature","properties":{"nombre":"Avenida René Schneider","jerarquia":4},"geometry":{"type":"LineString","coordinates":[[-73.2186,-39.83762],[-73.2185,-39.83782]]}},{"type":"Feature","properties":{"nombre":"Avenida René Schneider","jerarquia":4},"geometry":{"type":"LineString","coordinates":[[-73.21963,-39.83655],[-73.21915,-39.83694]]}},{"type":"Feature","properties":{"nombre":"San Luis","jerarquia":5},"geometry":{"type":"LineString","coordinates":[[-73.23047,-39.85035],[-73.2315,-39.8509]]}},{"type":"Feature","properties":{"nombre":"Avenida René Schneider","jerarquia":4},"geometry":{"type":"LineString","coordinates":[[-73.22797,-39.85435],[-73.2284,-39.85492]]}},{"type":"Feature","properties":{"nombre":"Avenida René Schneider","jerarquia":4},"geometry":{"type":"LineString","coordinates":[[-73.2284,-39.85492],[-73.22901,-39.85572]]}},{"type":"Feature","properties":{"nombre":"Avenida René Schneider","jerarquia":4},"geometry":{"type":"LineString","coordinates":[[-73.22746,-39.85386],[-73.22797,-39.85435]]}},{"type":"Feature","properties":{"nombre":"Avenida René Schneider","jerarquia":4},"geometry":{"type":"LineString","coordinates":[[-73.22575,-39.85283],[-73.22639,-39.85319]]}},{"type":"Feature","properties":{"nombre":"Avenida René Schneider","jerarquia":4},"geometry":{"type":"LineString","coordinates":[[-73.22639,-39.85319],[-73.22691,-39.8535]]}},{"type":"Feature","properties":{"nombre":"Avenida René Schneider","jerarquia":4},"geometry":{"type":"LineString","coordinates":[[-73.22691,-39.8535],[-73.22746,-39.85386]]}},{"type":"Feature","properties":{"nombre":"Intendente Luis Damann Asenjo","jerarquia":5},"geometry":{"type":"LineString","coordinates":[[-73.22879,-39.85277],[-73.22881,-39.8527]]}},{"type":"Feature","properties":{"nombre":"Intendente Luis Damann Asenjo","jerarquia":5},"geometry":{"type":"LineString","coordinates":[[-73.22966,-39.85201],[-73.22959,-39.8521]]}},{"type":"Feature","properties":{"nombre":"Intendente Luis Damann Asenjo","jerarquia":5},"geometry":{"type":"LineString","coordinates":[[-73.22957,-39.85206],[-73.22966,-39.85201]]}},{"type":"Feature","properties":{"nombre":"Santa Elvira","jerarquia":3},"geometry":{"type":"LineString","coordinates":[[-73.20221,-39.79553],[-73.20202,-39.79567]]}},{"type":"Feature","properties":{"nombre":"Avenida Balmaceda","jerarquia":4},"geometry":{"type":"LineString","coordinates":[[-73.20218,-39.79581],[-73.20257,-39.79616]]}},{"type":"Feature","properties":{"nombre":"Avenida Balmaceda","jerarquia":4},"geometry":{"type":"LineString","coordinates":[[-73.20202,-39.79567],[-73.20207,-39.79572]]}},{"type":"Feature","properties":{"nombre":"Avenida Balmaceda","jerarquia":4},"geometry":{"type":"LineString","coordinates":[[-73.20207,-39.79572],[-73.20218,-39.79581]]}},{"type":"Feature","properties":{"nombre":"Balmaceda","jerarquia":5},"geometry":{"type":"LineString","coordinates":[[-73.20184,-39.79551],[-73.20196,-39.79561]]}},{"type":"Feature","properties":{"nombre":"Balmaceda","jerarquia":5},"geometry":{"type":"LineString","coordinates":[[-73.20196,-39.79561],[-73.20202,-39.79567]]}},{"type":"Feature","properties":{"nombre":"Balmaceda","jerarquia":5},"geometry":{"type":"LineString","coordinates":[[-73.20143,-39.79514],[-73.20184,-39.79551]]}},{"type":"Feature","properties":{"nombre":"Santa Elvira","jerarquia":3},"geometry":{"type":"LineString","coordinates":[[-73.20285,-39.79507],[-73.20221,-39.79553]]}},{"type":"Feature","properties":{"nombre":"Santa Elvira","jerarquia":3},"geometry":{"type":"LineString","coordinates":[[-73.20178,-39.79584],[-73.20202,-39.79567]]}},{"type":"Feature","properties":{"nombre":"Santa Elvira","jerarquia":3},"geometry":{"type":"LineString","coordinates":[[-73.20146,-39.79607],[-73.20178,-39.79584]]}},{"type":"Feature","properties":{"nombre":"Avenida Los Laureles","jerarquia":5},"geometry":{"type":"LineString","coordinates":[[-73.25235,-39.81087],[-73.25236,-39.81093]]}},{"type":"Feature","properties":{"nombre":"Los Lingues","jerarquia":3},"geometry":{"type":"LineString","coordinates":[[-73.25877,-39.81238],[-73.25929,-39.81333]]}},{"type":"Feature","properties":{"nombre":"Ruta T-350","jerarquia":3},"geometry":{"type":"LineString","coordinates":[[-73.28468,-39.84038],[-73.28611,-39.84146]]}},{"type":"Feature","properties":{"nombre":"Ruta T-350","jerarquia":3},"geometry":{"type":"LineString","coordinates":[[-73.28134,-39.83884],[-73.28219,-39.83917]]}},{"type":"Feature","properties":{"nombre":"Ruta T-350","jerarquia":3},"geometry":{"type":"LineString","coordinates":[[-73.27975,-39.83826],[-73.28092,-39.83868]]}},{"type":"Feature","properties":{"nombre":"Ruta T-350","jerarquia":3},"geometry":{"type":"LineString","coordinates":[[-73.28092,-39.83868],[-73.28134,-39.83884]]}},{"type":"Feature","properties":{"nombre":"Ruta T-350","jerarquia":3},"geometry":{"type":"LineString","coordinates":[[-73.28611,-39.84146],[-73.28619,-39.84152]]}},{"type":"Feature","properties":{"nombre":"Ruta T-350","jerarquia":3},"geometry":{"type":"LineString","coordinates":[[-73.28619,-39.84152],[-73.2867,-39.84193]]}},{"type":"Feature","properties":{"nombre":"Ruta T-350","jerarquia":3},"geometry":{"type":"LineString","coordinates":[[-73.28219,-39.83917],[-73.28367,-39.83979],[-73.28468,-39.84038]]}},{"type":"Feature","properties":{"nombre":"Los Lingues","jerarquia":3},"geometry":{"type":"LineString","coordinates":[[-73.26079,-39.81816],[-73.2613,-39.82027]]}},{"type":"Feature","properties":{"nombre":"Ruta T-350","jerarquia":3},"geometry":{"type":"LineString","coordinates":[[-73.27882,-39.83794],[-73.27975,-39.83826]]}},{"type":"Feature","properties":{"nombre":"Los Lingues","jerarquia":3},"geometry":{"type":"LineString","coordinates":[[-73.25992,-39.81451],[-73.26079,-39.81816]]}},{"type":"Feature","properties":{"nombre":"Ruta T-350","jerarquia":3},"geometry":{"type":"LineString","coordinates":[[-73.26736,-39.82698],[-73.26894,-39.82823],[-73.26936,-39.82865],[-73.26972,-39.8291],[-73.27001,-39.82959],[-73.27021,-39.8301],[-73.27032,-39.83059],[-73.27036,-39.83118]]}},{"type":"Feature","properties":{"nombre":"Ruta T-350","jerarquia":3},"geometry":{"type":"LineString","coordinates":[[-73.27629,-39.837],[-73.2773,-39.83736]]}},{"type":"Feature","properties":{"nombre":"Ruta T-350","jerarquia":3},"geometry":{"type":"LineString","coordinates":[[-73.2736,-39.83605],[-73.27436,-39.83632]]}},{"type":"Feature","properties":{"nombre":"Ruta T-350","jerarquia":3},"geometry":{"type":"LineString","coordinates":[[-73.27436,-39.83632],[-73.27471,-39.83644]]}},{"type":"Feature","properties":{"nombre":"Ruta T-350","jerarquia":3},"geometry":{"type":"LineString","coordinates":[[-73.27471,-39.83644],[-73.275,-39.83655]]}},{"type":"Feature","properties":{"nombre":"Ruta T-350","jerarquia":3},"geometry":{"type":"LineString","coordinates":[[-73.275,-39.83655],[-73.27629,-39.837]]}},{"type":"Feature","properties":{"nombre":"Ruta T-350","jerarquia":3},"geometry":{"type":"LineString","coordinates":[[-73.28963,-39.84336],[-73.29042,-39.84346],[-73.29185,-39.84339]]}},{"type":"Feature","properties":{"nombre":"Ruta T-350","jerarquia":3},"geometry":{"type":"LineString","coordinates":[[-73.28755,-39.84256],[-73.28795,-39.84281],[-73.28841,-39.84301]]}},{"type":"Feature","properties":{"nombre":"Ruta T-350","jerarquia":3},"geometry":{"type":"LineString","coordinates":[[-73.28746,-39.8425],[-73.28755,-39.84256]]}},{"type":"Feature","properties":{"nombre":"Ruta T-350","jerarquia":3},"geometry":{"type":"LineString","coordinates":[[-73.2867,-39.84193],[-73.28746,-39.8425]]}},{"type":"Feature","properties":{"nombre":"Ruta T-350","jerarquia":3},"geometry":{"type":"LineString","coordinates":[[-73.29958,-39.84333],[-73.29972,-39.84335]]}},{"type":"Feature","properties":{"nombre":"Ruta T-350","jerarquia":3},"geometry":{"type":"LineString","coordinates":[[-73.29867,-39.84324],[-73.29898,-39.84327]]}},{"type":"Feature","properties":{"nombre":"Ruta T-350","jerarquia":3},"geometry":{"type":"LineString","coordinates":[[-73.29931,-39.84331],[-73.29958,-39.84333]]}},{"type":"Feature","properties":{"nombre":"Ruta T-350","jerarquia":3},"geometry":{"type":"LineString","coordinates":[[-73.29921,-39.84329],[-73.29931,-39.84331]]}},{"type":"Feature","properties":{"nombre":"Ruta T-350","jerarquia":3},"geometry":{"type":"LineString","coordinates":[[-73.29898,-39.84327],[-73.29921,-39.84329]]}},{"type":"Feature","properties":{"nombre":"Ruta T-350","jerarquia":3},"geometry":{"type":"LineString","coordinates":[[-73.29224,-39.84337],[-73.29634,-39.84315],[-73.29726,-39.84315],[-73.29867,-39.84324]]}},{"type":"Feature","properties":{"nombre":"Ruta T-350","jerarquia":3},"geometry":{"type":"LineString","coordinates":[[-73.30232,-39.84362],[-73.30283,-39.84367]]}},{"type":"Feature","properties":{"nombre":"Ruta T-350","jerarquia":3},"geometry":{"type":"LineString","coordinates":[[-73.29972,-39.84335],[-73.30232,-39.84362]]}},{"type":"Feature","properties":{"nombre":"Ruta T-350","jerarquia":3},"geometry":{"type":"LineString","coordinates":[[-73.32337,-39.8523],[-73.32448,-39.85339],[-73.32507,-39.85385]]}},{"type":"Feature","properties":{"nombre":"Ruta T-350","jerarquia":3},"geometry":{"type":"LineString","coordinates":[[-73.32306,-39.85199],[-73.32337,-39.8523]]}},{"type":"Feature","properties":{"nombre":"Ruta T-350","jerarquia":3},"geometry":{"type":"LineString","coordinates":[[-73.31218,-39.84533],[-73.31273,-39.84549]]}},{"type":"Feature","properties":{"nombre":"Ruta T-350","jerarquia":3},"geometry":{"type":"LineString","coordinates":[[-73.31152,-39.84514],[-73.31218,-39.84533]]}},{"type":"Feature","properties":{"nombre":"Ruta T-350","jerarquia":3},"geometry":{"type":"LineString","coordinates":[[-73.3109,-39.84495],[-73.31105,-39.845]]}},{"type":"Feature","properties":{"nombre":"Ruta T-350","jerarquia":3},"geometry":{"type":"LineString","coordinates":[[-73.31105,-39.845],[-73.31152,-39.84514]]}},{"type":"Feature","properties":{"nombre":"Ruta T-350","jerarquia":3},"geometry":{"type":"LineString","coordinates":[[-73.30283,-39.84367],[-73.30802,-39.84424],[-73.30978,-39.8446],[-73.3109,-39.84495]]}},{"type":"Feature","properties":{"nombre":"Ruta T-350","jerarquia":3},"geometry":{"type":"LineString","coordinates":[[-73.33371,-39.85517],[-73.33392,-39.85537]]}},{"type":"Feature","properties":{"nombre":"Ruta T-350","jerarquia":3},"geometry":{"type":"LineString","coordinates":[[-73.33083,-39.8549],[-73.33271,-39.85488]]}},{"type":"Feature","properties":{"nombre":"Ruta T-350","jerarquia":3},"geometry":{"type":"LineString","coordinates":[[-73.38083,-39.87006],[-73.38239,-39.87061]]}},{"type":"Feature","properties":{"nombre":"Ruta T-350","jerarquia":3},"geometry":{"type":"LineString","coordinates":[[-73.37998,-39.86976],[-73.38083,-39.87006]]}},{"type":"Feature","properties":{"nombre":"Ruta T-350","jerarquia":3},"geometry":{"type":"LineString","coordinates":[[-73.38463,-39.87352],[-73.38561,-39.87516]]}},{"type":"Feature","properties":{"nombre":"Ruta T-350","jerarquia":3},"geometry":{"type":"LineString","coordinates":[[-73.38355,-39.87159],[-73.38367,-39.87179]]}},{"type":"Feature","properties":{"nombre":"Ruta T-350","jerarquia":3},"geometry":{"type":"LineString","coordinates":[[-73.38385,-39.8722],[-73.38362,-39.87182]]}},{"type":"Feature","properties":{"nombre":"Ruta T-350","jerarquia":3},"geometry":{"type":"LineString","coordinates":[[-73.38379,-39.87206],[-73.38385,-39.8722]]}},{"type":"Feature","properties":{"nombre":"Ruta T-350","jerarquia":3},"geometry":{"type":"LineString","coordinates":[[-73.38362,-39.87182],[-73.38342,-39.87148],[-73.38311,-39.87112],[-73.38278,-39.87084],[-73.38239,-39.87061]]}},{"type":"Feature","properties":{"nombre":"Ruta T-350","jerarquia":3},"geometry":{"type":"LineString","coordinates":[[-73.38239,-39.87061],[-73.38282,-39.87083],[-73.38307,-39.87101],[-73.38327,-39.87121],[-73.38355,-39.87159]]}},{"type":"Feature","properties":{"nombre":"Ruta T-350","jerarquia":3},"geometry":{"type":"LineString","coordinates":[[-73.38723,-39.87554],[-73.38741,-39.87553]]}},{"type":"Feature","properties":{"nombre":"Ruta T-350","jerarquia":3},"geometry":{"type":"LineString","coordinates":[[-73.38649,-39.87572],[-73.38681,-39.87561]]}},{"type":"Feature","properties":{"nombre":"Ruta T-350","jerarquia":3},"geometry":{"type":"LineString","coordinates":[[-73.38709,-39.87565],[-73.38691,-39.87568]]}},{"type":"Feature","properties":{"nombre":"Ruta T-350","jerarquia":3},"geometry":{"type":"LineString","coordinates":[[-73.38773,-39.87553],[-73.38709,-39.87565]]}},{"type":"Feature","properties":{"nombre":"Ruta T-350","jerarquia":3},"geometry":{"type":"LineString","coordinates":[[-73.38741,-39.87553],[-73.38773,-39.87553]]}},{"type":"Feature","properties":{"nombre":"Ruta T-350","jerarquia":3},"geometry":{"type":"LineString","coordinates":[[-73.38681,-39.87561],[-73.38723,-39.87554]]}},{"type":"Feature","properties":{"nombre":"Ruta T-350","jerarquia":3},"geometry":{"type":"LineString","coordinates":[[-73.38604,-39.87574],[-73.38589,-39.87561],[-73.38561,-39.87516]]}},{"type":"Feature","properties":{"nombre":"","jerarquia":3},"geometry":{"type":"LineString","coordinates":[[-73.38709,-39.87565],[-73.38723,-39.87554]]}},{"type":"Feature","properties":{"nombre":"","jerarquia":3},"geometry":{"type":"LineString","coordinates":[[-73.38681,-39.87561],[-73.38689,-39.87564]]}},{"type":"Feature","properties":{"nombre":"","jerarquia":3},"geometry":{"type":"LineString","coordinates":[[-73.38689,-39.87564],[-73.38691,-39.87568]]}},{"type":"Feature","properties":{"nombre":"Ruta T-350","jerarquia":3},"geometry":{"type":"LineString","coordinates":[[-73.38385,-39.8722],[-73.38463,-39.87352]]}},{"type":"Feature","properties":{"nombre":"Ruta T-350","jerarquia":3},"geometry":{"type":"LineString","coordinates":[[-73.37253,-39.86588],[-73.37262,-39.86593]]}},{"type":"Feature","properties":{"nombre":"Ruta T-350","jerarquia":3},"geometry":{"type":"LineString","coordinates":[[-73.37262,-39.86593],[-73.37322,-39.86628]]}},{"type":"Feature","properties":{"nombre":"Ruta T-350","jerarquia":3},"geometry":{"type":"LineString","coordinates":[[-73.37322,-39.86628],[-73.37716,-39.86854],[-73.37823,-39.86907],[-73.37998,-39.86976]]}},{"type":"Feature","properties":{"nombre":"Ruta T-350","jerarquia":3},"geometry":{"type":"LineString","coordinates":[[-73.37216,-39.86566],[-73.37253,-39.86588]]}},{"type":"Feature","properties":{"nombre":"Ruta T-350","jerarquia":3},"geometry":{"type":"LineString","coordinates":[[-73.37187,-39.86549],[-73.37216,-39.86566]]}},{"type":"Feature","properties":{"nombre":"Ruta T-350","jerarquia":3},"geometry":{"type":"LineString","coordinates":[[-73.33271,-39.85488],[-73.33306,-39.85491]]}},{"type":"Feature","properties":{"nombre":"Ruta T-350","jerarquia":3},"geometry":{"type":"LineString","coordinates":[[-73.33392,-39.85537],[-73.33478,-39.8567]]}},{"type":"Feature","properties":{"nombre":"Ruta T-350","jerarquia":3},"geometry":{"type":"LineString","coordinates":[[-73.36962,-39.86492],[-73.37021,-39.86497],[-73.37092,-39.86512],[-73.37187,-39.86549]]}},{"type":"Feature","properties":{"nombre":"Ruta T-350","jerarquia":3},"geometry":{"type":"LineString","coordinates":[[-73.36099,-39.86278],[-73.36244,-39.86272],[-73.363,-39.86276],[-73.36357,-39.86287],[-73.36415,-39.86305],[-73.36479,-39.86332],[-73.36662,-39.86423]]}},{"type":"Feature","properties":{"nombre":"Ruta T-350","jerarquia":3},"geometry":{"type":"LineString","coordinates":[[-73.36662,-39.86423],[-73.36745,-39.86461],[-73.36806,-39.8648],[-73.36871,-39.8649],[-73.36962,-39.86492]]}},{"type":"Feature","properties":{"nombre":"Del Castillo","jerarquia":4},"geometry":{"type":"LineString","coordinates":[[-73.39496,-39.87396],[-73.39531,-39.87405]]}},{"type":"Feature","properties":{"nombre":"Del Castillo","jerarquia":4},"geometry":{"type":"LineString","coordinates":[[-73.39478,-39.87387],[-73.3949,-39.87394]]}},{"type":"Feature","properties":{"nombre":"Del Castillo","jerarquia":4},"geometry":{"type":"LineString","coordinates":[[-73.3949,-39.87394],[-73.39496,-39.87396]]}},{"type":"Feature","properties":{"nombre":"Avenida Conde de Castellar","jerarquia":3},"geometry":{"type":"LineString","coordinates":[[-73.39308,-39.87337],[-73.39338,-39.87331]]}},{"type":"Feature","properties":{"nombre":"Avenida Conde de Castellar","jerarquia":3},"geometry":{"type":"LineString","coordinates":[[-73.39338,-39.87331],[-73.39373,-39.87331]]}},{"type":"Feature","properties":{"nombre":"Avenida Conde de Castellar","jerarquia":3},"geometry":{"type":"LineString","coordinates":[[-73.39373,-39.87331],[-73.39413,-39.87318],[-73.39449,-39.873],[-73.39489,-39.87268],[-73.3951,-39.87241]]}},{"type":"Feature","properties":{"nombre":"Avenida Conde de Castellar","jerarquia":3},"geometry":{"type":"LineString","coordinates":[[-73.3951,-39.87241],[-73.39517,-39.87217],[-73.39503,-39.87143],[-73.395,-39.87087],[-73.39507,-39.87032],[-73.39519,-39.86984],[-73.39519,-39.86964]]}},{"type":"Feature","properties":{"nombre":"Avenida Conde de Castellar","jerarquia":3},"geometry":{"type":"LineString","coordinates":[[-73.39519,-39.86964],[-73.39508,-39.86929],[-73.39302,-39.86559]]}},{"type":"Feature","properties":{"nombre":"Avenida Conde de Castellar","jerarquia":3},"geometry":{"type":"LineString","coordinates":[[-73.39302,-39.86559],[-73.39297,-39.8655]]}},{"type":"Feature","properties":{"nombre":"Avenida Conde de Castellar","jerarquia":3},"geometry":{"type":"LineString","coordinates":[[-73.39297,-39.8655],[-73.39283,-39.86521]]}},{"type":"Feature","properties":{"nombre":"Avenida Conde de Castellar","jerarquia":3},"geometry":{"type":"LineString","coordinates":[[-73.39283,-39.86521],[-73.39269,-39.86475],[-73.39265,-39.86431]]}},{"type":"Feature","properties":{"nombre":"Ruta 206","jerarquia":2},"geometry":{"type":"LineString","coordinates":[[-73.1896,-39.85456],[-73.19016,-39.85415]]}},{"type":"Feature","properties":{"nombre":"Camino Las Gaviotas","jerarquia":5},"geometry":{"type":"LineString","coordinates":[[-73.1896,-39.85456],[-73.18963,-39.8546]]}},{"type":"Feature","properties":{"nombre":"Camino Las Gaviotas","jerarquia":5},"geometry":{"type":"LineString","coordinates":[[-73.18963,-39.8546],[-73.19069,-39.85586]]}},{"type":"Feature","properties":{"nombre":"Ruta 206","jerarquia":2},"geometry":{"type":"LineString","coordinates":[[-73.19016,-39.85415],[-73.19261,-39.85218]]}},{"type":"Feature","properties":{"nombre":"Ruta 206","jerarquia":2},"geometry":{"type":"LineString","coordinates":[[-73.19261,-39.85218],[-73.19416,-39.85093]]}},{"type":"Feature","properties":{"nombre":"Ruta 206","jerarquia":2},"geometry":{"type":"LineString","coordinates":[[-73.18865,-39.85524],[-73.1896,-39.85456]]}},{"type":"Feature","properties":{"nombre":"Ruta 206","jerarquia":2},"geometry":{"type":"LineString","coordinates":[[-73.17366,-39.86603],[-73.17377,-39.86595]]}},{"type":"Feature","properties":{"nombre":"Ruta 206","jerarquia":2},"geometry":{"type":"LineString","coordinates":[[-73.17377,-39.86595],[-73.17738,-39.86332]]}},{"type":"Feature","properties":{"nombre":"Ruta 206","jerarquia":2},"geometry":{"type":"LineString","coordinates":[[-73.1729,-39.86657],[-73.17366,-39.86603]]}},{"type":"Feature","properties":{"nombre":"Ruta 206","jerarquia":2},"geometry":{"type":"LineString","coordinates":[[-73.17738,-39.86332],[-73.18127,-39.86052]]}},{"type":"Feature","properties":{"nombre":"Ruta 206","jerarquia":2},"geometry":{"type":"LineString","coordinates":[[-73.18176,-39.86017],[-73.18236,-39.85973]]}},{"type":"Feature","properties":{"nombre":"Ruta 206","jerarquia":2},"geometry":{"type":"LineString","coordinates":[[-73.18236,-39.85973],[-73.18816,-39.85559]]}},{"type":"Feature","properties":{"nombre":"Ruta 206","jerarquia":2},"geometry":{"type":"LineString","coordinates":[[-73.18816,-39.85559],[-73.18865,-39.85524]]}},{"type":"Feature","properties":{"nombre":"Ruta 206","jerarquia":2},"geometry":{"type":"LineString","coordinates":[[-73.18127,-39.86052],[-73.18176,-39.86017]]}},{"type":"Feature","properties":{"nombre":"Ruta 206","jerarquia":2},"geometry":{"type":"LineString","coordinates":[[-73.14452,-39.89802],[-73.14598,-39.89534]]}},{"type":"Feature","properties":{"nombre":"Ruta 206","jerarquia":2},"geometry":{"type":"LineString","coordinates":[[-73.15509,-39.88483],[-73.15567,-39.88424],[-73.15631,-39.88347]]}},{"type":"Feature","properties":{"nombre":"Ruta 206","jerarquia":2},"geometry":{"type":"LineString","coordinates":[[-73.15691,-39.88267],[-73.15769,-39.88161]]}},{"type":"Feature","properties":{"nombre":"Ruta 206","jerarquia":2},"geometry":{"type":"LineString","coordinates":[[-73.15631,-39.88347],[-73.15691,-39.88267]]}},{"type":"Feature","properties":{"nombre":"Ruta T-506","jerarquia":5},"geometry":{"type":"LineString","coordinates":[[-73.15736,-39.88044],[-73.15685,-39.88252]]}},{"type":"Feature","properties":{"nombre":"Ruta T-506","jerarquia":5},"geometry":{"type":"LineString","coordinates":[[-73.15685,-39.88252],[-73.15691,-39.88267]]}},{"type":"Feature","properties":{"nombre":"Ruta 206","jerarquia":2},"geometry":{"type":"LineString","coordinates":[[-73.16635,-39.87066],[-73.16786,-39.86974]]}},{"type":"Feature","properties":{"nombre":"Ruta 206","jerarquia":2},"geometry":{"type":"LineString","coordinates":[[-73.17159,-39.86746],[-73.1729,-39.86657]]}},{"type":"Feature","properties":{"nombre":"Ruta 206","jerarquia":2},"geometry":{"type":"LineString","coordinates":[[-73.16786,-39.86974],[-73.17159,-39.86746]]}},{"type":"Feature","properties":{"nombre":"Ruta T-506","jerarquia":5},"geometry":{"type":"LineString","coordinates":[[-73.17159,-39.86746],[-73.17051,-39.86763],[-73.16904,-39.86741]]}},{"type":"Feature","properties":{"nombre":"Ruta 206","jerarquia":2},"geometry":{"type":"LineString","coordinates":[[-73.13526,-39.91064],[-73.13597,-39.90914]]}},{"type":"Feature","properties":{"nombre":"Ruta 206","jerarquia":2},"geometry":{"type":"LineString","coordinates":[[-73.13597,-39.90914],[-73.13637,-39.90833]]}},{"type":"Feature","properties":{"nombre":"Ruta 206","jerarquia":2},"geometry":{"type":"LineString","coordinates":[[-73.13944,-39.90651],[-73.13961,-39.90646]]}},{"type":"Feature","properties":{"nombre":"Ruta 206","jerarquia":2},"geometry":{"type":"LineString","coordinates":[[-73.13961,-39.90646],[-73.14153,-39.90592]]}},{"type":"Feature","properties":{"nombre":"Ruta 206","jerarquia":2},"geometry":{"type":"LineString","coordinates":[[-73.14153,-39.90592],[-73.14238,-39.90562]]}},{"type":"Feature","properties":{"nombre":"Ruta 206","jerarquia":2},"geometry":{"type":"LineString","coordinates":[[-73.14383,-39.90304],[-73.14398,-39.89953],[-73.14418,-39.89874],[-73.14452,-39.89802]]}},{"type":"Feature","properties":{"nombre":"Ruta 206","jerarquia":2},"geometry":{"type":"LineString","coordinates":[[-73.12651,-39.92832],[-73.12697,-39.92667]]}},{"type":"Feature","properties":{"nombre":"Ruta 206","jerarquia":2},"geometry":{"type":"LineString","coordinates":[[-73.12697,-39.92667],[-73.12816,-39.92255]]}},{"type":"Feature","properties":{"nombre":"Ruta 206","jerarquia":2},"geometry":{"type":"LineString","coordinates":[[-73.12816,-39.92255],[-73.12899,-39.91973],[-73.12955,-39.91855],[-73.13003,-39.91782],[-73.13401,-39.9131],[-73.13433,-39.91258],[-73.13526,-39.91064]]}},{"type":"Feature","properties":{"nombre":"Avenida Ramón Picarte","jerarquia":2},"geometry":{"type":"LineString","coordinates":[[-73.22159,-39.82866],[-73.22147,-39.82874]]}},{"type":"Feature","properties":{"nombre":"Nueva San Luis","jerarquia":5},"geometry":{"type":"LineString","coordinates":[[-73.22083,-39.8445],[-73.2198,-39.8432]]}},{"type":"Feature","properties":{"nombre":"","jerarquia":4},"geometry":{"type":"LineString","coordinates":[[-73.24615,-39.83694],[-73.24598,-39.837]]}},{"type":"Feature","properties":{"nombre":"Avenida Pedro Montt","jerarquia":3},"geometry":{"type":"LineString","coordinates":[[-73.23119,-39.82001],[-73.23126,-39.82005]]}},{"type":"Feature","properties":{"nombre":"Del Castillo","jerarquia":4},"geometry":{"type":"LineString","coordinates":[[-73.40017,-39.87009],[-73.40018,-39.86996],[-73.40003,-39.86968]]}},{"type":"Feature","properties":{"nombre":"Del Castillo","jerarquia":4},"geometry":{"type":"LineString","coordinates":[[-73.40003,-39.86968],[-73.39964,-39.86897]]}},{"type":"Feature","properties":{"nombre":"Del Castillo","jerarquia":4},"geometry":{"type":"LineString","coordinates":[[-73.39964,-39.86897],[-73.3993,-39.86838]]}},{"type":"Feature","properties":{"nombre":"Del Castillo","jerarquia":4},"geometry":{"type":"LineString","coordinates":[[-73.3993,-39.86838],[-73.39862,-39.8672]]}},{"type":"Feature","properties":{"nombre":"Del Castillo","jerarquia":4},"geometry":{"type":"LineString","coordinates":[[-73.39862,-39.8672],[-73.39815,-39.8666]]}},{"type":"Feature","properties":{"nombre":"Del Castillo","jerarquia":4},"geometry":{"type":"LineString","coordinates":[[-73.40009,-39.87024],[-73.40017,-39.87009]]}},{"type":"Feature","properties":{"nombre":"Avenida Simpson","jerarquia":4},"geometry":{"type":"LineString","coordinates":[[-73.24598,-39.837],[-73.24563,-39.83676]]}},{"type":"Feature","properties":{"nombre":"Avenida Circunvalación Sur","jerarquia":4},"geometry":{"type":"LineString","coordinates":[[-73.2111,-39.84956],[-73.21129,-39.84944]]}},{"type":"Feature","properties":{"nombre":"Avenida Circunvalación Sur","jerarquia":4},"geometry":{"type":"LineString","coordinates":[[-73.21129,-39.84944],[-73.21136,-39.84934]]}},{"type":"Feature","properties":{"nombre":"Avenida Circunvalación Sur","jerarquia":4},"geometry":{"type":"LineString","coordinates":[[-73.21136,-39.84934],[-73.21139,-39.84928]]}},{"type":"Feature","properties":{"nombre":"Avenida Circunvalación Sur","jerarquia":4},"geometry":{"type":"LineString","coordinates":[[-73.21139,-39.84928],[-73.21145,-39.84917]]}},{"type":"Feature","properties":{"nombre":"Avenida Circunvalación Sur","jerarquia":4},"geometry":{"type":"LineString","coordinates":[[-73.21145,-39.84917],[-73.21161,-39.84891]]}},{"type":"Feature","properties":{"nombre":"Avenida Circunvalación Sur","jerarquia":4},"geometry":{"type":"LineString","coordinates":[[-73.21161,-39.84891],[-73.21205,-39.8484],[-73.21212,-39.84823]]}},{"type":"Feature","properties":{"nombre":"Avenida Circunvalación Sur","jerarquia":4},"geometry":{"type":"LineString","coordinates":[[-73.21089,-39.84936],[-73.2111,-39.84956]]}},{"type":"Feature","properties":{"nombre":"Circunvalación Nueva Región","jerarquia":5},"geometry":{"type":"LineString","coordinates":[[-73.21127,-39.84977],[-73.21134,-39.84992]]}},{"type":"Feature","properties":{"nombre":"Circunvalación Nueva Región","jerarquia":5},"geometry":{"type":"LineString","coordinates":[[-73.21134,-39.84992],[-73.2116,-39.85128]]}},{"type":"Feature","properties":{"nombre":"Circunvalación Nueva Región","jerarquia":5},"geometry":{"type":"LineString","coordinates":[[-73.2116,-39.85128],[-73.21173,-39.85209]]}},{"type":"Feature","properties":{"nombre":"Circunvalación Nueva Región","jerarquia":5},"geometry":{"type":"LineString","coordinates":[[-73.21173,-39.85209],[-73.21181,-39.85247]]}},{"type":"Feature","properties":{"nombre":"Circunvalación Nueva Región","jerarquia":5},"geometry":{"type":"LineString","coordinates":[[-73.21181,-39.85247],[-73.21183,-39.85255]]}},{"type":"Feature","properties":{"nombre":"Circunvalación Nueva Región","jerarquia":5},"geometry":{"type":"LineString","coordinates":[[-73.21183,-39.85255],[-73.21204,-39.85329],[-73.21247,-39.85411]]}},{"type":"Feature","properties":{"nombre":"Ruta T-424","jerarquia":5},"geometry":{"type":"LineString","coordinates":[[-73.24655,-39.85381],[-73.24639,-39.85376]]}},{"type":"Feature","properties":{"nombre":"Ingeniero Federico Wiese","jerarquia":5},"geometry":{"type":"LineString","coordinates":[[-73.24641,-39.85073],[-73.24629,-39.85081]]}},{"type":"Feature","properties":{"nombre":"Avenida Pedro Montt","jerarquia":4},"geometry":{"type":"LineString","coordinates":[[-73.23192,-39.85069],[-73.23217,-39.85075],[-73.23236,-39.85092]]}},{"type":"Feature","properties":{"nombre":"Avenida Circunvalación Sur","jerarquia":4},"geometry":{"type":"LineString","coordinates":[[-73.2246,-39.84356],[-73.22559,-39.84374]]}},{"type":"Feature","properties":{"nombre":"Avenida Circunvalación Sur","jerarquia":4},"geometry":{"type":"LineString","coordinates":[[-73.22559,-39.84374],[-73.22604,-39.84382]]}},{"type":"Feature","properties":{"nombre":"Avenida Circunvalación Sur","jerarquia":4},"geometry":{"type":"LineString","coordinates":[[-73.22604,-39.84382],[-73.22649,-39.8439]]}},{"type":"Feature","properties":{"nombre":"Avenida Circunvalación Sur","jerarquia":4},"geometry":{"type":"LineString","coordinates":[[-73.22649,-39.8439],[-73.22811,-39.84418]]}},{"type":"Feature","properties":{"nombre":"Beauchef","jerarquia":4},"geometry":{"type":"LineString","coordinates":[[-73.23597,-39.81728],[-73.23579,-39.81723]]}},{"type":"Feature","properties":{"nombre":"Beauchef","jerarquia":4},"geometry":{"type":"LineString","coordinates":[[-73.23579,-39.81723],[-73.2356,-39.81717]]}},{"type":"Feature","properties":{"nombre":"Ruta T-350","jerarquia":3},"geometry":{"type":"LineString","coordinates":[[-73.27046,-39.83299],[-73.27051,-39.83374]]}},{"type":"Feature","properties":{"nombre":"Ruta 202","jerarquia":2},"geometry":{"type":"LineString","coordinates":[[-73.12668,-39.73297],[-73.12817,-39.73427]]}},{"type":"Feature","properties":{"nombre":"Ruta 202","jerarquia":2},"geometry":{"type":"LineString","coordinates":[[-73.13167,-39.73737],[-73.13257,-39.73819]]}},{"type":"Feature","properties":{"nombre":"","jerarquia":4},"geometry":{"type":"LineString","coordinates":[[-73.25337,-39.8031],[-73.25298,-39.80266]]}},{"type":"Feature","properties":{"nombre":"","jerarquia":4},"geometry":{"type":"LineString","coordinates":[[-73.25096,-39.79899],[-73.25128,-39.79926]]}},{"type":"Feature","properties":{"nombre":"Pedro Aguirre Cerda","jerarquia":2},"geometry":{"type":"LineString","coordinates":[[-73.21161,-39.78752],[-73.21175,-39.78697]]}},{"type":"Feature","properties":{"nombre":"Pedro Aguirre Cerda","jerarquia":2},"geometry":{"type":"LineString","coordinates":[[-73.21151,-39.78808],[-73.21161,-39.78752]]}},{"type":"Feature","properties":{"nombre":"Camino Costero","jerarquia":4},"geometry":{"type":"LineString","coordinates":[[-73.39516,-39.84492],[-73.39603,-39.84486],[-73.39691,-39.84519]]}},{"type":"Feature","properties":{"nombre":"Camino Costero","jerarquia":4},"geometry":{"type":"LineString","coordinates":[[-73.39479,-39.84495],[-73.39516,-39.84492]]}},{"type":"Feature","properties":{"nombre":"Camino Costero","jerarquia":4},"geometry":{"type":"LineString","coordinates":[[-73.39461,-39.84489],[-73.39479,-39.84495]]}},{"type":"Feature","properties":{"nombre":"","jerarquia":4},"geometry":{"type":"LineString","coordinates":[[-73.39457,-39.84509],[-73.39464,-39.84495]]}},{"type":"Feature","properties":{"nombre":"","jerarquia":4},"geometry":{"type":"LineString","coordinates":[[-73.39464,-39.84495],[-73.39461,-39.84489]]}},{"type":"Feature","properties":{"nombre":"Ruta T-358","jerarquia":5},"geometry":{"type":"LineString","coordinates":[[-73.30515,-39.78114],[-73.30508,-39.78106],[-73.30493,-39.78102]]}},{"type":"Feature","properties":{"nombre":"Ruta T-340","jerarquia":5},"geometry":{"type":"LineString","coordinates":[[-73.30503,-39.78119],[-73.30515,-39.78114]]}},{"type":"Feature","properties":{"nombre":"Ruta T-340","jerarquia":5},"geometry":{"type":"LineString","coordinates":[[-73.2868,-39.81448],[-73.28904,-39.81384],[-73.28941,-39.8136],[-73.28961,-39.81329],[-73.28965,-39.81312],[-73.28962,-39.81286],[-73.28922,-39.81218],[-73.28892,-39.81149],[-73.2887,-39.81079],[-73.28856,-39.81007],[-73.28856,-39.80974],[-73.28862,-39.80953],[-73.2888,-39.80923],[-73.28897,-39.80904],[-73.28967,-39.80856],[-73.29061,-39.80816],[-73.29123,-39.80769],[-73.29148,-39.80758],[-73.29187,-39.80754],[-73.29291,-39.80767],[-73.29345,-39.80766],[-73.29388,-39.80756],[-73.29537,-39.80666],[-73.29573,-39.80631],[-73.29588,-39.80601],[-73.29594,-39.80559],[-73.29583,-39.80519],[-73.29503,-39.80413],[-73.29481,-39.8037],[-73.29476,-39.80325],[-73.29484,-39.8023],[-73.29473,-39.80183],[-73.29447,-39.80139],[-73.29363,-39.8004],[-73.29349,-39.80011],[-73.29345,-39.79989],[-73.29356,-39.79857],[-73.29355,-39.79762],[-73.29379,-39.79664],[-73.29373,-39.79558],[-73.29394,-39.79238],[-73.29401,-39.79198],[-73.29417,-39.79161],[-73.29449,-39.79118],[-73.29565,-39.79002],[-73.29592,-39.78981],[-73.29638,-39.78959],[-73.29741,-39.78938],[-73.29855,-39.78904],[-73.2997,-39.78862],[-73.30013,-39.78831],[-73.30058,-39.78774],[-73.30093,-39.78739],[-73.30173,-39.78681],[-73.30198,-39.78639],[-73.302,-39.78602],[-73.30186,-39.78566],[-73.30127,-39.78503],[-73.30106,-39.78457],[-73.30096,-39.78354],[-73.30111,-39.78308],[-73.30132,-39.78284],[-73.3017,-39.78259],[-73.30346,-39.78191],[-73.30503,-39.78119]]}},{"type":"Feature","properties":{"nombre":"Avenida Francia","jerarquia":3},"geometry":{"type":"LineString","coordinates":[[-73.22285,-39.83743],[-73.22198,-39.83718]]}},{"type":"Feature","properties":{"nombre":"Avenida Francia","jerarquia":3},"geometry":{"type":"LineString","coordinates":[[-73.22288,-39.83734],[-73.22354,-39.83749]]}},{"type":"Feature","properties":{"nombre":"Avenida Francia","jerarquia":3},"geometry":{"type":"LineString","coordinates":[[-73.22354,-39.83749],[-73.2248,-39.83765]]}},{"type":"Feature","properties":{"nombre":"Arica","jerarquia":4},"geometry":{"type":"LineString","coordinates":[[-73.25413,-39.83309],[-73.25522,-39.83426],[-73.2557,-39.83469]]}},{"type":"Feature","properties":{"nombre":"","jerarquia":4},"geometry":{"type":"LineString","coordinates":[[-73.20172,-39.83102],[-73.20185,-39.83098]]}},{"type":"Feature","properties":{"nombre":"","jerarquia":4},"geometry":{"type":"LineString","coordinates":[[-73.20185,-39.83098],[-73.20203,-39.83102],[-73.20215,-39.83114]]}},{"type":"Feature","properties":{"nombre":"","jerarquia":4},"geometry":{"type":"LineString","coordinates":[[-73.20192,-39.8325],[-73.20176,-39.83248]]}},{"type":"Feature","properties":{"nombre":"Avenida Circunvalación Oriente","jerarquia":4},"geometry":{"type":"LineString","coordinates":[[-73.20176,-39.83248],[-73.20178,-39.83215]]}},{"type":"Feature","properties":{"nombre":"Avenida Circunvalación Oriente","jerarquia":4},"geometry":{"type":"LineString","coordinates":[[-73.20178,-39.83215],[-73.20178,-39.83191],[-73.20171,-39.83171]]}},{"type":"Feature","properties":{"nombre":"Avenida Circunvalación Oriente","jerarquia":4},"geometry":{"type":"LineString","coordinates":[[-73.20158,-39.83119],[-73.20185,-39.83174],[-73.20195,-39.83226]]}},{"type":"Feature","properties":{"nombre":"","jerarquia":4},"geometry":{"type":"LineString","coordinates":[[-73.20185,-39.83098],[-73.20222,-39.83086]]}},{"type":"Feature","properties":{"nombre":"","jerarquia":4},"geometry":{"type":"LineString","coordinates":[[-73.20158,-39.83119],[-73.20172,-39.83102]]}},{"type":"Feature","properties":{"nombre":"","jerarquia":4},"geometry":{"type":"LineString","coordinates":[[-73.2015,-39.83098],[-73.20172,-39.83102]]}},{"type":"Feature","properties":{"nombre":"","jerarquia":4},"geometry":{"type":"LineString","coordinates":[[-73.20666,-39.81995],[-73.20638,-39.81991],[-73.20616,-39.82005]]}},{"type":"Feature","properties":{"nombre":"","jerarquia":4},"geometry":{"type":"LineString","coordinates":[[-73.20652,-39.81972],[-73.20619,-39.81966]]}},{"type":"Feature","properties":{"nombre":"Avenida Pedro Castelblanco","jerarquia":4},"geometry":{"type":"LineString","coordinates":[[-73.20191,-39.84402],[-73.20229,-39.84425]]}},{"type":"Feature","properties":{"nombre":"","jerarquia":2},"geometry":{"type":"LineString","coordinates":[[-73.20185,-39.84462],[-73.20195,-39.84443],[-73.20195,-39.84423]]}},{"type":"Feature","properties":{"nombre":"","jerarquia":2},"geometry":{"type":"LineString","coordinates":[[-73.20195,-39.84423],[-73.20194,-39.84416]]}},{"type":"Feature","properties":{"nombre":"","jerarquia":2},"geometry":{"type":"LineString","coordinates":[[-73.20191,-39.84402],[-73.20225,-39.84407]]}},{"type":"Feature","properties":{"nombre":"","jerarquia":2},"geometry":{"type":"LineString","coordinates":[[-73.20225,-39.84407],[-73.20261,-39.844]]}},{"type":"Feature","properties":{"nombre":"Las Zinnias","jerarquia":3},"geometry":{"type":"LineString","coordinates":[[-73.20758,-39.82105],[-73.20744,-39.82144]]}},{"type":"Feature","properties":{"nombre":"Las Zinnias","jerarquia":3},"geometry":{"type":"LineString","coordinates":[[-73.20744,-39.82144],[-73.20741,-39.82166]]}},{"type":"Feature","properties":{"nombre":"","jerarquia":3},"geometry":{"type":"LineString","coordinates":[[-73.20717,-39.82095],[-73.20744,-39.82103],[-73.20762,-39.82101]]}},{"type":"Feature","properties":{"nombre":"","jerarquia":3},"geometry":{"type":"LineString","coordinates":[[-73.23622,-39.82573],[-73.23611,-39.82576]]}},{"type":"Feature","properties":{"nombre":"Donald Canter","jerarquia":5},"geometry":{"type":"LineString","coordinates":[[-73.20516,-39.82654],[-73.20488,-39.82689]]}},{"type":"Feature","properties":{"nombre":"Donald Canter","jerarquia":5},"geometry":{"type":"LineString","coordinates":[[-73.20488,-39.82689],[-73.20465,-39.82722]]}},{"type":"Feature","properties":{"nombre":"Donald Canter","jerarquia":5},"geometry":{"type":"LineString","coordinates":[[-73.20465,-39.82722],[-73.20443,-39.82756]]}},{"type":"Feature","properties":{"nombre":"Donald Canter","jerarquia":5},"geometry":{"type":"LineString","coordinates":[[-73.20443,-39.82756],[-73.20419,-39.82792]]}},{"type":"Feature","properties":{"nombre":"Donald Canter","jerarquia":5},"geometry":{"type":"LineString","coordinates":[[-73.20419,-39.82792],[-73.2041,-39.82804]]}},{"type":"Feature","properties":{"nombre":"Donald Canter","jerarquia":5},"geometry":{"type":"LineString","coordinates":[[-73.2041,-39.82804],[-73.20386,-39.82838]]}},{"type":"Feature","properties":{"nombre":"Donald Canter","jerarquia":5},"geometry":{"type":"LineString","coordinates":[[-73.20386,-39.82838],[-73.20362,-39.82873]]}},{"type":"Feature","properties":{"nombre":"Donald Canter","jerarquia":5},"geometry":{"type":"LineString","coordinates":[[-73.20362,-39.82873],[-73.2034,-39.82905]]}},{"type":"Feature","properties":{"nombre":"Donald Canter","jerarquia":5},"geometry":{"type":"LineString","coordinates":[[-73.2034,-39.82905],[-73.20287,-39.82983]]}},{"type":"Feature","properties":{"nombre":"Donald Canter","jerarquia":5},"geometry":{"type":"LineString","coordinates":[[-73.20287,-39.82983],[-73.20282,-39.82991]]}},{"type":"Feature","properties":{"nombre":"Donald Canter","jerarquia":5},"geometry":{"type":"LineString","coordinates":[[-73.20282,-39.82991],[-73.20256,-39.83028]]}},{"type":"Feature","properties":{"nombre":"Donald Canter","jerarquia":5},"geometry":{"type":"LineString","coordinates":[[-73.20256,-39.83028],[-73.20229,-39.83068]]}},{"type":"Feature","properties":{"nombre":"Donald Canter","jerarquia":5},"geometry":{"type":"LineString","coordinates":[[-73.20229,-39.83068],[-73.20222,-39.83086]]}},{"type":"Feature","properties":{"nombre":"Donald Canter","jerarquia":5},"geometry":{"type":"LineString","coordinates":[[-73.20222,-39.83086],[-73.20217,-39.83105]]}},{"type":"Feature","properties":{"nombre":"Donald Canter","jerarquia":5},"geometry":{"type":"LineString","coordinates":[[-73.20217,-39.83105],[-73.20215,-39.83114]]}},{"type":"Feature","properties":{"nombre":"Camilo Henríquez","jerarquia":5},"geometry":{"type":"LineString","coordinates":[[-73.24462,-39.81801],[-73.24431,-39.81898],[-73.24428,-39.8193],[-73.24436,-39.81959]]}},{"type":"Feature","properties":{"nombre":"General Lagos","jerarquia":4},"geometry":{"type":"LineString","coordinates":[[-73.25004,-39.82416],[-73.25027,-39.82526]]}},{"type":"Feature","properties":{"nombre":"General Lagos","jerarquia":4},"geometry":{"type":"LineString","coordinates":[[-73.25027,-39.82526],[-73.2503,-39.82545]]}},{"type":"Feature","properties":{"nombre":"General Lagos","jerarquia":4},"geometry":{"type":"LineString","coordinates":[[-73.24988,-39.8226],[-73.25004,-39.82416]]}},{"type":"Feature","properties":{"nombre":"General Lagos","jerarquia":4},"geometry":{"type":"LineString","coordinates":[[-73.24902,-39.81879],[-73.24925,-39.81983]]}},{"type":"Feature","properties":{"nombre":"General Lagos","jerarquia":4},"geometry":{"type":"LineString","coordinates":[[-73.24925,-39.81983],[-73.24961,-39.82141]]}},{"type":"Feature","properties":{"nombre":"General Lagos","jerarquia":4},"geometry":{"type":"LineString","coordinates":[[-73.24961,-39.82141],[-73.24988,-39.8226]]}},{"type":"Feature","properties":{"nombre":"Vicente Pérez Rosales","jerarquia":4},"geometry":{"type":"LineString","coordinates":[[-73.24794,-39.82279],[-73.24766,-39.82165],[-73.24762,-39.82136]]}},{"type":"Feature","properties":{"nombre":"Vicente Pérez Rosales","jerarquia":4},"geometry":{"type":"LineString","coordinates":[[-73.24792,-39.82002],[-73.24771,-39.81927]]}},{"type":"Feature","properties":{"nombre":"Vicente Pérez Rosales","jerarquia":4},"geometry":{"type":"LineString","coordinates":[[-73.24771,-39.81927],[-73.24764,-39.81903]]}},{"type":"Feature","properties":{"nombre":"Vicente Pérez Rosales","jerarquia":4},"geometry":{"type":"LineString","coordinates":[[-73.24762,-39.82136],[-73.24806,-39.82057],[-73.24793,-39.82006]]}},{"type":"Feature","properties":{"nombre":"Vicente Pérez Rosales","jerarquia":4},"geometry":{"type":"LineString","coordinates":[[-73.24793,-39.82006],[-73.24792,-39.82002]]}},{"type":"Feature","properties":{"nombre":"Vicente Pérez Rosales","jerarquia":4},"geometry":{"type":"LineString","coordinates":[[-73.24885,-39.82569],[-73.24846,-39.82443]]}},{"type":"Feature","properties":{"nombre":"Vicente Pérez Rosales","jerarquia":4},"geometry":{"type":"LineString","coordinates":[[-73.2491,-39.8265],[-73.24885,-39.82569]]}},{"type":"Feature","properties":{"nombre":"Vicente Pérez Rosales","jerarquia":4},"geometry":{"type":"LineString","coordinates":[[-73.24939,-39.82747],[-73.2491,-39.8265]]}},{"type":"Feature","properties":{"nombre":"Vicente Pérez Rosales","jerarquia":4},"geometry":{"type":"LineString","coordinates":[[-73.24846,-39.82443],[-73.24834,-39.82406]]}},{"type":"Feature","properties":{"nombre":"Vicente Pérez Rosales","jerarquia":4},"geometry":{"type":"LineString","coordinates":[[-73.24834,-39.82406],[-73.24794,-39.82279]]}},{"type":"Feature","properties":{"nombre":"Vicente Pérez Rosales","jerarquia":4},"geometry":{"type":"LineString","coordinates":[[-73.2495,-39.82778],[-73.24939,-39.82747]]}},{"type":"Feature","properties":{"nombre":"Yungay","jerarquia":4},"geometry":{"type":"LineString","coordinates":[[-73.24768,-39.81354],[-73.24769,-39.81362]]}},{"type":"Feature","properties":{"nombre":"Camino Las Gaviotas","jerarquia":5},"geometry":{"type":"LineString","coordinates":[[-73.19069,-39.85586],[-73.19179,-39.85703],[-73.19187,-39.85716]]}},{"type":"Feature","properties":{"nombre":"Camino Las Gaviotas","jerarquia":5},"geometry":{"type":"LineString","coordinates":[[-73.19187,-39.85716],[-73.1919,-39.85736],[-73.19173,-39.85794]]}},{"type":"Feature","properties":{"nombre":"Donald Canter","jerarquia":5},"geometry":{"type":"LineString","coordinates":[[-73.20207,-39.83164],[-73.20198,-39.83213]]}},{"type":"Feature","properties":{"nombre":"Donald Canter","jerarquia":5},"geometry":{"type":"LineString","coordinates":[[-73.20198,-39.83213],[-73.20195,-39.83226]]}},{"type":"Feature","properties":{"nombre":"Ruta T-312","jerarquia":5},"geometry":{"type":"LineString","coordinates":[[-73.18915,-39.77457],[-73.18948,-39.77503],[-73.19102,-39.77689]]}},{"type":"Feature","properties":{"nombre":"Ruta 202","jerarquia":2},"geometry":{"type":"LineString","coordinates":[[-73.13704,-39.74052],[-73.13819,-39.74064],[-73.13901,-39.74067]]}},{"type":"Feature","properties":{"nombre":"Ruta 202","jerarquia":2},"geometry":{"type":"LineString","coordinates":[[-73.13901,-39.74067],[-73.14019,-39.74064],[-73.14131,-39.74052],[-73.14345,-39.74008]]}},{"type":"Feature","properties":{"nombre":"Ruta T-312","jerarquia":5},"geometry":{"type":"LineString","coordinates":[[-73.13564,-39.74052],[-73.13566,-39.7404]]}},{"type":"Feature","properties":{"nombre":"Ruta T-312","jerarquia":5},"geometry":{"type":"LineString","coordinates":[[-73.13566,-39.7404],[-73.13572,-39.74023]]}},{"type":"Feature","properties":{"nombre":"Ruta 202","jerarquia":2},"geometry":{"type":"LineString","coordinates":[[-73.13572,-39.74023],[-73.13704,-39.74052]]}},{"type":"Feature","properties":{"nombre":"Ruta 202","jerarquia":2},"geometry":{"type":"LineString","coordinates":[[-73.1338,-39.73926],[-73.13463,-39.73978],[-73.13572,-39.74023]]}},{"type":"Feature","properties":{"nombre":"Ruta 202","jerarquia":2},"geometry":{"type":"LineString","coordinates":[[-73.13257,-39.73819],[-73.13281,-39.7384]]}},{"type":"Feature","properties":{"nombre":"Ruta 202","jerarquia":2},"geometry":{"type":"LineString","coordinates":[[-73.13281,-39.7384],[-73.1338,-39.73926]]}},{"type":"Feature","properties":{"nombre":"Camino El Arenal","jerarquia":5},"geometry":{"type":"LineString","coordinates":[[-73.19102,-39.77689],[-73.19105,-39.7768]]}},{"type":"Feature","properties":{"nombre":"Camino El Arenal","jerarquia":5},"geometry":{"type":"LineString","coordinates":[[-73.19105,-39.7768],[-73.19117,-39.77625],[-73.19127,-39.77608],[-73.19163,-39.77582],[-73.19223,-39.77551]]}},{"type":"Feature","properties":{"nombre":"Camino El Arenal","jerarquia":5},"geometry":{"type":"LineString","coordinates":[[-73.19223,-39.77551],[-73.19336,-39.77494]]}},{"type":"Feature","properties":{"nombre":"Camino El Arenal","jerarquia":5},"geometry":{"type":"LineString","coordinates":[[-73.19336,-39.77494],[-73.19397,-39.77455]]}},{"type":"Feature","properties":{"nombre":"Camino El Arenal","jerarquia":5},"geometry":{"type":"LineString","coordinates":[[-73.19397,-39.77455],[-73.19443,-39.77434],[-73.19486,-39.7743]]}},{"type":"Feature","properties":{"nombre":"Ruta 202","jerarquia":2},"geometry":{"type":"LineString","coordinates":[[-73.19772,-39.73026],[-73.1982,-39.73038]]}},{"type":"Feature","properties":{"nombre":"Ruta 202","jerarquia":2},"geometry":{"type":"LineString","coordinates":[[-73.19715,-39.73015],[-73.19772,-39.73026]]}},{"type":"Feature","properties":{"nombre":"Ruta 202","jerarquia":2},"geometry":{"type":"LineString","coordinates":[[-73.1982,-39.73038],[-73.19947,-39.73067]]}},{"type":"Feature","properties":{"nombre":"Ruta 202","jerarquia":2},"geometry":{"type":"LineString","coordinates":[[-73.1939,-39.72989],[-73.19573,-39.72994]]}},{"type":"Feature","properties":{"nombre":"Ruta 202","jerarquia":2},"geometry":{"type":"LineString","coordinates":[[-73.19947,-39.73067],[-73.21128,-39.7334]]}},{"type":"Feature","properties":{"nombre":"Ruta 202","jerarquia":2},"geometry":{"type":"LineString","coordinates":[[-73.19573,-39.72994],[-73.19715,-39.73015]]}},{"type":"Feature","properties":{"nombre":"Ruta 202","jerarquia":2},"geometry":{"type":"LineString","coordinates":[[-73.17365,-39.73147],[-73.17596,-39.73062]]}},{"type":"Feature","properties":{"nombre":"Ruta 202","jerarquia":2},"geometry":{"type":"LineString","coordinates":[[-73.14345,-39.74008],[-73.14901,-39.73876],[-73.15903,-39.73617],[-73.16239,-39.73544],[-73.16332,-39.7352],[-73.16509,-39.73463],[-73.16676,-39.73394],[-73.16881,-39.73318],[-73.17365,-39.73147]]}},{"type":"Feature","properties":{"nombre":"San Jorge","jerarquia":5},"geometry":{"type":"LineString","coordinates":[[-73.22047,-39.83965],[-73.22048,-39.83945]]}},{"type":"Feature","properties":{"nombre":"San Jorge","jerarquia":5},"geometry":{"type":"LineString","coordinates":[[-73.22048,-39.83945],[-73.22007,-39.83937]]}},{"type":"Feature","properties":{"nombre":"Ruta T-362","jerarquia":5},"geometry":{"type":"LineString","coordinates":[[-73.34744,-39.74878],[-73.34789,-39.7484],[-73.34829,-39.74814],[-73.34844,-39.74797]]}},{"type":"Feature","properties":{"nombre":"Ruta T-362","jerarquia":5},"geometry":{"type":"LineString","coordinates":[[-73.34844,-39.74797],[-73.34853,-39.74765],[-73.34845,-39.74734],[-73.34829,-39.74718],[-73.34754,-39.74673],[-73.34726,-39.74647],[-73.34664,-39.7456],[-73.3464,-39.74517],[-73.34635,-39.74472],[-73.34616,-39.74433],[-73.34613,-39.744],[-73.34617,-39.74381],[-73.34659,-39.74295],[-73.34662,-39.7428],[-73.34656,-39.74266],[-73.34615,-39.74225],[-73.34611,-39.74204],[-73.34631,-39.74169],[-73.34645,-39.7413],[-73.34657,-39.74113],[-73.34685,-39.74098],[-73.34748,-39.74083],[-73.34873,-39.74021],[-73.34894,-39.73997],[-73.34924,-39.73929],[-73.3496,-39.73886],[-73.34999,-39.73855],[-73.35098,-39.73809],[-73.35127,-39.73786],[-73.35135,-39.73763],[-73.35111,-39.73728],[-73.35104,-39.73696],[-73.35114,-39.73661],[-73.35141,-39.73608],[-73.35146,-39.73548],[-73.35163,-39.73504],[-73.35194,-39.73466],[-73.35245,-39.7343],[-73.35271,-39.73406],[-73.35313,-39.73357],[-73.35359,-39.73286],[-73.35407,-39.73238],[-73.35438,-39.73217],[-73.3545,-39.732],[-73.35464,-39.7316],[-73.35474,-39.73083],[-73.35492,-39.73036],[-73.35494,-39.73009],[-73.35488,-39.72992],[-73.35472,-39.7297],[-73.35409,-39.72922],[-73.35399,-39.72901],[-73.35398,-39.72884],[-73.35445,-39.72727],[-73.35499,-39.72647],[-73.35509,-39.72625],[-73.3552,-39.72578],[-73.35557,-39.72517],[-73.35568,-39.72411],[-73.3556,-39.72386],[-73.35541,-39.7236],[-73.35524,-39.72345],[-73.35493,-39.72329]]}},{"type":"Feature","properties":{"nombre":"Ruta T-362","jerarquia":5},"geometry":{"type":"LineString","coordinates":[[-73.35493,-39.72329],[-73.35345,-39.72254],[-73.35277,-39.72213],[-73.35202,-39.72184]]}},{"type":"Feature","properties":{"nombre":"Ruta T-344","jerarquia":4},"geometry":{"type":"LineString","coordinates":[[-73.24137,-39.77886],[-73.24148,-39.77912]]}},{"type":"Feature","properties":{"nombre":"Ruta T-344","jerarquia":4},"geometry":{"type":"LineString","coordinates":[[-73.24057,-39.77813],[-73.24108,-39.77849],[-73.24137,-39.77886]]}},{"type":"Feature","properties":{"nombre":"Ruta T-344","jerarquia":4},"geometry":{"type":"LineString","coordinates":[[-73.24152,-39.7793],[-73.24159,-39.7799]]}},{"type":"Feature","properties":{"nombre":"Ruta T-344","jerarquia":4},"geometry":{"type":"LineString","coordinates":[[-73.24159,-39.7799],[-73.24161,-39.78059]]}},{"type":"Feature","properties":{"nombre":"","jerarquia":2},"geometry":{"type":"LineString","coordinates":[[-73.2218,-39.77],[-73.22209,-39.76999]]}},{"type":"Feature","properties":{"nombre":"","jerarquia":2},"geometry":{"type":"LineString","coordinates":[[-73.22093,-39.7708],[-73.22123,-39.77069]]}},{"type":"Feature","properties":{"nombre":"","jerarquia":2},"geometry":{"type":"LineString","coordinates":[[-73.2197,-39.77255],[-73.21963,-39.7724]]}},{"type":"Feature","properties":{"nombre":"","jerarquia":2},"geometry":{"type":"LineString","coordinates":[[-73.21963,-39.7724],[-73.21959,-39.77236]]}},{"type":"Feature","properties":{"nombre":"Camino El Arenal","jerarquia":5},"geometry":{"type":"LineString","coordinates":[[-73.2198,-39.7724],[-73.2199,-39.77242]]}},{"type":"Feature","properties":{"nombre":"Ruta 202","jerarquia":2},"geometry":{"type":"LineString","coordinates":[[-73.2197,-39.77255],[-73.2198,-39.7724]]}},{"type":"Feature","properties":{"nombre":"Ruta 202","jerarquia":2},"geometry":{"type":"LineString","coordinates":[[-73.21882,-39.77411],[-73.21938,-39.7731]]}},{"type":"Feature","properties":{"nombre":"Ruta 202","jerarquia":2},"geometry":{"type":"LineString","coordinates":[[-73.21938,-39.7731],[-73.2197,-39.77255]]}},{"type":"Feature","properties":{"nombre":"Ruta 202","jerarquia":2},"geometry":{"type":"LineString","coordinates":[[-73.21959,-39.77294],[-73.21949,-39.77311]]}},{"type":"Feature","properties":{"nombre":"Ruta 202","jerarquia":2},"geometry":{"type":"LineString","coordinates":[[-73.2199,-39.77242],[-73.21959,-39.77294]]}},{"type":"Feature","properties":{"nombre":"Ruta 202","jerarquia":2},"geometry":{"type":"LineString","coordinates":[[-73.22094,-39.77111],[-73.22029,-39.77187],[-73.2199,-39.77242]]}},{"type":"Feature","properties":{"nombre":"Ruta 202","jerarquia":2},"geometry":{"type":"LineString","coordinates":[[-73.2198,-39.7724],[-73.22057,-39.77138]]}},{"type":"Feature","properties":{"nombre":"Ruta 202","jerarquia":2},"geometry":{"type":"LineString","coordinates":[[-73.21949,-39.77311],[-73.21801,-39.77572]]}},{"type":"Feature","properties":{"nombre":"Ruta 202","jerarquia":2},"geometry":{"type":"LineString","coordinates":[[-73.22276,-39.76952],[-73.22158,-39.7705],[-73.22094,-39.77111]]}},{"type":"Feature","properties":{"nombre":"Ruta 202","jerarquia":2},"geometry":{"type":"LineString","coordinates":[[-73.22057,-39.77138],[-73.22123,-39.77069]]}},{"type":"Feature","properties":{"nombre":"Ruta 202","jerarquia":2},"geometry":{"type":"LineString","coordinates":[[-73.22123,-39.77069],[-73.22209,-39.76999]]}},{"type":"Feature","properties":{"nombre":"Ruta 202","jerarquia":2},"geometry":{"type":"LineString","coordinates":[[-73.22209,-39.76999],[-73.22276,-39.76952]]}},{"type":"Feature","properties":{"nombre":"Ruta 202","jerarquia":2},"geometry":{"type":"LineString","coordinates":[[-73.21801,-39.77572],[-73.21882,-39.77411]]}},{"type":"Feature","properties":{"nombre":"Ruta 202","jerarquia":2},"geometry":{"type":"LineString","coordinates":[[-73.22764,-39.7454],[-73.22781,-39.7459]]}},{"type":"Feature","properties":{"nombre":"Ruta 202","jerarquia":2},"geometry":{"type":"LineString","coordinates":[[-73.22692,-39.74332],[-73.22764,-39.7454]]}},{"type":"Feature","properties":{"nombre":"Ruta 202","jerarquia":2},"geometry":{"type":"LineString","coordinates":[[-73.22781,-39.7459],[-73.22881,-39.7488],[-73.22896,-39.74935],[-73.2291,-39.75027],[-73.2291,-39.75108],[-73.22863,-39.75816]]}},{"type":"Feature","properties":{"nombre":"Ruta 202","jerarquia":2},"geometry":{"type":"LineString","coordinates":[[-73.22843,-39.76168],[-73.22834,-39.76286]]}},{"type":"Feature","properties":{"nombre":"Ruta 202","jerarquia":2},"geometry":{"type":"LineString","coordinates":[[-73.22855,-39.7599],[-73.22843,-39.76168]]}},{"type":"Feature","properties":{"nombre":"Ruta 202","jerarquia":2},"geometry":{"type":"LineString","coordinates":[[-73.22836,-39.76092],[-73.22842,-39.76011]]}},{"type":"Feature","properties":{"nombre":"Ruta 202","jerarquia":2},"geometry":{"type":"LineString","coordinates":[[-73.2282,-39.76319],[-73.22827,-39.76224]]}},{"type":"Feature","properties":{"nombre":"Ruta 202","jerarquia":2},"geometry":{"type":"LineString","coordinates":[[-73.22827,-39.76224],[-73.22831,-39.76167]]}},{"type":"Feature","properties":{"nombre":"Ruta 202","jerarquia":2},"geometry":{"type":"LineString","coordinates":[[-73.22831,-39.76167],[-73.22836,-39.76092]]}},{"type":"Feature","properties":{"nombre":"Ruta T-344","jerarquia":4},"geometry":{"type":"LineString","coordinates":[[-73.22831,-39.76167],[-73.22843,-39.76168]]}},{"type":"Feature","properties":{"nombre":"Ruta 202","jerarquia":2},"geometry":{"type":"LineString","coordinates":[[-73.22863,-39.75816],[-73.22855,-39.7599]]}},{"type":"Feature","properties":{"nombre":"Ruta 202","jerarquia":2},"geometry":{"type":"LineString","coordinates":[[-73.22842,-39.76011],[-73.22863,-39.75816]]}},{"type":"Feature","properties":{"nombre":"Ruta 202","jerarquia":2},"geometry":{"type":"LineString","coordinates":[[-73.22834,-39.76286],[-73.22821,-39.76388],[-73.22796,-39.76463],[-73.22751,-39.76544],[-73.227,-39.76606]]}},{"type":"Feature","properties":{"nombre":"Ruta 204","jerarquia":3},"geometry":{"type":"LineString","coordinates":[[-73.12658,-39.79502],[-73.1268,-39.79523]]}},{"type":"Feature","properties":{"nombre":"Ruta 204","jerarquia":3},"geometry":{"type":"LineString","coordinates":[[-73.1268,-39.79523],[-73.12834,-39.79666]]}},{"type":"Feature","properties":{"nombre":"Ruta 204","jerarquia":3},"geometry":{"type":"LineString","coordinates":[[-73.12861,-39.79692],[-73.12962,-39.79785]]}},{"type":"Feature","properties":{"nombre":"Ruta 204","jerarquia":3},"geometry":{"type":"LineString","coordinates":[[-73.12834,-39.79666],[-73.12861,-39.79692]]}},{"type":"Feature","properties":{"nombre":"Ruta 204","jerarquia":3},"geometry":{"type":"LineString","coordinates":[[-73.12989,-39.79812],[-73.13021,-39.79839],[-73.13063,-39.79863],[-73.13164,-39.79894]]}},{"type":"Feature","properties":{"nombre":"Ruta 204","jerarquia":3},"geometry":{"type":"LineString","coordinates":[[-73.12962,-39.79785],[-73.12989,-39.79812]]}},{"type":"Feature","properties":{"nombre":"Ruta 204","jerarquia":3},"geometry":{"type":"LineString","coordinates":[[-73.13164,-39.79894],[-73.13311,-39.79937]]}},{"type":"Feature","properties":{"nombre":"Ruta 204","jerarquia":3},"geometry":{"type":"LineString","coordinates":[[-73.13311,-39.79937],[-73.1339,-39.79982],[-73.13524,-39.8008],[-73.1356,-39.80119],[-73.13589,-39.8018],[-73.13617,-39.80217],[-73.13654,-39.8025],[-73.13696,-39.80275],[-73.13742,-39.80293],[-73.13792,-39.80304],[-73.1392,-39.80307],[-73.13975,-39.80315],[-73.14026,-39.8033],[-73.14831,-39.80705],[-73.14899,-39.80726],[-73.14971,-39.8074],[-73.15093,-39.80747],[-73.15216,-39.80735],[-73.15371,-39.80696]]}},{"type":"Feature","properties":{"nombre":"Ruta 204","jerarquia":3},"geometry":{"type":"LineString","coordinates":[[-73.15371,-39.80696],[-73.1546,-39.80677],[-73.15553,-39.80675],[-73.15713,-39.80704],[-73.15764,-39.80722],[-73.15804,-39.80742]]}},{"type":"Feature","properties":{"nombre":"Ruta 204","jerarquia":3},"geometry":{"type":"LineString","coordinates":[[-73.15804,-39.80742],[-73.15858,-39.80771],[-73.15906,-39.80776],[-73.1594,-39.80769],[-73.16012,-39.80732],[-73.16037,-39.80725],[-73.16126,-39.80728],[-73.16169,-39.80721],[-73.16309,-39.8067],[-73.16324,-39.80657],[-73.16351,-39.8061],[-73.16364,-39.80596],[-73.16388,-39.80582],[-73.1646,-39.80558],[-73.16488,-39.80534]]}},{"type":"Feature","properties":{"nombre":"Ruta 204","jerarquia":3},"geometry":{"type":"LineString","coordinates":[[-73.16488,-39.80534],[-73.16532,-39.80472],[-73.16562,-39.80452],[-73.16599,-39.80445],[-73.16692,-39.80448],[-73.16728,-39.8044],[-73.16902,-39.8034],[-73.16976,-39.80312]]}},{"type":"Feature","properties":{"nombre":"Ruta 204","jerarquia":3},"geometry":{"type":"LineString","coordinates":[[-73.17072,-39.80289],[-73.17148,-39.80255]]}},{"type":"Feature","properties":{"nombre":"Ruta 204","jerarquia":3},"geometry":{"type":"LineString","coordinates":[[-73.17148,-39.80255],[-73.17448,-39.80118],[-73.1754,-39.80067],[-73.17588,-39.80015],[-73.17634,-39.79927],[-73.17659,-39.7989],[-73.17695,-39.79855],[-73.17754,-39.79817],[-73.17928,-39.79739],[-73.18048,-39.7969],[-73.181,-39.79676],[-73.18155,-39.79669],[-73.18211,-39.79671],[-73.18266,-39.79681],[-73.18317,-39.797]]}},{"type":"Feature","properties":{"nombre":"Ruta 204","jerarquia":3},"geometry":{"type":"LineString","coordinates":[[-73.16976,-39.80312],[-73.17072,-39.80289]]}},{"type":"Feature","properties":{"nombre":"Variante Cuesta de Soto","jerarquia":5},"geometry":{"type":"LineString","coordinates":[[-73.17072,-39.80289],[-73.17075,-39.80279]]}},{"type":"Feature","properties":{"nombre":"Variante Cuesta de Soto","jerarquia":5},"geometry":{"type":"LineString","coordinates":[[-73.17075,-39.80279],[-73.17089,-39.80257],[-73.17107,-39.80241],[-73.17154,-39.80207],[-73.17199,-39.80183]]}},{"type":"Feature","properties":{"nombre":"Ruta 204","jerarquia":3},"geometry":{"type":"LineString","coordinates":[[-73.18317,-39.797],[-73.19954,-39.80455],[-73.20008,-39.80467]]}},{"type":"Feature","properties":{"nombre":"Variante Cuesta de Soto","jerarquia":5},"geometry":{"type":"LineString","coordinates":[[-73.18208,-39.79181],[-73.18222,-39.79141]]}},{"type":"Feature","properties":{"nombre":"Variante Cuesta de Soto","jerarquia":5},"geometry":{"type":"LineString","coordinates":[[-73.18222,-39.79141],[-73.18224,-39.79134]]}},{"type":"Feature","properties":{"nombre":"Balmaceda","jerarquia":5},"geometry":{"type":"LineString","coordinates":[[-73.18433,-39.79119],[-73.18757,-39.79128]]}},{"type":"Feature","properties":{"nombre":"Balmaceda","jerarquia":5},"geometry":{"type":"LineString","coordinates":[[-73.18224,-39.79134],[-73.18226,-39.79128]]}},{"type":"Feature","properties":{"nombre":"Balmaceda","jerarquia":5},"geometry":{"type":"LineString","coordinates":[[-73.18226,-39.79128],[-73.18235,-39.79118],[-73.18247,-39.79115],[-73.18433,-39.79119]]}},{"type":"Feature","properties":{"nombre":"Balmaceda","jerarquia":5},"geometry":{"type":"LineString","coordinates":[[-73.20083,-39.79462],[-73.20143,-39.79514]]}},{"type":"Feature","properties":{"nombre":"Balmaceda","jerarquia":5},"geometry":{"type":"LineString","coordinates":[[-73.19954,-39.79348],[-73.20008,-39.79395]]}},{"type":"Feature","properties":{"nombre":"Balmaceda","jerarquia":5},"geometry":{"type":"LineString","coordinates":[[-73.20008,-39.79395],[-73.20018,-39.79404]]}},{"type":"Feature","properties":{"nombre":"Balmaceda","jerarquia":5},"geometry":{"type":"LineString","coordinates":[[-73.20018,-39.79404],[-73.20083,-39.79462]]}},{"type":"Feature","properties":{"nombre":"Pedro Aguirre Cerda","jerarquia":2},"geometry":{"type":"LineString","coordinates":[[-73.21147,-39.78912],[-73.21147,-39.78886]]}},{"type":"Feature","properties":{"nombre":"Pedro Aguirre Cerda","jerarquia":2},"geometry":{"type":"LineString","coordinates":[[-73.2124,-39.78581],[-73.21211,-39.7864]]}},{"type":"Feature","properties":{"nombre":"Pedro Aguirre Cerda","jerarquia":2},"geometry":{"type":"LineString","coordinates":[[-73.21179,-39.78722],[-73.21167,-39.78779],[-73.21158,-39.7886]]}},{"type":"Feature","properties":{"nombre":"Pedro Aguirre Cerda","jerarquia":2},"geometry":{"type":"LineString","coordinates":[[-73.21281,-39.78499],[-73.2124,-39.78581]]}},{"type":"Feature","properties":{"nombre":"Pedro Aguirre Cerda","jerarquia":2},"geometry":{"type":"LineString","coordinates":[[-73.21252,-39.78541],[-73.21281,-39.78499]]}},{"type":"Feature","properties":{"nombre":"Pedro Aguirre Cerda","jerarquia":2},"geometry":{"type":"LineString","coordinates":[[-73.21233,-39.78573],[-73.21252,-39.78541]]}},{"type":"Feature","properties":{"nombre":"Avenida Simpson","jerarquia":4},"geometry":{"type":"LineString","coordinates":[[-73.23474,-39.8298],[-73.23413,-39.8298]]}},{"type":"Feature","properties":{"nombre":"Avenida Simpson","jerarquia":4},"geometry":{"type":"LineString","coordinates":[[-73.2274,-39.83016],[-73.22731,-39.83017]]}},{"type":"Feature","properties":{"nombre":"Avenida Simpson","jerarquia":4},"geometry":{"type":"LineString","coordinates":[[-73.23031,-39.82974],[-73.2286,-39.82999]]}},{"type":"Feature","properties":{"nombre":"Avenida Simpson","jerarquia":4},"geometry":{"type":"LineString","coordinates":[[-73.2286,-39.82999],[-73.2274,-39.83016]]}},{"type":"Feature","properties":{"nombre":"Ángel Muñoz","jerarquia":5},"geometry":{"type":"LineString","coordinates":[[-73.22731,-39.83017],[-73.22729,-39.83003]]}},{"type":"Feature","properties":{"nombre":"Ángel Muñoz","jerarquia":5},"geometry":{"type":"LineString","coordinates":[[-73.22733,-39.83025],[-73.22731,-39.83017]]}},{"type":"Feature","properties":{"nombre":"Ángel Muñoz","jerarquia":5},"geometry":{"type":"LineString","coordinates":[[-73.22687,-39.83431],[-73.2271,-39.83405]]}},{"type":"Feature","properties":{"nombre":"Ángel Muñoz","jerarquia":5},"geometry":{"type":"LineString","coordinates":[[-73.2271,-39.83405],[-73.22813,-39.83292],[-73.22814,-39.83256]]}},{"type":"Feature","properties":{"nombre":"Ángel Muñoz","jerarquia":5},"geometry":{"type":"LineString","coordinates":[[-73.22814,-39.83256],[-73.22813,-39.83246]]}},{"type":"Feature","properties":{"nombre":"Ángel Muñoz","jerarquia":5},"geometry":{"type":"LineString","coordinates":[[-73.22813,-39.83246],[-73.22809,-39.83188],[-73.22757,-39.83085]]}},{"type":"Feature","properties":{"nombre":"Ángel Muñoz","jerarquia":5},"geometry":{"type":"LineString","coordinates":[[-73.22757,-39.83085],[-73.22733,-39.83025]]}},{"type":"Feature","properties":{"nombre":"Avenida Francia","jerarquia":4},"geometry":{"type":"LineString","coordinates":[[-73.24091,-39.83359],[-73.24096,-39.83352]]}},{"type":"Feature","properties":{"nombre":"Avenida Francia","jerarquia":4},"geometry":{"type":"LineString","coordinates":[[-73.24108,-39.83358],[-73.24101,-39.83367]]}},{"type":"Feature","properties":{"nombre":"Avenida Simpson","jerarquia":4},"geometry":{"type":"LineString","coordinates":[[-73.24101,-39.83367],[-73.24105,-39.83369]]}},{"type":"Feature","properties":{"nombre":"Avenida Simpson","jerarquia":4},"geometry":{"type":"LineString","coordinates":[[-73.24099,-39.83377],[-73.24094,-39.83373]]}},{"type":"Feature","properties":{"nombre":"Avenida Francia","jerarquia":4},"geometry":{"type":"LineString","coordinates":[[-73.24086,-39.8338],[-73.23911,-39.83549]]}},{"type":"Feature","properties":{"nombre":"Avenida Francia","jerarquia":4},"geometry":{"type":"LineString","coordinates":[[-73.24075,-39.83372],[-73.24082,-39.83367]]}},{"type":"Feature","properties":{"nombre":"Avenida Simpson","jerarquia":4},"geometry":{"type":"LineString","coordinates":[[-73.24082,-39.83367],[-73.24077,-39.83365]]}},{"type":"Feature","properties":{"nombre":"Avenida Simpson","jerarquia":4},"geometry":{"type":"LineString","coordinates":[[-73.24087,-39.83356],[-73.24091,-39.83359]]}},{"type":"Feature","properties":{"nombre":"Ruta T-360","jerarquia":5},"geometry":{"type":"LineString","coordinates":[[-73.29773,-39.75051],[-73.29863,-39.75087],[-73.29886,-39.7509],[-73.30015,-39.75058],[-73.30045,-39.75057],[-73.30072,-39.75068],[-73.30133,-39.75123],[-73.30134,-39.75145],[-73.30068,-39.75243],[-73.30049,-39.75313],[-73.30001,-39.75376],[-73.29998,-39.75394],[-73.30004,-39.75407],[-73.30016,-39.75417],[-73.30059,-39.75434],[-73.30125,-39.75447],[-73.30152,-39.75469],[-73.30159,-39.75493],[-73.30145,-39.75553],[-73.30147,-39.75573],[-73.30175,-39.75613],[-73.30236,-39.75678],[-73.3025,-39.75708],[-73.30264,-39.75759],[-73.30281,-39.75801],[-73.30338,-39.75872],[-73.30345,-39.75895],[-73.30347,-39.75992],[-73.30375,-39.76047]]}},{"type":"Feature","properties":{"nombre":"Ruta T-340","jerarquia":5},"geometry":{"type":"LineString","coordinates":[[-73.34992,-39.75119],[-73.35003,-39.75174],[-73.3502,-39.75197],[-73.35042,-39.75212],[-73.35119,-39.7525],[-73.35176,-39.75298],[-73.35201,-39.75312],[-73.35298,-39.75344],[-73.35392,-39.7536],[-73.35467,-39.75363],[-73.35503,-39.75357],[-73.35535,-39.75344]]}},{"type":"Feature","properties":{"nombre":"Ruta T-360","jerarquia":5},"geometry":{"type":"LineString","coordinates":[[-73.2662,-39.75622],[-73.26715,-39.75548],[-73.26801,-39.75496]]}},{"type":"Feature","properties":{"nombre":"Ruta T-360","jerarquia":5},"geometry":{"type":"LineString","coordinates":[[-73.26801,-39.75496],[-73.27028,-39.75395],[-73.27376,-39.75231],[-73.27637,-39.7515]]}},{"type":"Feature","properties":{"nombre":"Ruta T-360","jerarquia":5},"geometry":{"type":"LineString","coordinates":[[-73.27637,-39.7515],[-73.27785,-39.75118]]}},{"type":"Feature","properties":{"nombre":"Ruta T-360","jerarquia":5},"geometry":{"type":"LineString","coordinates":[[-73.27785,-39.75118],[-73.27981,-39.75093],[-73.28058,-39.75089],[-73.28085,-39.75082],[-73.28111,-39.75065],[-73.28241,-39.74941],[-73.28312,-39.7491],[-73.2848,-39.74816]]}},{"type":"Feature","properties":{"nombre":"Ruta T-340","jerarquia":5},"geometry":{"type":"LineString","coordinates":[[-73.27969,-39.82174],[-73.28095,-39.82007],[-73.28174,-39.81876]]}},{"type":"Feature","properties":{"nombre":"Ruta T-340","jerarquia":5},"geometry":{"type":"LineString","coordinates":[[-73.28174,-39.81876],[-73.2823,-39.81797],[-73.28293,-39.81723]]}},{"type":"Feature","properties":{"nombre":"Ruta T-340","jerarquia":5},"geometry":{"type":"LineString","coordinates":[[-73.28293,-39.81723],[-73.28409,-39.816],[-73.28481,-39.81543],[-73.28586,-39.81483],[-73.2868,-39.81448]]}},{"type":"Feature","properties":{"nombre":"Ruta T-350","jerarquia":5},"geometry":{"type":"LineString","coordinates":[[-73.3976,-39.80758],[-73.3976,-39.80735],[-73.39741,-39.80682],[-73.3976,-39.80604]]}},{"type":"Feature","properties":{"nombre":"Ruta T-350","jerarquia":5},"geometry":{"type":"LineString","coordinates":[[-73.3976,-39.80604],[-73.39774,-39.80555]]}},{"type":"Feature","properties":{"nombre":"Ruta T-350","jerarquia":5},"geometry":{"type":"LineString","coordinates":[[-73.39707,-39.80936],[-73.3976,-39.80758]]}},{"type":"Feature","properties":{"nombre":"Ruta T-350","jerarquia":5},"geometry":{"type":"LineString","coordinates":[[-73.39774,-39.80555],[-73.39791,-39.80533],[-73.39839,-39.8049],[-73.39848,-39.80473],[-73.39847,-39.80364],[-73.39836,-39.80315]]}},{"type":"Feature","properties":{"nombre":"Ruta T-356","jerarquia":5},"geometry":{"type":"LineString","coordinates":[[-73.3855,-39.77604],[-73.38554,-39.77615],[-73.38551,-39.77622],[-73.38491,-39.77674],[-73.3848,-39.77691],[-73.38475,-39.77714],[-73.38479,-39.77754],[-73.38493,-39.77781],[-73.38548,-39.77835],[-73.38575,-39.77886],[-73.38617,-39.77917],[-73.38615,-39.77933],[-73.38604,-39.77942],[-73.38561,-39.7796],[-73.38498,-39.77973],[-73.38462,-39.7797],[-73.38407,-39.77953],[-73.38328,-39.77955],[-73.38306,-39.77967],[-73.38298,-39.7799],[-73.38306,-39.78007],[-73.38332,-39.78021],[-73.38422,-39.78046],[-73.38448,-39.78061],[-73.38469,-39.7808],[-73.38483,-39.78103],[-73.38538,-39.78254],[-73.3857,-39.7831],[-73.38567,-39.78321],[-73.38556,-39.78326],[-73.38489,-39.78318],[-73.38474,-39.78328],[-73.38469,-39.78341],[-73.38509,-39.78415],[-73.38523,-39.78502],[-73.38532,-39.7853],[-73.38596,-39.78642],[-73.38595,-39.78658],[-73.38576,-39.78697],[-73.38569,-39.78724],[-73.38577,-39.78784],[-73.38601,-39.788],[-73.38649,-39.78803],[-73.38717,-39.78788]]}},{"type":"Feature","properties":{"nombre":"Ruta T-356","jerarquia":5},"geometry":{"type":"LineString","coordinates":[[-73.38717,-39.78788],[-73.3873,-39.78788]]}},{"type":"Feature","properties":{"nombre":"Ruta T-340","jerarquia":5},"geometry":{"type":"LineString","coordinates":[[-73.30515,-39.78114],[-73.30712,-39.78046],[-73.3079,-39.78033]]}},{"type":"Feature","properties":{"nombre":"Ruta T-340","jerarquia":5},"geometry":{"type":"LineString","coordinates":[[-73.3079,-39.78033],[-73.31049,-39.78035],[-73.31098,-39.78027],[-73.31145,-39.78008],[-73.3119,-39.77973],[-73.31243,-39.77917],[-73.31271,-39.77873],[-73.31321,-39.77775],[-73.31366,-39.77713]]}},{"type":"Feature","properties":{"nombre":"Ruta T-340","jerarquia":5},"geometry":{"type":"LineString","coordinates":[[-73.31366,-39.77713],[-73.3145,-39.77618],[-73.31501,-39.7759],[-73.3156,-39.77575],[-73.31618,-39.77574],[-73.31769,-39.77618],[-73.31977,-39.77642],[-73.32046,-39.77639],[-73.32163,-39.77618],[-73.32209,-39.77604],[-73.32274,-39.77566],[-73.32304,-39.77534],[-73.32319,-39.7751],[-73.32339,-39.77457],[-73.32354,-39.77379],[-73.32352,-39.77305]]}},{"type":"Feature","properties":{"nombre":"Ruta T-340","jerarquia":5},"geometry":{"type":"LineString","coordinates":[[-73.32352,-39.77305],[-73.32351,-39.77273],[-73.32358,-39.77247],[-73.32388,-39.7719],[-73.32431,-39.77131],[-73.32479,-39.77081],[-73.32563,-39.77028]]}},{"type":"Feature","properties":{"nombre":"Ruta T-340","jerarquia":5},"geometry":{"type":"LineString","coordinates":[[-73.32563,-39.77028],[-73.32749,-39.76949]]}},{"type":"Feature","properties":{"nombre":"Ruta T-340","jerarquia":5},"geometry":{"type":"LineString","coordinates":[[-73.32749,-39.76949],[-73.32799,-39.76936],[-73.32889,-39.76943],[-73.3296,-39.7694],[-73.33123,-39.76906],[-73.33156,-39.76894],[-73.33195,-39.76868],[-73.3324,-39.76823],[-73.33297,-39.76787],[-73.33362,-39.76705],[-73.33506,-39.76602],[-73.33524,-39.76579],[-73.33534,-39.76554]]}},{"type":"Feature","properties":{"nombre":"Ruta T-340","jerarquia":5},"geometry":{"type":"LineString","coordinates":[[-73.33534,-39.76554],[-73.33533,-39.76518],[-73.33488,-39.76422],[-73.3344,-39.76235],[-73.33377,-39.76017],[-73.33369,-39.75985],[-73.33367,-39.75935],[-73.33374,-39.75886],[-73.33392,-39.75838],[-73.33483,-39.75691],[-73.33515,-39.75617],[-73.33536,-39.75557],[-73.33552,-39.75529],[-73.33592,-39.7549],[-73.33647,-39.7547],[-73.33669,-39.75457],[-73.33748,-39.75396],[-73.33854,-39.75358],[-73.33884,-39.75337],[-73.33908,-39.75302],[-73.33929,-39.7521],[-73.33969,-39.7512],[-73.34003,-39.75076],[-73.34042,-39.75048],[-73.34109,-39.75019],[-73.34216,-39.74983],[-73.34254,-39.74974],[-73.34377,-39.7496],[-73.34492,-39.74918],[-73.34652,-39.74874],[-73.34697,-39.74869],[-73.34744,-39.74878]]}},{"type":"Feature","properties":{"nombre":"Ruta T-340","jerarquia":5},"geometry":{"type":"LineString","coordinates":[[-73.34744,-39.74878],[-73.34775,-39.74898],[-73.34968,-39.75071],[-73.34983,-39.75091],[-73.34992,-39.75119]]}},{"type":"Feature","properties":{"nombre":"Ruta T-350","jerarquia":5},"geometry":{"type":"LineString","coordinates":[[-73.39088,-39.77575],[-73.3917,-39.77501],[-73.39174,-39.77493],[-73.39173,-39.7748],[-73.39151,-39.77453],[-73.39128,-39.77404],[-73.39125,-39.77368]]}},{"type":"Feature","properties":{"nombre":"Ruta T-350","jerarquia":5},"geometry":{"type":"LineString","coordinates":[[-73.39125,-39.77368],[-73.39138,-39.77327],[-73.39137,-39.77301],[-73.39114,-39.77252],[-73.39101,-39.77193],[-73.39063,-39.77119],[-73.39063,-39.77099],[-73.39074,-39.77053],[-73.39058,-39.76989],[-73.39054,-39.76861]]}},{"type":"Feature","properties":{"nombre":"Ruta T-350","jerarquia":5},"geometry":{"type":"LineString","coordinates":[[-73.39054,-39.76861],[-73.39062,-39.76806],[-73.391,-39.76731],[-73.39122,-39.76643],[-73.39122,-39.76623],[-73.39109,-39.76599],[-73.3903,-39.76525],[-73.38998,-39.765],[-73.38936,-39.76474],[-73.38921,-39.7646],[-73.38902,-39.76424],[-73.38852,-39.76391],[-73.38833,-39.7637],[-73.38823,-39.76346],[-73.38822,-39.76322],[-73.38854,-39.76169]]}},{"type":"Feature","properties":{"nombre":"Ruta T-350","jerarquia":5},"geometry":{"type":"LineString","coordinates":[[-73.38854,-39.76169],[-73.38847,-39.76004]]}},{"type":"Feature","properties":{"nombre":"Ruta T-350","jerarquia":5},"geometry":{"type":"LineString","coordinates":[[-73.38847,-39.76004],[-73.3885,-39.75985]]}},{"type":"Feature","properties":{"nombre":"Ruta T-350","jerarquia":5},"geometry":{"type":"LineString","coordinates":[[-73.3885,-39.75985],[-73.38864,-39.75934],[-73.38887,-39.75705]]}},{"type":"Feature","properties":{"nombre":"Ruta T-350","jerarquia":5},"geometry":{"type":"LineString","coordinates":[[-73.38887,-39.75705],[-73.38892,-39.75656]]}},{"type":"Feature","properties":{"nombre":"Ruta T-350","jerarquia":5},"geometry":{"type":"LineString","coordinates":[[-73.38892,-39.75656],[-73.38898,-39.75597],[-73.38892,-39.75567],[-73.38873,-39.75541],[-73.3883,-39.75509],[-73.38822,-39.75487],[-73.3884,-39.75418],[-73.38878,-39.75376]]}},{"type":"Feature","properties":{"nombre":"Camino Costero","jerarquia":4},"geometry":{"type":"LineString","coordinates":[[-73.39081,-39.85181],[-73.3907,-39.85143]]}},{"type":"Feature","properties":{"nombre":"Camino Costero","jerarquia":4},"geometry":{"type":"LineString","coordinates":[[-73.3907,-39.85143],[-73.39065,-39.8513]]}},{"type":"Feature","properties":{"nombre":"Camino Costero","jerarquia":4},"geometry":{"type":"LineString","coordinates":[[-73.39065,-39.8513],[-73.39052,-39.8509],[-73.39054,-39.85041]]}},{"type":"Feature","properties":{"nombre":"Camino Costero","jerarquia":4},"geometry":{"type":"LineString","coordinates":[[-73.39954,-39.84606],[-73.3993,-39.84611],[-73.39899,-39.84608],[-73.39875,-39.84595],[-73.39833,-39.84554],[-73.3976,-39.84547],[-73.39691,-39.84519]]}},{"type":"Feature","properties":{"nombre":"Avenida Conde de Castellar","jerarquia":3},"geometry":{"type":"LineString","coordinates":[[-73.39265,-39.86431],[-73.39261,-39.86404]]}},{"type":"Feature","properties":{"nombre":"Avenida Conde de Castellar","jerarquia":3},"geometry":{"type":"LineString","coordinates":[[-73.39261,-39.86404],[-73.39242,-39.86264]]}},{"type":"Feature","properties":{"nombre":"Camino Costero","jerarquia":4},"geometry":{"type":"LineString","coordinates":[[-73.39114,-39.85448],[-73.39093,-39.85341],[-73.39092,-39.85254],[-73.39081,-39.85181]]}},{"type":"Feature","properties":{"nombre":"Camino Costero","jerarquia":4},"geometry":{"type":"LineString","coordinates":[[-73.39115,-39.85468],[-73.39114,-39.85448]]}},{"type":"Feature","properties":{"nombre":"Camino a Curiñanco","jerarquia":5},"geometry":{"type":"LineString","coordinates":[[-73.27753,-39.8246],[-73.27897,-39.82267]]}},{"type":"Feature","properties":{"nombre":"Camino a Curiñanco","jerarquia":5},"geometry":{"type":"LineString","coordinates":[[-73.27897,-39.82267],[-73.27969,-39.82174]]}},{"type":"Feature","properties":{"nombre":"Camino a Curiñanco","jerarquia":5},"geometry":{"type":"LineString","coordinates":[[-73.27709,-39.82519],[-73.27746,-39.82469]]}},{"type":"Feature","properties":{"nombre":"Camino a Curiñanco","jerarquia":5},"geometry":{"type":"LineString","coordinates":[[-73.27746,-39.82469],[-73.27753,-39.8246]]}},{"type":"Feature","properties":{"nombre":"Ruta T-344","jerarquia":4},"geometry":{"type":"LineString","coordinates":[[-73.24148,-39.77912],[-73.24152,-39.7793]]}},{"type":"Feature","properties":{"nombre":"Ruta T-344","jerarquia":4},"geometry":{"type":"LineString","coordinates":[[-73.23854,-39.77602],[-73.2391,-39.77665]]}},{"type":"Feature","properties":{"nombre":"Ruta T-344","jerarquia":4},"geometry":{"type":"LineString","coordinates":[[-73.2391,-39.77665],[-73.23914,-39.77669]]}},{"type":"Feature","properties":{"nombre":"Ruta T-344","jerarquia":4},"geometry":{"type":"LineString","coordinates":[[-73.23914,-39.77669],[-73.2393,-39.77687]]}},{"type":"Feature","properties":{"nombre":"Ruta T-344","jerarquia":4},"geometry":{"type":"LineString","coordinates":[[-73.2393,-39.77687],[-73.23981,-39.77743]]}},{"type":"Feature","properties":{"nombre":"Ruta T-344","jerarquia":4},"geometry":{"type":"LineString","coordinates":[[-73.23649,-39.77374],[-73.23854,-39.77602]]}},{"type":"Feature","properties":{"nombre":"Camino Las Gaviotas","jerarquia":5},"geometry":{"type":"LineString","coordinates":[[-73.19173,-39.85794],[-73.19125,-39.85974]]}},{"type":"Feature","properties":{"nombre":"Camino Las Gaviotas","jerarquia":5},"geometry":{"type":"LineString","coordinates":[[-73.19125,-39.85974],[-73.19075,-39.86134]]}},{"type":"Feature","properties":{"nombre":"Camino Las Gaviotas","jerarquia":5},"geometry":{"type":"LineString","coordinates":[[-73.19075,-39.86134],[-73.19057,-39.86195]]}},{"type":"Feature","properties":{"nombre":"Camino Las Gaviotas","jerarquia":5},"geometry":{"type":"LineString","coordinates":[[-73.19057,-39.86195],[-73.19056,-39.862]]}},{"type":"Feature","properties":{"nombre":"Camino Las Gaviotas","jerarquia":5},"geometry":{"type":"LineString","coordinates":[[-73.19056,-39.862],[-73.19045,-39.86256]]}},{"type":"Feature","properties":{"nombre":"Camino Las Gaviotas","jerarquia":5},"geometry":{"type":"LineString","coordinates":[[-73.19045,-39.86256],[-73.19041,-39.86272]]}},{"type":"Feature","properties":{"nombre":"Camino Las Gaviotas","jerarquia":5},"geometry":{"type":"LineString","coordinates":[[-73.19041,-39.86272],[-73.1902,-39.86327]]}},{"type":"Feature","properties":{"nombre":"Camino Las Gaviotas","jerarquia":5},"geometry":{"type":"LineString","coordinates":[[-73.1902,-39.86327],[-73.18996,-39.86412]]}},{"type":"Feature","properties":{"nombre":"","jerarquia":2},"geometry":{"type":"LineString","coordinates":[[-73.21393,-39.79685],[-73.21406,-39.7969]]}},{"type":"Feature","properties":{"nombre":"","jerarquia":2},"geometry":{"type":"LineString","coordinates":[[-73.21415,-39.79698],[-73.21409,-39.79702]]}},{"type":"Feature","properties":{"nombre":"","jerarquia":2},"geometry":{"type":"LineString","coordinates":[[-73.21409,-39.79702],[-73.21402,-39.79709]]}},{"type":"Feature","properties":{"nombre":"Camino Costero","jerarquia":4},"geometry":{"type":"LineString","coordinates":[[-73.3996,-39.84604],[-73.39954,-39.84606]]}},{"type":"Feature","properties":{"nombre":"Camino Costero","jerarquia":4},"geometry":{"type":"LineString","coordinates":[[-73.40366,-39.8426],[-73.40339,-39.84329],[-73.40302,-39.84389],[-73.40274,-39.84427],[-73.40235,-39.84465],[-73.40182,-39.84501],[-73.40041,-39.8457],[-73.3996,-39.84604]]}},{"type":"Feature","properties":{"nombre":"Avenida Ramón Picarte","jerarquia":2},"geometry":{"type":"LineString","coordinates":[[-73.22119,-39.82882],[-73.22209,-39.8281]]}},{"type":"Feature","properties":{"nombre":"Pedro Aguirre Cerda","jerarquia":2},"geometry":{"type":"LineString","coordinates":[[-73.21667,-39.80857],[-73.21645,-39.80832]]}},{"type":"Feature","properties":{"nombre":"Pedro Aguirre Cerda","jerarquia":2},"geometry":{"type":"LineString","coordinates":[[-73.21902,-39.81097],[-73.21864,-39.81063]]}},{"type":"Feature","properties":{"nombre":"Pedro Aguirre Cerda","jerarquia":2},"geometry":{"type":"LineString","coordinates":[[-73.21953,-39.81143],[-73.21902,-39.81097]]}},{"type":"Feature","properties":{"nombre":"Pedro Aguirre Cerda","jerarquia":2},"geometry":{"type":"LineString","coordinates":[[-73.22124,-39.81285],[-73.22104,-39.81271]]}},{"type":"Feature","properties":{"nombre":"Pedro Aguirre Cerda","jerarquia":2},"geometry":{"type":"LineString","coordinates":[[-73.22167,-39.81316],[-73.22124,-39.81285]]}},{"type":"Feature","properties":{"nombre":"Pedro Aguirre Cerda","jerarquia":2},"geometry":{"type":"LineString","coordinates":[[-73.21988,-39.81163],[-73.22017,-39.81189]]}},{"type":"Feature","properties":{"nombre":"Pedro Aguirre Cerda","jerarquia":2},"geometry":{"type":"LineString","coordinates":[[-73.21972,-39.81149],[-73.21988,-39.81163]]}},{"type":"Feature","properties":{"nombre":"","jerarquia":2},"geometry":{"type":"LineString","coordinates":[[-73.21601,-39.80763],[-73.21583,-39.80761]]}},{"type":"Feature","properties":{"nombre":"Pedro Aguirre Cerda","jerarquia":2},"geometry":{"type":"LineString","coordinates":[[-73.21564,-39.80723],[-73.2157,-39.8073]]}},{"type":"Feature","properties":{"nombre":"Pedro Aguirre Cerda","jerarquia":2},"geometry":{"type":"LineString","coordinates":[[-73.2155,-39.80725],[-73.21524,-39.80698]]}},{"type":"Feature","properties":{"nombre":"","jerarquia":2},"geometry":{"type":"LineString","coordinates":[[-73.21158,-39.79037],[-73.21154,-39.79022]]}},{"type":"Feature","properties":{"nombre":"Pedro Aguirre Cerda","jerarquia":2},"geometry":{"type":"LineString","coordinates":[[-73.21174,-39.79087],[-73.21158,-39.79037]]}},{"type":"Feature","properties":{"nombre":"Pedro Aguirre Cerda","jerarquia":2},"geometry":{"type":"LineString","coordinates":[[-73.21158,-39.78949],[-73.21162,-39.78982]]}},{"type":"Feature","properties":{"nombre":"Avenida Ramón Picarte","jerarquia":2},"geometry":{"type":"LineString","coordinates":[[-73.22997,-39.82023],[-73.22987,-39.82057]]}},{"type":"Feature","properties":{"nombre":"Puente Pedro de Valdivia","jerarquia":3},"geometry":{"type":"LineString","coordinates":[[-73.24747,-39.81179],[-73.24703,-39.81188]]}},{"type":"Feature","properties":{"nombre":"Avenida Circunvalación Oriente","jerarquia":4},"geometry":{"type":"LineString","coordinates":[[-73.20135,-39.83064],[-73.2015,-39.83098]]}},{"type":"Feature","properties":{"nombre":"Avenida Circunvalación Oriente","jerarquia":4},"geometry":{"type":"LineString","coordinates":[[-73.20153,-39.83128],[-73.20134,-39.83084],[-73.20125,-39.83043]]}},{"type":"Feature","properties":{"nombre":"Avenida Pedro Castelblanco","jerarquia":4},"geometry":{"type":"LineString","coordinates":[[-73.19892,-39.83849],[-73.19892,-39.83793],[-73.19903,-39.83752]]}},{"type":"Feature","properties":{"nombre":"Donald Canter","jerarquia":4},"geometry":{"type":"LineString","coordinates":[[-73.19935,-39.83711],[-73.19903,-39.83752]]}},{"type":"Feature","properties":{"nombre":"Avenida Pedro Castelblanco","jerarquia":4},"geometry":{"type":"LineString","coordinates":[[-73.20121,-39.84366],[-73.20038,-39.84305]]}},{"type":"Feature","properties":{"nombre":"Avenida Pedro Castelblanco","jerarquia":4},"geometry":{"type":"LineString","coordinates":[[-73.20038,-39.84305],[-73.20133,-39.84363]]}},{"type":"Feature","properties":{"nombre":"Avenida Pedro Castelblanco","jerarquia":4},"geometry":{"type":"LineString","coordinates":[[-73.20218,-39.84435],[-73.20194,-39.84416]]}},{"type":"Feature","properties":{"nombre":"Avenida Pedro Castelblanco","jerarquia":4},"geometry":{"type":"LineString","coordinates":[[-73.20194,-39.84416],[-73.20121,-39.84366]]}},{"type":"Feature","properties":{"nombre":"Avenida Pedro Castelblanco","jerarquia":4},"geometry":{"type":"LineString","coordinates":[[-73.20133,-39.84363],[-73.20191,-39.84402]]}},{"type":"Feature","properties":{"nombre":"Donald Canter","jerarquia":5},"geometry":{"type":"LineString","coordinates":[[-73.20215,-39.83114],[-73.20207,-39.83164]]}},{"type":"Feature","properties":{"nombre":"","jerarquia":4},"geometry":{"type":"LineString","coordinates":[[-73.20153,-39.83128],[-73.20158,-39.83119]]}},{"type":"Feature","properties":{"nombre":"Avenida Circunvalación Oriente","jerarquia":4},"geometry":{"type":"LineString","coordinates":[[-73.20171,-39.83171],[-73.20153,-39.83128]]}},{"type":"Feature","properties":{"nombre":"Avenida Circunvalación Oriente","jerarquia":4},"geometry":{"type":"LineString","coordinates":[[-73.2015,-39.83098],[-73.20158,-39.83119]]}},{"type":"Feature","properties":{"nombre":"Avenida Circunvalación Oriente","jerarquia":4},"geometry":{"type":"LineString","coordinates":[[-73.20125,-39.83043],[-73.20135,-39.83064]]}},{"type":"Feature","properties":{"nombre":"Avenida Circunvalación Sur","jerarquia":4},"geometry":{"type":"LineString","coordinates":[[-73.24629,-39.84188],[-73.24642,-39.84185]]}},{"type":"Feature","properties":{"nombre":"Avenida Circunvalación Sur","jerarquia":4},"geometry":{"type":"LineString","coordinates":[[-73.2465,-39.842],[-73.24636,-39.84203]]}},{"type":"Feature","properties":{"nombre":"Oscar Cristi Gallo","jerarquia":5},"geometry":{"type":"LineString","coordinates":[[-73.22797,-39.84287],[-73.22844,-39.84296]]}},{"type":"Feature","properties":{"nombre":"Oscar Cristi Gallo","jerarquia":5},"geometry":{"type":"LineString","coordinates":[[-73.22844,-39.84296],[-73.2289,-39.84305]]}},{"type":"Feature","properties":{"nombre":"Avenida René Schneider","jerarquia":4},"geometry":{"type":"LineString","coordinates":[[-73.22199,-39.85032],[-73.22219,-39.85051]]}},{"type":"Feature","properties":{"nombre":"Avenida René Schneider","jerarquia":4},"geometry":{"type":"LineString","coordinates":[[-73.22219,-39.85051],[-73.22263,-39.85092]]}},{"type":"Feature","properties":{"nombre":"Avenida René Schneider","jerarquia":4},"geometry":{"type":"LineString","coordinates":[[-73.22263,-39.85092],[-73.22268,-39.85096]]}},{"type":"Feature","properties":{"nombre":"Avenida René Schneider","jerarquia":4},"geometry":{"type":"LineString","coordinates":[[-73.22268,-39.85096],[-73.22301,-39.85126]]}},{"type":"Feature","properties":{"nombre":"","jerarquia":3},"geometry":{"type":"LineString","coordinates":[[-73.275,-39.83655],[-73.27468,-39.8366]]}},{"type":"Feature","properties":{"nombre":"","jerarquia":3},"geometry":{"type":"LineString","coordinates":[[-73.27454,-39.83656],[-73.27448,-39.83642],[-73.27436,-39.83632]]}},{"type":"Feature","properties":{"nombre":"Avenida Alemania","jerarquia":3},"geometry":{"type":"LineString","coordinates":[[-73.23671,-39.81573],[-73.2367,-39.81596]]}},{"type":"Feature","properties":{"nombre":"Coronel Santiago Bueras","jerarquia":4},"geometry":{"type":"LineString","coordinates":[[-73.2495,-39.82778],[-73.25042,-39.82758]]}},{"type":"Feature","properties":{"nombre":"Coronel Santiago Bueras","jerarquia":4},"geometry":{"type":"LineString","coordinates":[[-73.25042,-39.82758],[-73.25058,-39.82749]]}},{"type":"Feature","properties":{"nombre":"Carlos Krahmer Richter","jerarquia":5},"geometry":{"type":"LineString","coordinates":[[-73.22823,-39.83642],[-73.2287,-39.83613]]}},{"type":"Feature","properties":{"nombre":"Carlos Krahmer Richter","jerarquia":5},"geometry":{"type":"LineString","coordinates":[[-73.2287,-39.83613],[-73.22914,-39.83586]]}},{"type":"Feature","properties":{"nombre":"Carlos Krahmer Richter","jerarquia":5},"geometry":{"type":"LineString","coordinates":[[-73.22914,-39.83586],[-73.22982,-39.83548]]}},{"type":"Feature","properties":{"nombre":"Avenida Pedro Montt","jerarquia":2},"geometry":{"type":"LineString","coordinates":[[-73.23034,-39.81944],[-73.2303,-39.8194]]}},{"type":"Feature","properties":{"nombre":"Avenida Pedro Montt","jerarquia":2},"geometry":{"type":"LineString","coordinates":[[-73.23019,-39.81917],[-73.23024,-39.81921]]}},{"type":"Feature","properties":{"nombre":"Avenida Pedro Montt","jerarquia":3},"geometry":{"type":"LineString","coordinates":[[-73.23051,-39.81945],[-73.23059,-39.81951]]}},{"type":"Feature","properties":{"nombre":"Avenida Pedro Montt","jerarquia":3},"geometry":{"type":"LineString","coordinates":[[-73.2305,-39.81957],[-73.23042,-39.81951]]}},{"type":"Feature","properties":{"nombre":"General Baquedano","jerarquia":5},"geometry":{"type":"LineString","coordinates":[[-73.24011,-39.82244],[-73.24315,-39.82273]]}},{"type":"Feature","properties":{"nombre":"General Baquedano","jerarquia":5},"geometry":{"type":"LineString","coordinates":[[-73.24315,-39.82273],[-73.24415,-39.82283]]}},{"type":"Feature","properties":{"nombre":"General Baquedano","jerarquia":5},"geometry":{"type":"LineString","coordinates":[[-73.24415,-39.82283],[-73.2447,-39.82288]]}},{"type":"Feature","properties":{"nombre":"General Baquedano","jerarquia":5},"geometry":{"type":"LineString","coordinates":[[-73.2447,-39.82288],[-73.24533,-39.82294]]}},{"type":"Feature","properties":{"nombre":"General Baquedano","jerarquia":5},"geometry":{"type":"LineString","coordinates":[[-73.23521,-39.8235],[-73.23533,-39.82347]]}},{"type":"Feature","properties":{"nombre":"General Baquedano","jerarquia":5},"geometry":{"type":"LineString","coordinates":[[-73.24794,-39.82279],[-73.24984,-39.8226]]}},{"type":"Feature","properties":{"nombre":"General Baquedano","jerarquia":5},"geometry":{"type":"LineString","coordinates":[[-73.24984,-39.8226],[-73.24988,-39.8226]]}},{"type":"Feature","properties":{"nombre":"Vicente Pérez Rosales","jerarquia":4},"geometry":{"type":"LineString","coordinates":[[-73.24764,-39.81903],[-73.24728,-39.81783]]}},{"type":"Feature","properties":{"nombre":"San Martín","jerarquia":5},"geometry":{"type":"LineString","coordinates":[[-73.22945,-39.83798],[-73.22945,-39.83795]]}},{"type":"Feature","properties":{"nombre":"Avenida Francia","jerarquia":3},"geometry":{"type":"LineString","coordinates":[[-73.22955,-39.83798],[-73.2302,-39.83794]]}},{"type":"Feature","properties":{"nombre":"Avenida Francia","jerarquia":3},"geometry":{"type":"LineString","coordinates":[[-73.22957,-39.83808],[-73.22946,-39.83808]]}},{"type":"Feature","properties":{"nombre":"General A. Montecino Caro","jerarquia":5},"geometry":{"type":"LineString","coordinates":[[-73.22947,-39.83814],[-73.22946,-39.83808]]}},{"type":"Feature","properties":{"nombre":"Avenida Francia","jerarquia":3},"geometry":{"type":"LineString","coordinates":[[-73.22938,-39.83808],[-73.22897,-39.83808]]}},{"type":"Feature","properties":{"nombre":"Avenida Francia","jerarquia":3},"geometry":{"type":"LineString","coordinates":[[-73.22938,-39.83799],[-73.22945,-39.83798]]}},{"type":"Feature","properties":{"nombre":"Los Lingues","jerarquia":4},"geometry":{"type":"LineString","coordinates":[[-73.25654,-39.80865],[-73.25627,-39.80841]]}},{"type":"Feature","properties":{"nombre":"Los Lingues","jerarquia":4},"geometry":{"type":"LineString","coordinates":[[-73.25603,-39.80785],[-73.25637,-39.80824]]}},{"type":"Feature","properties":{"nombre":"Los Lingues","jerarquia":4},"geometry":{"type":"LineString","coordinates":[[-73.25588,-39.8077],[-73.25576,-39.80744]]}},{"type":"Feature","properties":{"nombre":"Ruta T-360","jerarquia":5},"geometry":{"type":"LineString","coordinates":[[-73.2634,-39.75668],[-73.26589,-39.75635]]}},{"type":"Feature","properties":{"nombre":"Ruta T-360","jerarquia":5},"geometry":{"type":"LineString","coordinates":[[-73.26589,-39.75635],[-73.2662,-39.75622]]}},{"type":"Feature","properties":{"nombre":"Ruta T-350","jerarquia":3},"geometry":{"type":"LineString","coordinates":[[-73.38367,-39.87179],[-73.38379,-39.87206]]}},{"type":"Feature","properties":{"nombre":"Ruta 204","jerarquia":3},"geometry":{"type":"LineString","coordinates":[[-73.20652,-39.81972],[-73.20666,-39.81995]]}},{"type":"Feature","properties":{"nombre":"Ruta 204","jerarquia":3},"geometry":{"type":"LineString","coordinates":[[-73.2059,-39.81873],[-73.20608,-39.81894],[-73.20652,-39.81972]]}},{"type":"Feature","properties":{"nombre":"Ruta 204","jerarquia":3},"geometry":{"type":"LineString","coordinates":[[-73.20539,-39.81793],[-73.20578,-39.81852]]}},{"type":"Feature","properties":{"nombre":"Ruta 204","jerarquia":3},"geometry":{"type":"LineString","coordinates":[[-73.20578,-39.81852],[-73.2059,-39.81873]]}},{"type":"Feature","properties":{"nombre":"Avenida Los Robles","jerarquia":3},"geometry":{"type":"LineString","coordinates":[[-73.25247,-39.81091],[-73.25242,-39.81092]]}},{"type":"Feature","properties":{"nombre":"Avenida Los Robles","jerarquia":3},"geometry":{"type":"LineString","coordinates":[[-73.25242,-39.81092],[-73.25236,-39.81093]]}},{"type":"Feature","properties":{"nombre":"Circunvalación Nueva Región","jerarquia":5},"geometry":{"type":"LineString","coordinates":[[-73.24639,-39.85376],[-73.24646,-39.8536]]}},{"type":"Feature","properties":{"nombre":"Los Lingues","jerarquia":4},"geometry":{"type":"LineString","coordinates":[[-73.25734,-39.80929],[-73.2575,-39.80961]]}}]}